pipeline,competitor,page_id,ad_id,scrape_date,page_rank,row_rank,present,page_rank_delta,days_since_prev_obs
facebook,duolingo,141935472517297,870791105586044,2026-05-26,1,1,true,,
facebook,duolingo,141935472517297,870791105586044,2026-06-04,1,1,true,0,9
facebook,duolingo,141935472517297,870791105586044,2026-06-07,1,1,true,0,3
facebook,duolingo,141935472517297,870791105586044,2026-06-11,1,1,true,0,4
facebook,duolingo,141935472517297,870791105586044,2026-06-12,1,1,true,0,1
facebook,duolingo,141935472517297,870791105586044,2026-06-13,1,1,true,0,1
facebook,duolingo,141935472517297,870791105586044,2026-06-14,1,1,true,0,1
facebook,duolingo,141935472517297,870791105586044,2026-06-15,1,1,true,0,1
facebook,duolingo,141935472517297,870791105586044,2026-06-16,1,1,true,0,1
facebook,duolingo,141935472517297,870791105586044,2026-06-17,1,1,true,0,1
facebook,duolingo,141935472517297,870791105586044,2026-06-22,1,1,true,0,5
facebook,duolingo,141935472517297,870791105586044,2026-06-23,1,1,true,0,1
facebook,duolingo,141935472517297,870791105586044,2026-06-24,1,1,true,0,1
facebook,duolingo,141935472517297,870791105586044,2026-06-25,1,1,true,0,1
facebook,duolingo,141935472517297,870791105586044,2026-06-26,1,1,true,0,1
facebook,duolingo,141935472517297,870791105586044,2026-06-28,1,1,true,0,2
facebook,duolingo,141935472517297,870791105586044,2026-06-29,1,1,true,0,1
facebook,duolingo,141935472517297,870791105586044,2026-06-30,1,1,true,0,1
facebook,duolingo,141935472517297,870791105586044,2026-07-01,1,1,true,0,1
facebook,duolingo,141935472517297,870791105586044,2026-07-02,1,1,true,0,1
facebook,duolingo,141935472517297,870791105586044,2026-07-03,1,1,true,0,1
facebook,duolingo,141935472517297,870791105586044,2026-07-04,1,1,true,0,1
facebook,duolingo,141935472517297,870791105586044,2026-07-05,1,1,true,0,1
facebook,duolingo,141935472517297,870791105586044,2026-07-06,1,1,true,0,1
facebook,duolingo,141935472517297,870791105586044,2026-07-07,1,1,true,0,1
facebook,duolingo,141935472517297,870791105586044,2026-07-08,1,1,true,0,1
facebook,duolingo,141935472517297,870791105586044,2026-07-09,1,1,true,0,1
facebook,duolingo,141935472517297,870791105586044,2026-07-10,1,1,true,0,1
facebook,duolingo,141935472517297,870791105586044,2026-07-11,1,1,true,0,1
facebook,duolingo,141935472517297,870791105586044,2026-07-12,1,1,true,0,1
facebook,duolingo,141935472517297,870791105586044,2026-07-13,1,1,true,0,1
facebook,duolingo,141935472517297,870791105586044,2026-07-14,1,1,true,0,1
facebook,duolingo,141935472517297,1681513992840751,2026-05-26,2,2,true,,
facebook,duolingo,141935472517297,1681513992840751,2026-06-04,2,2,true,0,9
facebook,duolingo,141935472517297,1681513992840751,2026-06-07,2,2,true,0,3
facebook,duolingo,141935472517297,1681513992840751,2026-06-11,2,2,true,0,4
facebook,duolingo,141935472517297,1681513992840751,2026-06-12,2,2,true,0,1
facebook,duolingo,141935472517297,1681513992840751,2026-06-13,2,2,true,0,1
facebook,duolingo,141935472517297,1681513992840751,2026-06-14,2,2,true,0,1
facebook,duolingo,141935472517297,1681513992840751,2026-06-15,2,2,true,0,1
facebook,duolingo,141935472517297,1681513992840751,2026-06-16,2,2,true,0,1
facebook,duolingo,141935472517297,1681513992840751,2026-06-17,2,2,true,0,1
facebook,duolingo,141935472517297,1681513992840751,2026-06-22,2,2,true,0,5
facebook,duolingo,141935472517297,1681513992840751,2026-06-23,2,2,true,0,1
facebook,duolingo,141935472517297,1681513992840751,2026-06-24,2,2,true,0,1
facebook,duolingo,141935472517297,1681513992840751,2026-06-25,2,2,true,0,1
facebook,duolingo,141935472517297,1681513992840751,2026-06-26,2,2,true,0,1
facebook,duolingo,141935472517297,1681513992840751,2026-06-28,2,2,true,0,2
facebook,duolingo,141935472517297,1681513992840751,2026-06-29,2,2,true,0,1
facebook,duolingo,141935472517297,1681513992840751,2026-06-30,2,2,true,0,1
facebook,duolingo,141935472517297,1681513992840751,2026-07-01,2,2,true,0,1
facebook,duolingo,141935472517297,855822700785894,2026-05-26,3,3,true,,
facebook,duolingo,141935472517297,855822700785894,2026-06-04,3,3,true,0,9
facebook,duolingo,141935472517297,855822700785894,2026-06-07,3,3,true,0,3
facebook,duolingo,141935472517297,855822700785894,2026-06-11,3,3,true,0,4
facebook,duolingo,141935472517297,855822700785894,2026-06-12,3,3,true,0,1
facebook,duolingo,141935472517297,855822700785894,2026-06-13,3,3,true,0,1
facebook,duolingo,141935472517297,855822700785894,2026-06-14,3,3,true,0,1
facebook,duolingo,141935472517297,855822700785894,2026-06-15,3,3,true,0,1
facebook,duolingo,141935472517297,855822700785894,2026-06-16,3,3,true,0,1
facebook,duolingo,141935472517297,855822700785894,2026-06-17,3,3,true,0,1
facebook,duolingo,141935472517297,855822700785894,2026-06-22,4,4,true,-1,5
facebook,duolingo,141935472517297,855822700785894,2026-06-23,4,4,true,0,1
facebook,duolingo,141935472517297,855822700785894,2026-06-24,4,4,true,0,1
facebook,duolingo,141935472517297,855822700785894,2026-06-25,4,4,true,0,1
facebook,duolingo,141935472517297,855822700785894,2026-06-26,4,4,true,0,1
facebook,duolingo,141935472517297,855822700785894,2026-06-28,4,4,true,0,2
facebook,duolingo,141935472517297,855822700785894,2026-06-29,4,4,true,0,1
facebook,duolingo,141935472517297,855822700785894,2026-06-30,4,4,true,0,1
facebook,duolingo,141935472517297,855822700785894,2026-07-01,4,4,true,0,1
facebook,duolingo,141935472517297,855822700785894,2026-07-02,2,2,true,2,1
facebook,duolingo,141935472517297,855822700785894,2026-07-03,2,2,true,0,1
facebook,duolingo,141935472517297,855822700785894,2026-07-04,2,2,true,0,1
facebook,duolingo,141935472517297,855822700785894,2026-07-05,2,2,true,0,1
facebook,duolingo,141935472517297,855822700785894,2026-07-06,2,2,true,0,1
facebook,duolingo,141935472517297,855822700785894,2026-07-07,2,2,true,0,1
facebook,duolingo,141935472517297,855822700785894,2026-07-08,2,2,true,0,1
facebook,duolingo,141935472517297,855822700785894,2026-07-09,2,2,true,0,1
facebook,duolingo,141935472517297,855822700785894,2026-07-10,2,2,true,0,1
facebook,duolingo,141935472517297,855822700785894,2026-07-11,2,2,true,0,1
facebook,duolingo,141935472517297,855822700785894,2026-07-12,2,2,true,0,1
facebook,duolingo,141935472517297,855822700785894,2026-07-13,2,2,true,0,1
facebook,duolingo,141935472517297,855822700785894,2026-07-14,4,4,true,-2,1
facebook,duolingo,141935472517297,873410355318564,2026-05-26,4,4,true,,
facebook,duolingo,141935472517297,873410355318564,2026-06-04,4,4,true,0,9
facebook,duolingo,141935472517297,873410355318564,2026-06-07,6,6,true,-2,3
facebook,duolingo,141935472517297,873410355318564,2026-06-11,6,6,true,0,4
facebook,duolingo,141935472517297,873410355318564,2026-06-12,6,6,true,0,1
facebook,duolingo,141935472517297,873410355318564,2026-06-13,6,6,true,0,1
facebook,duolingo,141935472517297,873410355318564,2026-06-14,6,6,true,0,1
facebook,duolingo,141935472517297,873410355318564,2026-06-15,6,6,true,0,1
facebook,duolingo,141935472517297,873410355318564,2026-06-16,7,7,true,-1,1
facebook,duolingo,141935472517297,873410355318564,2026-06-17,7,7,true,0,1
facebook,duolingo,141935472517297,873410355318564,2026-06-22,6,6,true,1,5
facebook,duolingo,141935472517297,873410355318564,2026-06-23,6,6,true,0,1
facebook,duolingo,141935472517297,873410355318564,2026-06-24,6,6,true,0,1
facebook,duolingo,141935472517297,873410355318564,2026-06-25,6,6,true,0,1
facebook,duolingo,141935472517297,873410355318564,2026-06-26,6,6,true,0,1
facebook,duolingo,141935472517297,873410355318564,2026-06-28,6,6,true,0,2
facebook,duolingo,141935472517297,873410355318564,2026-06-29,6,6,true,0,1
facebook,duolingo,141935472517297,873410355318564,2026-06-30,6,6,true,0,1
facebook,duolingo,141935472517297,873410355318564,2026-07-01,6,6,true,0,1
facebook,duolingo,141935472517297,873410355318564,2026-07-02,4,4,true,2,1
facebook,duolingo,141935472517297,873410355318564,2026-07-03,4,4,true,0,1
facebook,duolingo,141935472517297,873410355318564,2026-07-04,4,4,true,0,1
facebook,duolingo,141935472517297,873410355318564,2026-07-05,4,4,true,0,1
facebook,duolingo,141935472517297,873410355318564,2026-07-06,4,4,true,0,1
facebook,duolingo,141935472517297,873410355318564,2026-07-07,4,4,true,0,1
facebook,duolingo,141935472517297,873410355318564,2026-07-08,4,4,true,0,1
facebook,duolingo,141935472517297,873410355318564,2026-07-09,4,4,true,0,1
facebook,duolingo,141935472517297,873410355318564,2026-07-10,4,4,true,0,1
facebook,duolingo,141935472517297,873410355318564,2026-07-11,4,4,true,0,1
facebook,duolingo,141935472517297,873410355318564,2026-07-12,4,4,true,0,1
facebook,duolingo,141935472517297,873410355318564,2026-07-13,4,4,true,0,1
facebook,duolingo,141935472517297,873410355318564,2026-07-14,2,2,true,2,1
facebook,duolingo,141935472517297,931440739227131,2026-05-26,5,5,true,,
facebook,duolingo,141935472517297,931440739227131,2026-06-04,5,5,true,0,9
facebook,duolingo,141935472517297,931440739227131,2026-06-07,5,5,true,0,3
facebook,duolingo,141935472517297,931440739227131,2026-06-11,5,5,true,0,4
facebook,duolingo,141935472517297,931440739227131,2026-06-12,5,5,true,0,1
facebook,duolingo,141935472517297,931440739227131,2026-06-13,5,5,true,0,1
facebook,duolingo,141935472517297,931440739227131,2026-06-14,5,5,true,0,1
facebook,duolingo,141935472517297,931440739227131,2026-06-15,5,5,true,0,1
facebook,duolingo,141935472517297,931440739227131,2026-06-16,5,5,true,0,1
facebook,duolingo,141935472517297,931440739227131,2026-06-17,5,5,true,0,1
facebook,duolingo,141935472517297,931440739227131,2026-06-22,5,5,true,0,5
facebook,duolingo,141935472517297,931440739227131,2026-06-23,5,5,true,0,1
facebook,duolingo,141935472517297,931440739227131,2026-06-24,5,5,true,0,1
facebook,duolingo,141935472517297,931440739227131,2026-06-25,5,5,true,0,1
facebook,duolingo,141935472517297,931440739227131,2026-06-26,5,5,true,0,1
facebook,duolingo,141935472517297,931440739227131,2026-06-28,5,5,true,0,2
facebook,duolingo,141935472517297,931440739227131,2026-06-29,5,5,true,0,1
facebook,duolingo,141935472517297,931440739227131,2026-06-30,5,5,true,0,1
facebook,duolingo,141935472517297,931440739227131,2026-07-01,5,5,true,0,1
facebook,duolingo,141935472517297,931440739227131,2026-07-02,3,3,true,2,1
facebook,duolingo,141935472517297,931440739227131,2026-07-03,3,3,true,0,1
facebook,duolingo,141935472517297,931440739227131,2026-07-04,3,3,true,0,1
facebook,duolingo,141935472517297,931440739227131,2026-07-05,3,3,true,0,1
facebook,duolingo,141935472517297,931440739227131,2026-07-06,3,3,true,0,1
facebook,duolingo,141935472517297,931440739227131,2026-07-07,3,3,true,0,1
facebook,duolingo,141935472517297,931440739227131,2026-07-08,3,3,true,0,1
facebook,duolingo,141935472517297,931440739227131,2026-07-09,3,3,true,0,1
facebook,duolingo,141935472517297,931440739227131,2026-07-10,3,3,true,0,1
facebook,duolingo,141935472517297,931440739227131,2026-07-11,3,3,true,0,1
facebook,duolingo,141935472517297,931440739227131,2026-07-12,3,3,true,0,1
facebook,duolingo,141935472517297,931440739227131,2026-07-13,3,3,true,0,1
facebook,duolingo,141935472517297,931440739227131,2026-07-14,3,3,true,0,1
facebook,duolingo,141935472517297,1393073786168344,2026-05-26,6,6,true,,
facebook,duolingo,141935472517297,1393073786168344,2026-06-04,6,6,true,0,9
facebook,duolingo,141935472517297,1393073786168344,2026-06-07,7,7,true,-1,3
facebook,duolingo,141935472517297,1393073786168344,2026-06-11,8,8,true,-1,4
facebook,duolingo,141935472517297,1393073786168344,2026-06-12,8,8,true,0,1
facebook,duolingo,141935472517297,1393073786168344,2026-06-13,8,8,true,0,1
facebook,duolingo,141935472517297,1393073786168344,2026-06-14,9,9,true,-1,1
facebook,duolingo,141935472517297,1393073786168344,2026-06-15,9,9,true,0,1
facebook,duolingo,141935472517297,1393073786168344,2026-06-16,8,8,true,1,1
facebook,duolingo,141935472517297,1393073786168344,2026-06-17,8,8,true,0,1
facebook,duolingo,141935472517297,1393073786168344,2026-06-22,8,8,true,0,5
facebook,duolingo,141935472517297,1393073786168344,2026-06-23,8,8,true,0,1
facebook,duolingo,141935472517297,1393073786168344,2026-06-24,8,8,true,0,1
facebook,duolingo,141935472517297,1393073786168344,2026-06-25,8,8,true,0,1
facebook,duolingo,141935472517297,1393073786168344,2026-06-26,8,8,true,0,1
facebook,duolingo,141935472517297,1393073786168344,2026-06-28,8,8,true,0,2
facebook,duolingo,141935472517297,1393073786168344,2026-06-29,8,8,true,0,1
facebook,duolingo,141935472517297,1393073786168344,2026-06-30,8,8,true,0,1
facebook,duolingo,141935472517297,1393073786168344,2026-07-01,8,8,true,0,1
facebook,duolingo,141935472517297,1393073786168344,2026-07-02,6,6,true,2,1
facebook,duolingo,141935472517297,1393073786168344,2026-07-03,6,6,true,0,1
facebook,duolingo,141935472517297,1393073786168344,2026-07-04,6,6,true,0,1
facebook,duolingo,141935472517297,1393073786168344,2026-07-05,6,6,true,0,1
facebook,duolingo,141935472517297,1393073786168344,2026-07-06,6,6,true,0,1
facebook,duolingo,141935472517297,1393073786168344,2026-07-07,6,6,true,0,1
facebook,duolingo,141935472517297,1393073786168344,2026-07-08,6,6,true,0,1
facebook,duolingo,141935472517297,1393073786168344,2026-07-09,6,6,true,0,1
facebook,duolingo,141935472517297,1393073786168344,2026-07-10,6,6,true,0,1
facebook,duolingo,141935472517297,1393073786168344,2026-07-11,6,6,true,0,1
facebook,duolingo,141935472517297,1393073786168344,2026-07-12,6,6,true,0,1
facebook,duolingo,141935472517297,1393073786168344,2026-07-13,6,6,true,0,1
facebook,duolingo,141935472517297,1393073786168344,2026-07-14,6,6,true,0,1
facebook,duolingo,141935472517297,854198787652805,2026-05-26,7,7,true,,
facebook,duolingo,141935472517297,854198787652805,2026-06-04,9,9,true,-2,9
facebook,duolingo,141935472517297,854198787652805,2026-06-07,9,9,true,0,3
facebook,duolingo,141935472517297,854198787652805,2026-06-11,9,9,true,0,4
facebook,duolingo,141935472517297,854198787652805,2026-06-12,9,9,true,0,1
facebook,duolingo,141935472517297,854198787652805,2026-06-13,9,9,true,0,1
facebook,duolingo,141935472517297,854198787652805,2026-06-14,8,8,true,1,1
facebook,duolingo,141935472517297,854198787652805,2026-06-15,8,8,true,0,1
facebook,duolingo,141935472517297,854198787652805,2026-06-16,9,9,true,-1,1
facebook,duolingo,141935472517297,854198787652805,2026-06-17,9,9,true,0,1
facebook,duolingo,141935472517297,854198787652805,2026-06-22,9,9,true,0,5
facebook,duolingo,141935472517297,854198787652805,2026-06-23,9,9,true,0,1
facebook,duolingo,141935472517297,854198787652805,2026-06-24,9,9,true,0,1
facebook,duolingo,141935472517297,854198787652805,2026-06-25,9,9,true,0,1
facebook,duolingo,141935472517297,854198787652805,2026-06-26,9,9,true,0,1
facebook,duolingo,141935472517297,854198787652805,2026-06-28,9,9,true,0,2
facebook,duolingo,141935472517297,854198787652805,2026-06-29,9,9,true,0,1
facebook,duolingo,141935472517297,854198787652805,2026-06-30,9,9,true,0,1
facebook,duolingo,141935472517297,854198787652805,2026-07-01,9,9,true,0,1
facebook,duolingo,141935472517297,854198787652805,2026-07-02,7,7,true,2,1
facebook,duolingo,141935472517297,854198787652805,2026-07-03,7,7,true,0,1
facebook,duolingo,141935472517297,854198787652805,2026-07-04,7,7,true,0,1
facebook,duolingo,141935472517297,854198787652805,2026-07-05,7,7,true,0,1
facebook,duolingo,141935472517297,854198787652805,2026-07-06,7,7,true,0,1
facebook,duolingo,141935472517297,854198787652805,2026-07-07,7,7,true,0,1
facebook,duolingo,141935472517297,854198787652805,2026-07-08,7,7,true,0,1
facebook,duolingo,141935472517297,854198787652805,2026-07-09,7,7,true,0,1
facebook,duolingo,141935472517297,854198787652805,2026-07-10,7,7,true,0,1
facebook,duolingo,141935472517297,854198787652805,2026-07-11,7,7,true,0,1
facebook,duolingo,141935472517297,854198787652805,2026-07-12,7,7,true,0,1
facebook,duolingo,141935472517297,854198787652805,2026-07-13,7,7,true,0,1
facebook,duolingo,141935472517297,854198787652805,2026-07-14,7,7,true,0,1
facebook,duolingo,141935472517297,4420167301545944,2026-05-26,8,8,true,,
facebook,duolingo,141935472517297,4420167301545944,2026-06-04,8,8,true,0,9
facebook,duolingo,141935472517297,4420167301545944,2026-06-07,8,8,true,0,3
facebook,duolingo,141935472517297,4420167301545944,2026-06-11,7,7,true,1,4
facebook,duolingo,141935472517297,4420167301545944,2026-06-12,7,7,true,0,1
facebook,duolingo,141935472517297,4420167301545944,2026-06-13,7,7,true,0,1
facebook,duolingo,141935472517297,4420167301545944,2026-06-14,7,7,true,0,1
facebook,duolingo,141935472517297,4420167301545944,2026-06-15,7,7,true,0,1
facebook,duolingo,141935472517297,4420167301545944,2026-06-16,6,6,true,1,1
facebook,duolingo,141935472517297,4420167301545944,2026-06-17,6,6,true,0,1
facebook,duolingo,141935472517297,4420167301545944,2026-06-22,7,7,true,-1,5
facebook,duolingo,141935472517297,4420167301545944,2026-06-23,7,7,true,0,1
facebook,duolingo,141935472517297,4420167301545944,2026-06-24,7,7,true,0,1
facebook,duolingo,141935472517297,4420167301545944,2026-06-25,7,7,true,0,1
facebook,duolingo,141935472517297,4420167301545944,2026-06-26,7,7,true,0,1
facebook,duolingo,141935472517297,4420167301545944,2026-06-28,7,7,true,0,2
facebook,duolingo,141935472517297,4420167301545944,2026-06-29,7,7,true,0,1
facebook,duolingo,141935472517297,4420167301545944,2026-06-30,7,7,true,0,1
facebook,duolingo,141935472517297,4420167301545944,2026-07-01,7,7,true,0,1
facebook,duolingo,141935472517297,4420167301545944,2026-07-02,5,5,true,2,1
facebook,duolingo,141935472517297,4420167301545944,2026-07-03,5,5,true,0,1
facebook,duolingo,141935472517297,4420167301545944,2026-07-04,5,5,true,0,1
facebook,duolingo,141935472517297,4420167301545944,2026-07-05,5,5,true,0,1
facebook,duolingo,141935472517297,4420167301545944,2026-07-06,5,5,true,0,1
facebook,duolingo,141935472517297,4420167301545944,2026-07-07,5,5,true,0,1
facebook,duolingo,141935472517297,4420167301545944,2026-07-08,5,5,true,0,1
facebook,duolingo,141935472517297,4420167301545944,2026-07-09,5,5,true,0,1
facebook,duolingo,141935472517297,4420167301545944,2026-07-10,5,5,true,0,1
facebook,duolingo,141935472517297,4420167301545944,2026-07-11,5,5,true,0,1
facebook,duolingo,141935472517297,4420167301545944,2026-07-12,5,5,true,0,1
facebook,duolingo,141935472517297,4420167301545944,2026-07-13,5,5,true,0,1
facebook,duolingo,141935472517297,4420167301545944,2026-07-14,5,5,true,0,1
facebook,duolingo,141935472517297,1270856521521372,2026-05-26,9,9,true,,
facebook,duolingo,141935472517297,1270856521521372,2026-06-04,7,7,true,2,9
facebook,duolingo,141935472517297,1270856521521372,2026-06-07,4,4,true,3,3
facebook,duolingo,141935472517297,1270856521521372,2026-06-11,4,4,true,0,4
facebook,duolingo,141935472517297,1270856521521372,2026-06-12,4,4,true,0,1
facebook,duolingo,141935472517297,1270856521521372,2026-06-13,4,4,true,0,1
facebook,duolingo,141935472517297,1270856521521372,2026-06-14,4,4,true,0,1
facebook,duolingo,141935472517297,1270856521521372,2026-06-15,4,4,true,0,1
facebook,duolingo,141935472517297,1270856521521372,2026-06-16,4,4,true,0,1
facebook,duolingo,141935472517297,1270856521521372,2026-06-17,4,4,true,0,1
facebook,duolingo,141935472517297,1270856521521372,2026-06-22,3,3,true,1,5
facebook,duolingo,141935472517297,1270856521521372,2026-06-23,3,3,true,0,1
facebook,duolingo,141935472517297,1270856521521372,2026-06-24,3,3,true,0,1
facebook,duolingo,141935472517297,1270856521521372,2026-06-25,3,3,true,0,1
facebook,duolingo,141935472517297,1270856521521372,2026-06-26,3,3,true,0,1
facebook,duolingo,141935472517297,1270856521521372,2026-06-28,3,3,true,0,2
facebook,duolingo,141935472517297,1270856521521372,2026-06-29,3,3,true,0,1
facebook,duolingo,141935472517297,1270856521521372,2026-06-30,3,3,true,0,1
facebook,duolingo,141935472517297,1270856521521372,2026-07-01,3,3,true,0,1
facebook,duolingo,141935472517297,1187219770066761,2026-05-26,10,10,true,,
facebook,duolingo,141935472517297,1187219770066761,2026-06-04,10,10,true,0,9
facebook,duolingo,141935472517297,1187219770066761,2026-06-07,10,10,true,0,3
facebook,duolingo,141935472517297,1187219770066761,2026-06-11,10,10,true,0,4
facebook,duolingo,141935472517297,1187219770066761,2026-06-12,10,10,true,0,1
facebook,duolingo,141935472517297,1187219770066761,2026-06-13,10,10,true,0,1
facebook,duolingo,141935472517297,1187219770066761,2026-06-14,10,10,true,0,1
facebook,duolingo,141935472517297,1187219770066761,2026-06-15,10,10,true,0,1
facebook,duolingo,141935472517297,1187219770066761,2026-06-16,10,10,true,0,1
facebook,duolingo,141935472517297,1187219770066761,2026-06-17,10,10,true,0,1
facebook,duolingo,141935472517297,1187219770066761,2026-06-22,10,10,true,0,5
facebook,duolingo,141935472517297,1187219770066761,2026-06-23,10,10,true,0,1
facebook,duolingo,141935472517297,1187219770066761,2026-06-24,10,10,true,0,1
facebook,duolingo,141935472517297,1187219770066761,2026-06-25,10,10,true,0,1
facebook,duolingo,141935472517297,1187219770066761,2026-06-26,10,10,true,0,1
facebook,duolingo,141935472517297,1187219770066761,2026-06-28,10,10,true,0,2
facebook,duolingo,141935472517297,1187219770066761,2026-06-29,10,10,true,0,1
facebook,duolingo,141935472517297,1187219770066761,2026-06-30,10,10,true,0,1
facebook,duolingo,141935472517297,1187219770066761,2026-07-01,10,10,true,0,1
facebook,duolingo,141935472517297,1187219770066761,2026-07-02,8,8,true,2,1
facebook,duolingo,141935472517297,1187219770066761,2026-07-03,8,8,true,0,1
facebook,duolingo,141935472517297,1187219770066761,2026-07-04,8,8,true,0,1
facebook,duolingo,141935472517297,1187219770066761,2026-07-05,8,8,true,0,1
facebook,duolingo,141935472517297,1187219770066761,2026-07-06,8,8,true,0,1
facebook,duolingo,141935472517297,1187219770066761,2026-07-07,8,8,true,0,1
facebook,duolingo,141935472517297,1187219770066761,2026-07-08,8,8,true,0,1
facebook,duolingo,141935472517297,1187219770066761,2026-07-09,8,8,true,0,1
facebook,duolingo,141935472517297,1187219770066761,2026-07-10,8,8,true,0,1
facebook,duolingo,141935472517297,1187219770066761,2026-07-11,8,8,true,0,1
facebook,duolingo,141935472517297,1187219770066761,2026-07-12,8,8,true,0,1
facebook,duolingo,141935472517297,1187219770066761,2026-07-13,8,8,true,0,1
facebook,duolingo,141935472517297,1187219770066761,2026-07-14,8,8,true,0,1
facebook,duolingo,141935472517297,1428449025623778,2026-05-26,11,11,true,,
facebook,duolingo,141935472517297,1428449025623778,2026-06-04,11,11,true,0,9
facebook,duolingo,141935472517297,1428449025623778,2026-06-07,11,11,true,0,3
facebook,duolingo,141935472517297,1428449025623778,2026-06-11,11,11,true,0,4
facebook,duolingo,141935472517297,1428449025623778,2026-06-12,11,11,true,0,1
facebook,duolingo,141935472517297,1428449025623778,2026-06-13,11,11,true,0,1
facebook,duolingo,141935472517297,1428449025623778,2026-06-14,11,11,true,0,1
facebook,duolingo,141935472517297,1428449025623778,2026-06-15,11,11,true,0,1
facebook,duolingo,141935472517297,1428449025623778,2026-06-16,11,11,true,0,1
facebook,duolingo,141935472517297,1428449025623778,2026-06-17,11,11,true,0,1
facebook,duolingo,141935472517297,1428449025623778,2026-06-22,11,11,true,0,5
facebook,duolingo,141935472517297,1428449025623778,2026-06-23,11,11,true,0,1
facebook,duolingo,141935472517297,1428449025623778,2026-06-24,11,11,true,0,1
facebook,duolingo,141935472517297,1428449025623778,2026-06-25,11,11,true,0,1
facebook,duolingo,141935472517297,1428449025623778,2026-06-26,11,11,true,0,1
facebook,duolingo,141935472517297,1428449025623778,2026-06-28,11,11,true,0,2
facebook,duolingo,141935472517297,1428449025623778,2026-06-29,11,11,true,0,1
facebook,duolingo,141935472517297,1428449025623778,2026-06-30,11,11,true,0,1
facebook,duolingo,141935472517297,1428449025623778,2026-07-01,11,11,true,0,1
facebook,duolingo,141935472517297,1428449025623778,2026-07-02,9,9,true,2,1
facebook,duolingo,141935472517297,1428449025623778,2026-07-03,9,9,true,0,1
facebook,duolingo,141935472517297,1428449025623778,2026-07-04,9,9,true,0,1
facebook,duolingo,141935472517297,1428449025623778,2026-07-05,9,9,true,0,1
facebook,duolingo,141935472517297,1428449025623778,2026-07-06,9,9,true,0,1
facebook,duolingo,141935472517297,1428449025623778,2026-07-07,9,9,true,0,1
facebook,duolingo,141935472517297,1428449025623778,2026-07-08,9,9,true,0,1
facebook,duolingo,141935472517297,1428449025623778,2026-07-09,9,9,true,0,1
facebook,duolingo,141935472517297,1428449025623778,2026-07-10,9,9,true,0,1
facebook,duolingo,141935472517297,1428449025623778,2026-07-11,9,9,true,0,1
facebook,duolingo,141935472517297,1428449025623778,2026-07-12,9,9,true,0,1
facebook,duolingo,141935472517297,1428449025623778,2026-07-13,9,9,true,0,1
facebook,duolingo,141935472517297,1428449025623778,2026-07-14,9,9,true,0,1
facebook,duolingo,141935472517297,862072036697076,2026-05-26,12,12,true,,
facebook,duolingo,141935472517297,862072036697076,2026-06-04,12,12,true,0,9
facebook,duolingo,141935472517297,862072036697076,2026-06-07,12,12,true,0,3
facebook,duolingo,141935472517297,862072036697076,2026-06-11,12,12,true,0,4
facebook,duolingo,141935472517297,862072036697076,2026-06-12,12,12,true,0,1
facebook,duolingo,141935472517297,862072036697076,2026-06-13,12,12,true,0,1
facebook,duolingo,141935472517297,862072036697076,2026-06-14,12,12,true,0,1
facebook,duolingo,141935472517297,862072036697076,2026-06-15,12,12,true,0,1
facebook,duolingo,141935472517297,862072036697076,2026-06-16,12,12,true,0,1
facebook,duolingo,141935472517297,862072036697076,2026-06-17,12,12,true,0,1
facebook,duolingo,141935472517297,862072036697076,2026-06-22,12,12,true,0,5
facebook,duolingo,141935472517297,862072036697076,2026-06-23,12,12,true,0,1
facebook,duolingo,141935472517297,862072036697076,2026-06-24,12,12,true,0,1
facebook,duolingo,141935472517297,862072036697076,2026-06-25,12,12,true,0,1
facebook,duolingo,141935472517297,862072036697076,2026-06-26,12,12,true,0,1
facebook,duolingo,141935472517297,862072036697076,2026-06-28,12,12,true,0,2
facebook,duolingo,141935472517297,862072036697076,2026-06-29,12,12,true,0,1
facebook,duolingo,141935472517297,862072036697076,2026-06-30,12,12,true,0,1
facebook,duolingo,141935472517297,862072036697076,2026-07-01,12,12,true,0,1
facebook,duolingo,141935472517297,862072036697076,2026-07-02,10,10,true,2,1
facebook,duolingo,141935472517297,862072036697076,2026-07-03,10,10,true,0,1
facebook,duolingo,141935472517297,862072036697076,2026-07-04,10,10,true,0,1
facebook,duolingo,141935472517297,862072036697076,2026-07-05,10,10,true,0,1
facebook,duolingo,141935472517297,862072036697076,2026-07-06,10,10,true,0,1
facebook,duolingo,141935472517297,862072036697076,2026-07-07,10,10,true,0,1
facebook,duolingo,141935472517297,862072036697076,2026-07-08,10,10,true,0,1
facebook,duolingo,141935472517297,862072036697076,2026-07-09,10,10,true,0,1
facebook,duolingo,141935472517297,862072036697076,2026-07-10,10,10,true,0,1
facebook,duolingo,141935472517297,862072036697076,2026-07-11,10,10,true,0,1
facebook,duolingo,141935472517297,862072036697076,2026-07-12,10,10,true,0,1
facebook,duolingo,141935472517297,862072036697076,2026-07-13,10,10,true,0,1
facebook,duolingo,141935472517297,862072036697076,2026-07-14,10,10,true,0,1
facebook,duolingo,141935472517297,1215010424102742,2026-05-26,13,13,true,,
facebook,duolingo,141935472517297,1215010424102742,2026-06-04,13,13,true,0,9
facebook,duolingo,141935472517297,1215010424102742,2026-06-07,13,13,true,0,3
facebook,duolingo,141935472517297,1215010424102742,2026-06-11,14,15,true,-1,4
facebook,duolingo,141935472517297,1215010424102742,2026-06-12,14,15,true,0,1
facebook,duolingo,141935472517297,1215010424102742,2026-06-13,14,15,true,0,1
facebook,duolingo,141935472517297,1215010424102742,2026-06-14,14,15,true,0,1
facebook,duolingo,141935472517297,1215010424102742,2026-06-15,14,15,true,0,1
facebook,duolingo,141935472517297,1215010424102742,2026-06-16,14,15,true,0,1
facebook,duolingo,141935472517297,1215010424102742,2026-06-17,14,15,true,0,1
facebook,duolingo,141935472517297,1215010424102742,2026-06-22,14,15,true,0,5
facebook,duolingo,141935472517297,1215010424102742,2026-06-23,14,15,true,0,1
facebook,duolingo,141935472517297,1215010424102742,2026-06-24,14,15,true,0,1
facebook,duolingo,141935472517297,1215010424102742,2026-06-25,14,15,true,0,1
facebook,duolingo,141935472517297,1215010424102742,2026-06-26,14,15,true,0,1
facebook,duolingo,141935472517297,1215010424102742,2026-06-28,14,15,true,0,2
facebook,duolingo,141935472517297,1215010424102742,2026-06-29,14,15,true,0,1
facebook,duolingo,141935472517297,1215010424102742,2026-06-30,14,15,true,0,1
facebook,duolingo,141935472517297,1215010424102742,2026-07-01,14,15,true,0,1
facebook,duolingo,141935472517297,1802153563815523,2026-05-26,14,14,true,,
facebook,duolingo,141935472517297,1802153563815523,2026-06-04,14,14,true,0,9
facebook,duolingo,141935472517297,1802153563815523,2026-06-07,14,14,true,0,3
facebook,duolingo,141935472517297,1802153563815523,2026-06-11,13,14,true,1,4
facebook,duolingo,141935472517297,1802153563815523,2026-06-12,13,14,true,0,1
facebook,duolingo,141935472517297,1802153563815523,2026-06-13,13,14,true,0,1
facebook,duolingo,141935472517297,1802153563815523,2026-06-14,13,14,true,0,1
facebook,duolingo,141935472517297,1802153563815523,2026-06-15,13,14,true,0,1
facebook,duolingo,141935472517297,1802153563815523,2026-06-16,13,14,true,0,1
facebook,duolingo,141935472517297,1802153563815523,2026-06-17,13,14,true,0,1
facebook,duolingo,141935472517297,1802153563815523,2026-06-22,13,14,true,0,5
facebook,duolingo,141935472517297,1802153563815523,2026-06-23,13,14,true,0,1
facebook,duolingo,141935472517297,1802153563815523,2026-06-24,13,14,true,0,1
facebook,duolingo,141935472517297,1802153563815523,2026-06-25,13,14,true,0,1
facebook,duolingo,141935472517297,1802153563815523,2026-06-26,13,14,true,0,1
facebook,duolingo,141935472517297,1802153563815523,2026-06-28,13,14,true,0,2
facebook,duolingo,141935472517297,1802153563815523,2026-06-29,13,14,true,0,1
facebook,duolingo,141935472517297,1802153563815523,2026-06-30,13,14,true,0,1
facebook,duolingo,141935472517297,1802153563815523,2026-07-01,13,14,true,0,1
facebook,duolingo,141935472517297,2008049966476696,2026-05-26,15,15,true,,
facebook,duolingo,141935472517297,2008049966476696,2026-06-04,15,15,true,0,9
facebook,duolingo,141935472517297,2008049966476696,2026-06-07,15,15,true,0,3
facebook,duolingo,141935472517297,2008049966476696,2026-06-11,15,16,true,0,4
facebook,duolingo,141935472517297,2008049966476696,2026-06-12,15,16,true,0,1
facebook,duolingo,141935472517297,2008049966476696,2026-06-13,15,16,true,0,1
facebook,duolingo,141935472517297,2008049966476696,2026-06-14,15,16,true,0,1
facebook,duolingo,141935472517297,2008049966476696,2026-06-15,15,16,true,0,1
facebook,duolingo,141935472517297,2008049966476696,2026-06-16,15,16,true,0,1
facebook,duolingo,141935472517297,2008049966476696,2026-06-17,15,16,true,0,1
facebook,duolingo,141935472517297,2008049966476696,2026-06-22,15,16,true,0,5
facebook,duolingo,141935472517297,2008049966476696,2026-06-23,15,16,true,0,1
facebook,duolingo,141935472517297,2008049966476696,2026-06-24,15,16,true,0,1
facebook,duolingo,141935472517297,2008049966476696,2026-06-25,15,16,true,0,1
facebook,duolingo,141935472517297,2008049966476696,2026-06-26,15,16,true,0,1
facebook,duolingo,141935472517297,2008049966476696,2026-06-28,15,16,true,0,2
facebook,duolingo,141935472517297,2008049966476696,2026-06-29,15,16,true,0,1
facebook,duolingo,141935472517297,2008049966476696,2026-06-30,15,16,true,0,1
facebook,duolingo,141935472517297,2008049966476696,2026-07-01,15,16,true,0,1
facebook,duolingo,141935472517297,26572679392369522,2026-05-26,16,16,true,,
facebook,duolingo,141935472517297,26572679392369522,2026-06-04,16,16,true,0,9
facebook,duolingo,141935472517297,26572679392369522,2026-06-07,16,16,true,0,3
facebook,duolingo,141935472517297,26572679392369522,2026-06-11,16,17,true,0,4
facebook,duolingo,141935472517297,26572679392369522,2026-06-12,16,17,true,0,1
facebook,duolingo,141935472517297,26572679392369522,2026-06-13,16,17,true,0,1
facebook,duolingo,141935472517297,26572679392369522,2026-06-14,16,17,true,0,1
facebook,duolingo,141935472517297,26572679392369522,2026-06-15,16,17,true,0,1
facebook,duolingo,141935472517297,26572679392369522,2026-06-16,17,18,true,-1,1
facebook,duolingo,141935472517297,26572679392369522,2026-06-17,17,18,true,0,1
facebook,duolingo,141935472517297,26572679392369522,2026-06-22,17,18,true,0,5
facebook,duolingo,141935472517297,26572679392369522,2026-06-23,17,18,true,0,1
facebook,duolingo,141935472517297,26572679392369522,2026-06-24,17,18,true,0,1
facebook,duolingo,141935472517297,26572679392369522,2026-06-25,17,18,true,0,1
facebook,duolingo,141935472517297,26572679392369522,2026-06-26,17,18,true,0,1
facebook,duolingo,141935472517297,26572679392369522,2026-06-28,17,18,true,0,2
facebook,duolingo,141935472517297,26572679392369522,2026-06-29,17,18,true,0,1
facebook,duolingo,141935472517297,26572679392369522,2026-06-30,18,19,true,-1,1
facebook,duolingo,141935472517297,26572679392369522,2026-07-01,18,19,true,0,1
facebook,duolingo,141935472517297,26572679392369522,2026-07-02,12,12,true,6,1
facebook,duolingo,141935472517297,26572679392369522,2026-07-03,12,13,true,0,1
facebook,duolingo,141935472517297,26572679392369522,2026-07-04,12,13,true,0,1
facebook,duolingo,141935472517297,26572679392369522,2026-07-05,12,13,true,0,1
facebook,duolingo,141935472517297,26572679392369522,2026-07-06,12,13,true,0,1
facebook,duolingo,141935472517297,26572679392369522,2026-07-07,12,13,true,0,1
facebook,duolingo,141935472517297,26572679392369522,2026-07-08,12,13,true,0,1
facebook,duolingo,141935472517297,26572679392369522,2026-07-09,12,13,true,0,1
facebook,duolingo,141935472517297,26572679392369522,2026-07-10,12,13,true,0,1
facebook,duolingo,141935472517297,26572679392369522,2026-07-11,12,13,true,0,1
facebook,duolingo,141935472517297,26572679392369522,2026-07-12,12,13,true,0,1
facebook,duolingo,141935472517297,26572679392369522,2026-07-13,12,13,true,0,1
facebook,duolingo,141935472517297,26572679392369522,2026-07-14,12,13,true,0,1
facebook,duolingo,141935472517297,4047050955534121,2026-05-26,17,17,true,,
facebook,duolingo,141935472517297,4047050955534121,2026-06-04,17,17,true,0,9
facebook,duolingo,141935472517297,4047050955534121,2026-06-07,17,17,true,0,3
facebook,duolingo,141935472517297,4047050955534121,2026-06-11,17,18,true,0,4
facebook,duolingo,141935472517297,4047050955534121,2026-06-12,17,18,true,0,1
facebook,duolingo,141935472517297,4047050955534121,2026-06-13,17,18,true,0,1
facebook,duolingo,141935472517297,4047050955534121,2026-06-14,17,18,true,0,1
facebook,duolingo,141935472517297,4047050955534121,2026-06-15,17,18,true,0,1
facebook,duolingo,141935472517297,4047050955534121,2026-06-16,16,17,true,1,1
facebook,duolingo,141935472517297,4047050955534121,2026-06-17,16,17,true,0,1
facebook,duolingo,141935472517297,4047050955534121,2026-06-22,16,17,true,0,5
facebook,duolingo,141935472517297,4047050955534121,2026-06-23,16,17,true,0,1
facebook,duolingo,141935472517297,4047050955534121,2026-06-24,16,17,true,0,1
facebook,duolingo,141935472517297,4047050955534121,2026-06-25,16,17,true,0,1
facebook,duolingo,141935472517297,4047050955534121,2026-06-26,16,17,true,0,1
facebook,duolingo,141935472517297,4047050955534121,2026-06-28,16,17,true,0,2
facebook,duolingo,141935472517297,4047050955534121,2026-06-29,16,17,true,0,1
facebook,duolingo,141935472517297,4047050955534121,2026-06-30,16,17,true,0,1
facebook,duolingo,141935472517297,4047050955534121,2026-07-01,16,17,true,0,1
facebook,duolingo,141935472517297,4047050955534121,2026-07-02,11,11,true,5,1
facebook,duolingo,141935472517297,4047050955534121,2026-07-03,11,12,true,0,1
facebook,duolingo,141935472517297,4047050955534121,2026-07-04,11,12,true,0,1
facebook,duolingo,141935472517297,4047050955534121,2026-07-05,11,12,true,0,1
facebook,duolingo,141935472517297,4047050955534121,2026-07-06,11,12,true,0,1
facebook,duolingo,141935472517297,4047050955534121,2026-07-07,11,12,true,0,1
facebook,duolingo,141935472517297,4047050955534121,2026-07-08,11,12,true,0,1
facebook,duolingo,141935472517297,4047050955534121,2026-07-09,11,12,true,0,1
facebook,duolingo,141935472517297,4047050955534121,2026-07-10,11,12,true,0,1
facebook,duolingo,141935472517297,4047050955534121,2026-07-11,11,12,true,0,1
facebook,duolingo,141935472517297,4047050955534121,2026-07-12,11,12,true,0,1
facebook,duolingo,141935472517297,4047050955534121,2026-07-13,11,12,true,0,1
facebook,duolingo,141935472517297,4047050955534121,2026-07-14,11,12,true,0,1
facebook,duolingo,141935472517297,1757405299002125,2026-05-26,18,18,true,,
facebook,duolingo,141935472517297,1757405299002125,2026-06-04,18,18,true,0,9
facebook,duolingo,141935472517297,1757405299002125,2026-06-07,18,18,true,0,3
facebook,duolingo,141935472517297,1757405299002125,2026-06-11,18,19,true,0,4
facebook,duolingo,141935472517297,1757405299002125,2026-06-12,18,19,true,0,1
facebook,duolingo,141935472517297,1757405299002125,2026-06-13,18,19,true,0,1
facebook,duolingo,141935472517297,1757405299002125,2026-06-14,18,19,true,0,1
facebook,duolingo,141935472517297,1757405299002125,2026-06-15,18,19,true,0,1
facebook,duolingo,141935472517297,1757405299002125,2026-06-16,18,19,true,0,1
facebook,duolingo,141935472517297,1757405299002125,2026-06-17,18,19,true,0,1
facebook,duolingo,141935472517297,1757405299002125,2026-06-22,18,19,true,0,5
facebook,duolingo,141935472517297,1757405299002125,2026-06-23,18,19,true,0,1
facebook,duolingo,141935472517297,1757405299002125,2026-06-24,18,19,true,0,1
facebook,duolingo,141935472517297,1757405299002125,2026-06-25,18,19,true,0,1
facebook,duolingo,141935472517297,1757405299002125,2026-06-26,19,20,true,-1,1
facebook,duolingo,141935472517297,1757405299002125,2026-06-28,19,20,true,0,2
facebook,duolingo,141935472517297,1757405299002125,2026-06-29,19,20,true,0,1
facebook,duolingo,141935472517297,1757405299002125,2026-06-30,19,20,true,0,1
facebook,duolingo,141935472517297,1757405299002125,2026-07-01,19,20,true,0,1
facebook,duolingo,141935472517297,2757075414671209,2026-05-26,19,19,true,,
facebook,duolingo,141935472517297,2757075414671209,2026-06-04,19,19,true,0,9
facebook,duolingo,141935472517297,2757075414671209,2026-06-07,19,19,true,0,3
facebook,duolingo,141935472517297,2757075414671209,2026-06-11,19,20,true,0,4
facebook,duolingo,141935472517297,2757075414671209,2026-06-12,19,20,true,0,1
facebook,duolingo,141935472517297,2757075414671209,2026-06-13,19,20,true,0,1
facebook,duolingo,141935472517297,2757075414671209,2026-06-14,19,20,true,0,1
facebook,duolingo,141935472517297,2757075414671209,2026-06-15,19,20,true,0,1
facebook,duolingo,141935472517297,2757075414671209,2026-06-16,19,20,true,0,1
facebook,duolingo,141935472517297,2757075414671209,2026-06-17,19,20,true,0,1
facebook,duolingo,141935472517297,2757075414671209,2026-06-22,19,20,true,0,5
facebook,duolingo,141935472517297,2757075414671209,2026-06-23,19,20,true,0,1
facebook,duolingo,141935472517297,2757075414671209,2026-06-24,19,20,true,0,1
facebook,duolingo,141935472517297,2757075414671209,2026-06-25,19,20,true,0,1
facebook,duolingo,141935472517297,2757075414671209,2026-06-26,20,21,true,-1,1
facebook,duolingo,141935472517297,2757075414671209,2026-06-28,20,21,true,0,2
facebook,duolingo,141935472517297,2757075414671209,2026-06-29,20,21,true,0,1
facebook,duolingo,141935472517297,2757075414671209,2026-06-30,20,21,true,0,1
facebook,duolingo,141935472517297,2757075414671209,2026-07-01,20,21,true,0,1
facebook,duolingo,141935472517297,1498337882301575,2026-05-26,20,20,true,,
facebook,duolingo,141935472517297,1498337882301575,2026-06-04,20,20,true,0,9
facebook,duolingo,141935472517297,1498337882301575,2026-06-07,20,20,true,0,3
facebook,duolingo,141935472517297,1498337882301575,2026-06-11,20,21,true,0,4
facebook,duolingo,141935472517297,1498337882301575,2026-06-12,20,21,true,0,1
facebook,duolingo,141935472517297,1498337882301575,2026-06-13,20,21,true,0,1
facebook,duolingo,141935472517297,1498337882301575,2026-06-14,20,21,true,0,1
facebook,duolingo,141935472517297,1498337882301575,2026-06-15,20,21,true,0,1
facebook,duolingo,141935472517297,1498337882301575,2026-06-16,20,21,true,0,1
facebook,duolingo,141935472517297,1498337882301575,2026-06-17,20,21,true,0,1
facebook,duolingo,141935472517297,1498337882301575,2026-06-22,22,23,true,-2,5
facebook,duolingo,141935472517297,1498337882301575,2026-06-23,22,23,true,0,1
facebook,duolingo,141935472517297,1498337882301575,2026-06-24,23,24,true,-1,1
facebook,duolingo,141935472517297,1498337882301575,2026-06-25,23,24,true,0,1
facebook,duolingo,141935472517297,1498337882301575,2026-06-26,21,22,true,2,1
facebook,duolingo,141935472517297,1498337882301575,2026-06-28,21,22,true,0,2
facebook,duolingo,141935472517297,1498337882301575,2026-06-29,21,22,true,0,1
facebook,duolingo,141935472517297,1498337882301575,2026-06-30,21,22,true,0,1
facebook,duolingo,141935472517297,1498337882301575,2026-07-01,21,22,true,0,1
facebook,duolingo,141935472517297,3128929950636792,2026-05-26,21,21,true,,
facebook,duolingo,141935472517297,3128929950636792,2026-06-04,21,21,true,0,9
facebook,duolingo,141935472517297,3128929950636792,2026-06-07,21,21,true,0,3
facebook,duolingo,141935472517297,3128929950636792,2026-06-11,21,22,true,0,4
facebook,duolingo,141935472517297,3128929950636792,2026-06-12,21,22,true,0,1
facebook,duolingo,141935472517297,3128929950636792,2026-06-13,21,22,true,0,1
facebook,duolingo,141935472517297,3128929950636792,2026-06-14,21,22,true,0,1
facebook,duolingo,141935472517297,3128929950636792,2026-06-15,21,22,true,0,1
facebook,duolingo,141935472517297,3128929950636792,2026-06-16,21,22,true,0,1
facebook,duolingo,141935472517297,3128929950636792,2026-06-17,21,22,true,0,1
facebook,duolingo,141935472517297,3128929950636792,2026-06-22,21,22,true,0,5
facebook,duolingo,141935472517297,3128929950636792,2026-06-23,21,22,true,0,1
facebook,duolingo,141935472517297,3128929950636792,2026-06-24,22,23,true,-1,1
facebook,duolingo,141935472517297,3128929950636792,2026-06-25,22,23,true,0,1
facebook,duolingo,141935472517297,3128929950636792,2026-06-26,23,24,true,-1,1
facebook,duolingo,141935472517297,3128929950636792,2026-06-28,23,24,true,0,2
facebook,duolingo,141935472517297,3128929950636792,2026-06-29,23,24,true,0,1
facebook,duolingo,141935472517297,3128929950636792,2026-06-30,23,24,true,0,1
facebook,duolingo,141935472517297,3128929950636792,2026-07-01,23,24,true,0,1
facebook,duolingo,141935472517297,964644499361286,2026-05-26,22,22,true,,
facebook,duolingo,141935472517297,964644499361286,2026-06-04,22,22,true,0,9
facebook,duolingo,141935472517297,964644499361286,2026-06-07,22,22,true,0,3
facebook,duolingo,141935472517297,964644499361286,2026-06-11,22,23,true,0,4
facebook,duolingo,141935472517297,964644499361286,2026-06-12,22,23,true,0,1
facebook,duolingo,141935472517297,964644499361286,2026-06-13,22,23,true,0,1
facebook,duolingo,141935472517297,964644499361286,2026-06-14,22,23,true,0,1
facebook,duolingo,141935472517297,964644499361286,2026-06-15,22,23,true,0,1
facebook,duolingo,141935472517297,964644499361286,2026-06-16,22,23,true,0,1
facebook,duolingo,141935472517297,964644499361286,2026-06-17,22,23,true,0,1
facebook,duolingo,141935472517297,964644499361286,2026-06-22,23,24,true,-1,5
facebook,duolingo,141935472517297,964644499361286,2026-06-23,23,24,true,0,1
facebook,duolingo,141935472517297,964644499361286,2026-06-24,24,25,true,-1,1
facebook,duolingo,141935472517297,964644499361286,2026-06-25,24,25,true,0,1
facebook,duolingo,141935472517297,964644499361286,2026-06-26,24,25,true,0,1
facebook,duolingo,141935472517297,964644499361286,2026-06-28,24,25,true,0,2
facebook,duolingo,141935472517297,964644499361286,2026-06-29,24,25,true,0,1
facebook,duolingo,141935472517297,964644499361286,2026-06-30,24,25,true,0,1
facebook,duolingo,141935472517297,964644499361286,2026-07-01,24,25,true,0,1
facebook,duolingo,141935472517297,1315729067327013,2026-05-26,23,23,true,,
facebook,duolingo,141935472517297,1315729067327013,2026-06-04,24,24,true,-1,9
facebook,duolingo,141935472517297,1315729067327013,2026-06-07,24,24,true,0,3
facebook,duolingo,141935472517297,1315729067327013,2026-06-11,24,25,true,0,4
facebook,duolingo,141935472517297,1315729067327013,2026-06-12,24,25,true,0,1
facebook,duolingo,141935472517297,1315729067327013,2026-06-13,24,25,true,0,1
facebook,duolingo,141935472517297,1315729067327013,2026-06-14,24,25,true,0,1
facebook,duolingo,141935472517297,1315729067327013,2026-06-15,24,25,true,0,1
facebook,duolingo,141935472517297,1315729067327013,2026-06-16,24,25,true,0,1
facebook,duolingo,141935472517297,1315729067327013,2026-06-17,24,25,true,0,1
facebook,duolingo,141935472517297,1315729067327013,2026-06-22,20,21,true,4,5
facebook,duolingo,141935472517297,1315729067327013,2026-06-23,20,21,true,0,1
facebook,duolingo,141935472517297,1315729067327013,2026-06-24,21,22,true,-1,1
facebook,duolingo,141935472517297,1315729067327013,2026-06-25,21,22,true,0,1
facebook,duolingo,141935472517297,1315729067327013,2026-06-26,22,23,true,-1,1
facebook,duolingo,141935472517297,1315729067327013,2026-06-28,22,23,true,0,2
facebook,duolingo,141935472517297,1315729067327013,2026-06-29,22,23,true,0,1
facebook,duolingo,141935472517297,1315729067327013,2026-06-30,22,23,true,0,1
facebook,duolingo,141935472517297,1315729067327013,2026-07-01,22,23,true,0,1
facebook,duolingo,141935472517297,1810377262974963,2026-05-26,24,24,true,,
facebook,duolingo,141935472517297,1810377262974963,2026-06-04,23,23,true,1,9
facebook,duolingo,141935472517297,1810377262974963,2026-06-07,23,23,true,0,3
facebook,duolingo,141935472517297,1810377262974963,2026-06-11,23,24,true,0,4
facebook,duolingo,141935472517297,1810377262974963,2026-06-12,23,24,true,0,1
facebook,duolingo,141935472517297,1810377262974963,2026-06-13,23,24,true,0,1
facebook,duolingo,141935472517297,1810377262974963,2026-06-14,23,24,true,0,1
facebook,duolingo,141935472517297,1810377262974963,2026-06-15,23,24,true,0,1
facebook,duolingo,141935472517297,1810377262974963,2026-06-16,23,24,true,0,1
facebook,duolingo,141935472517297,1810377262974963,2026-06-17,23,24,true,0,1
facebook,duolingo,141935472517297,1640530307393556,2026-05-26,25,25,true,,
facebook,duolingo,141935472517297,1640530307393556,2026-06-04,26,26,true,-1,9
facebook,duolingo,141935472517297,1640530307393556,2026-06-07,26,26,true,0,3
facebook,duolingo,141935472517297,1640530307393556,2026-06-11,27,28,true,-1,4
facebook,duolingo,141935472517297,1640530307393556,2026-06-12,27,28,true,0,1
facebook,duolingo,141935472517297,1640530307393556,2026-06-13,27,28,true,0,1
facebook,duolingo,141935472517297,1640530307393556,2026-06-14,27,28,true,0,1
facebook,duolingo,141935472517297,1640530307393556,2026-06-15,27,28,true,0,1
facebook,duolingo,141935472517297,1640530307393556,2026-06-16,27,28,true,0,1
facebook,duolingo,141935472517297,1640530307393556,2026-06-17,27,28,true,0,1
facebook,duolingo,141935472517297,1244347244307717,2026-05-26,26,26,true,,
facebook,duolingo,141935472517297,1244347244307717,2026-06-04,28,28,true,-2,9
facebook,duolingo,141935472517297,1244347244307717,2026-06-07,28,28,true,0,3
facebook,duolingo,141935472517297,1244347244307717,2026-06-11,28,29,true,0,4
facebook,duolingo,141935472517297,1244347244307717,2026-06-12,28,29,true,0,1
facebook,duolingo,141935472517297,1244347244307717,2026-06-13,28,29,true,0,1
facebook,duolingo,141935472517297,1244347244307717,2026-06-14,28,29,true,0,1
facebook,duolingo,141935472517297,1244347244307717,2026-06-15,28,29,true,0,1
facebook,duolingo,141935472517297,1244347244307717,2026-06-16,29,30,true,-1,1
facebook,duolingo,141935472517297,1244347244307717,2026-06-17,29,30,true,0,1
facebook,duolingo,141935472517297,1244347244307717,2026-06-22,30,31,true,-1,5
facebook,duolingo,141935472517297,1244347244307717,2026-06-23,30,31,true,0,1
facebook,duolingo,141935472517297,1244347244307717,2026-06-24,30,31,true,0,1
facebook,duolingo,141935472517297,1244347244307717,2026-06-25,30,31,true,0,1
facebook,duolingo,141935472517297,1244347244307717,2026-06-26,30,31,true,0,1
facebook,duolingo,141935472517297,1244347244307717,2026-06-28,30,31,true,0,2
facebook,duolingo,141935472517297,1244347244307717,2026-06-29,30,31,true,0,1
facebook,duolingo,141935472517297,1244347244307717,2026-06-30,30,31,true,0,1
facebook,duolingo,141935472517297,1244347244307717,2026-07-01,30,31,true,0,1
facebook,duolingo,141935472517297,1745502363491077,2026-05-26,27,27,true,,
facebook,duolingo,141935472517297,1745502363491077,2026-06-04,27,27,true,0,9
facebook,duolingo,141935472517297,1745502363491077,2026-06-07,27,27,true,0,3
facebook,duolingo,141935472517297,1745502363491077,2026-06-11,26,27,true,1,4
facebook,duolingo,141935472517297,1745502363491077,2026-06-12,26,27,true,0,1
facebook,duolingo,141935472517297,1745502363491077,2026-06-13,26,27,true,0,1
facebook,duolingo,141935472517297,1745502363491077,2026-06-14,26,27,true,0,1
facebook,duolingo,141935472517297,1745502363491077,2026-06-15,26,27,true,0,1
facebook,duolingo,141935472517297,1745502363491077,2026-06-16,26,27,true,0,1
facebook,duolingo,141935472517297,1745502363491077,2026-06-17,26,27,true,0,1
facebook,duolingo,141935472517297,1745502363491077,2026-06-22,27,28,true,-1,5
facebook,duolingo,141935472517297,1745502363491077,2026-06-23,27,28,true,0,1
facebook,duolingo,141935472517297,1745502363491077,2026-06-24,27,28,true,0,1
facebook,duolingo,141935472517297,1745502363491077,2026-06-25,27,28,true,0,1
facebook,duolingo,141935472517297,1745502363491077,2026-06-26,28,29,true,-1,1
facebook,duolingo,141935472517297,1745502363491077,2026-06-28,28,29,true,0,2
facebook,duolingo,141935472517297,1745502363491077,2026-06-29,28,29,true,0,1
facebook,duolingo,141935472517297,1745502363491077,2026-06-30,28,29,true,0,1
facebook,duolingo,141935472517297,1745502363491077,2026-07-01,28,29,true,0,1
facebook,duolingo,141935472517297,1456372432368050,2026-05-26,28,28,true,,
facebook,duolingo,141935472517297,1456372432368050,2026-06-04,29,29,true,-1,9
facebook,duolingo,141935472517297,1456372432368050,2026-06-07,29,29,true,0,3
facebook,duolingo,141935472517297,1456372432368050,2026-06-11,29,30,true,0,4
facebook,duolingo,141935472517297,1456372432368050,2026-06-12,29,30,true,0,1
facebook,duolingo,141935472517297,1456372432368050,2026-06-13,29,30,true,0,1
facebook,duolingo,141935472517297,1456372432368050,2026-06-14,29,30,true,0,1
facebook,duolingo,141935472517297,1456372432368050,2026-06-15,29,30,true,0,1
facebook,duolingo,141935472517297,1456372432368050,2026-06-16,30,31,true,-1,1
facebook,duolingo,141935472517297,1456372432368050,2026-06-17,30,31,true,0,1
facebook,duolingo,141935472517297,1456372432368050,2026-06-22,28,29,true,2,5
facebook,duolingo,141935472517297,1456372432368050,2026-06-23,28,29,true,0,1
facebook,duolingo,141935472517297,1456372432368050,2026-06-24,29,30,true,-1,1
facebook,duolingo,141935472517297,1456372432368050,2026-06-25,29,30,true,0,1
facebook,duolingo,141935472517297,1456372432368050,2026-06-26,29,30,true,0,1
facebook,duolingo,141935472517297,1456372432368050,2026-06-28,29,30,true,0,2
facebook,duolingo,141935472517297,1456372432368050,2026-06-29,29,30,true,0,1
facebook,duolingo,141935472517297,1456372432368050,2026-06-30,29,30,true,0,1
facebook,duolingo,141935472517297,1456372432368050,2026-07-01,29,30,true,0,1
facebook,duolingo,141935472517297,2207673653307134,2026-05-26,29,29,true,,
facebook,duolingo,141935472517297,2207673653307134,2026-06-04,30,30,true,-1,9
facebook,duolingo,141935472517297,2207673653307134,2026-06-07,30,30,true,0,3
facebook,duolingo,141935472517297,2207673653307134,2026-06-11,30,31,true,0,4
facebook,duolingo,141935472517297,2207673653307134,2026-06-12,30,31,true,0,1
facebook,duolingo,141935472517297,2207673653307134,2026-06-13,30,31,true,0,1
facebook,duolingo,141935472517297,2207673653307134,2026-06-14,30,31,true,0,1
facebook,duolingo,141935472517297,2207673653307134,2026-06-15,30,31,true,0,1
facebook,duolingo,141935472517297,2207673653307134,2026-06-16,28,29,true,2,1
facebook,duolingo,141935472517297,2207673653307134,2026-06-17,28,29,true,0,1
facebook,duolingo,141935472517297,2207673653307134,2026-06-22,26,27,true,2,5
facebook,duolingo,141935472517297,2207673653307134,2026-06-23,26,27,true,0,1
facebook,duolingo,141935472517297,2207673653307134,2026-06-24,26,27,true,0,1
facebook,duolingo,141935472517297,2207673653307134,2026-06-25,26,27,true,0,1
facebook,duolingo,141935472517297,2207673653307134,2026-06-26,27,28,true,-1,1
facebook,duolingo,141935472517297,2207673653307134,2026-06-28,27,28,true,0,2
facebook,duolingo,141935472517297,2207673653307134,2026-06-29,27,28,true,0,1
facebook,duolingo,141935472517297,2207673653307134,2026-06-30,27,28,true,0,1
facebook,duolingo,141935472517297,2207673653307134,2026-07-01,27,28,true,0,1
facebook,duolingo,141935472517297,1595782761518272,2026-06-04,25,25,true,,
facebook,duolingo,141935472517297,1595782761518272,2026-06-07,25,25,true,0,3
facebook,duolingo,141935472517297,1595782761518272,2026-06-11,25,26,true,0,4
facebook,duolingo,141935472517297,1595782761518272,2026-06-12,25,26,true,0,1
facebook,duolingo,141935472517297,1595782761518272,2026-06-13,25,26,true,0,1
facebook,duolingo,141935472517297,1595782761518272,2026-06-14,25,26,true,0,1
facebook,duolingo,141935472517297,1595782761518272,2026-06-15,25,26,true,0,1
facebook,duolingo,141935472517297,1595782761518272,2026-06-16,25,26,true,0,1
facebook,duolingo,141935472517297,1595782761518272,2026-06-17,25,26,true,0,1
facebook,duolingo,141935472517297,1595782761518272,2026-06-22,24,25,true,1,5
facebook,duolingo,141935472517297,1595782761518272,2026-06-23,24,25,true,0,1
facebook,duolingo,141935472517297,1595782761518272,2026-06-24,25,26,true,-1,1
facebook,duolingo,141935472517297,1595782761518272,2026-06-25,25,26,true,0,1
facebook,duolingo,141935472517297,1595782761518272,2026-06-26,25,26,true,0,1
facebook,duolingo,141935472517297,1595782761518272,2026-06-28,25,26,true,0,2
facebook,duolingo,141935472517297,1595782761518272,2026-06-29,25,26,true,0,1
facebook,duolingo,141935472517297,1595782761518272,2026-06-30,25,26,true,0,1
facebook,duolingo,141935472517297,1595782761518272,2026-07-01,25,26,true,0,1
facebook,duolingo,1829461027108598,2567875460379817,2026-06-04,1,31,true,,
facebook,duolingo,1829461027108598,2054843735413850,2026-06-04,2,32,true,,
facebook,duolingo,1829461027108598,1340343458017819,2026-06-04,3,33,true,,
facebook,duolingo,1829461027108598,25024190163945827,2026-06-04,4,34,true,,
facebook,duolingo,1829461027108598,4315634672087742,2026-06-04,5,35,true,,
facebook,duolingo,1829461027108598,1511868853669891,2026-06-04,6,36,true,,
facebook,duolingo,1829461027108598,1244041101140184,2026-06-04,7,37,true,,
facebook,duolingo,1829461027108598,964203152818249,2026-06-04,8,38,true,,
facebook,duolingo,1829461027108598,1829036101386517,2026-06-04,9,39,true,,
facebook,duolingo,1829461027108598,1467346464518268,2026-06-04,10,40,true,,
facebook,duolingo,1829461027108598,4193196730867806,2026-06-04,11,41,true,,
facebook,duolingo,1829461027108598,980261668257529,2026-06-04,12,42,true,,
facebook,duolingo,1829461027108598,839034162134088,2026-06-04,13,43,true,,
facebook,duolingo,1829461027108598,1986969838579939,2026-06-04,14,44,true,,
facebook,duolingo,1829461027108598,1601650570902180,2026-06-04,15,45,true,,
facebook,duolingo,1829461027108598,862933273506827,2026-06-04,16,46,true,,
facebook,duolingo,1829461027108598,3509966935818159,2026-06-04,17,47,true,,
facebook,duolingo,1829461027108598,1625406865354471,2026-06-04,18,48,true,,
facebook,duolingo,1829461027108598,1205211558219012,2026-06-04,19,49,true,,
facebook,duolingo,1829461027108598,2421536621668950,2026-06-04,20,50,true,,
facebook,duolingo,1829461027108598,1495493641961395,2026-06-04,21,51,true,,
facebook,duolingo,1829461027108598,1911800266127163,2026-06-04,22,52,true,,
facebook,duolingo,1829461027108598,1023226656696370,2026-06-04,23,53,true,,
facebook,duolingo,1829461027108598,2164543697719032,2026-06-04,24,54,true,,
facebook,duolingo,1829461027108598,2435229170277118,2026-06-04,25,55,true,,
facebook,duolingo,1829461027108598,2192184221567617,2026-06-04,26,56,true,,
facebook,duolingo,1829461027108598,1282957083982524,2026-06-04,27,57,true,,
facebook,duolingo,1829461027108598,2206316933499935,2026-06-04,28,58,true,,
facebook,duolingo,1829461027108598,3054095394922294,2026-06-04,29,59,true,,
facebook,duolingo,1829461027108598,1398617942297818,2026-06-04,30,60,true,,
facebook,duolingo,1829461027108598,26593433683617766,2026-06-04,31,61,true,,
facebook,duolingo,1829461027108598,1557413435942135,2026-06-04,32,62,true,,
facebook,duolingo,1829461027108598,3049299128598351,2026-06-04,33,63,true,,
facebook,duolingo,141935472517297,1394125836100311,2026-06-22,25,26,true,,
facebook,duolingo,141935472517297,1394125836100311,2026-06-23,25,26,true,0,1
facebook,duolingo,141935472517297,1394125836100311,2026-06-24,20,21,true,5,1
facebook,duolingo,141935472517297,1394125836100311,2026-06-25,20,21,true,0,1
facebook,duolingo,141935472517297,1394125836100311,2026-06-26,18,19,true,2,1
facebook,duolingo,141935472517297,1394125836100311,2026-06-28,18,19,true,0,2
facebook,duolingo,141935472517297,1394125836100311,2026-06-29,18,19,true,0,1
facebook,duolingo,141935472517297,1394125836100311,2026-06-30,17,18,true,1,1
facebook,duolingo,141935472517297,1394125836100311,2026-07-01,17,18,true,0,1
facebook,duolingo,141935472517297,1432590688916824,2026-06-22,29,30,true,,
facebook,duolingo,141935472517297,1432590688916824,2026-06-23,29,30,true,0,1
facebook,duolingo,141935472517297,1432590688916824,2026-06-24,28,29,true,1,1
facebook,duolingo,141935472517297,1432590688916824,2026-06-25,28,29,true,0,1
facebook,duolingo,141935472517297,1432590688916824,2026-06-26,26,27,true,2,1
facebook,duolingo,141935472517297,1432590688916824,2026-06-28,26,27,true,0,2
facebook,duolingo,141935472517297,1432590688916824,2026-06-29,26,27,true,0,1
facebook,duolingo,141935472517297,1432590688916824,2026-06-30,26,27,true,0,1
facebook,duolingo,141935472517297,1432590688916824,2026-07-01,26,27,true,0,1
facebook,duolingo,141935472517297,1454975033324122,2026-07-02,13,13,true,,
facebook,duolingo,141935472517297,1454975033324122,2026-07-03,22,23,true,-9,1
facebook,duolingo,141935472517297,1454975033324122,2026-07-04,25,26,true,-3,1
facebook,duolingo,141935472517297,1454975033324122,2026-07-05,25,26,true,0,1
facebook,duolingo,141935472517297,1454975033324122,2026-07-06,29,30,true,-4,1
facebook,duolingo,141935472517297,1454975033324122,2026-07-07,29,30,true,0,1
facebook,duolingo,141935472517297,1454975033324122,2026-07-08,29,30,true,0,1
facebook,duolingo,141935472517297,1454975033324122,2026-07-09,29,30,true,0,1
facebook,duolingo,141935472517297,1454975033324122,2026-07-10,29,30,true,0,1
facebook,duolingo,141935472517297,1454975033324122,2026-07-11,29,30,true,0,1
facebook,duolingo,141935472517297,1454975033324122,2026-07-12,29,30,true,0,1
facebook,duolingo,141935472517297,1454975033324122,2026-07-13,29,30,true,0,1
facebook,duolingo,141935472517297,1454975033324122,2026-07-14,29,30,true,0,1
facebook,duolingo,141935472517297,1364532395612949,2026-07-02,14,14,true,,
facebook,duolingo,141935472517297,1364532395612949,2026-07-03,23,24,true,-9,1
facebook,duolingo,141935472517297,1364532395612949,2026-07-04,29,30,true,-6,1
facebook,duolingo,141935472517297,1364532395612949,2026-07-05,29,30,true,0,1
facebook,duolingo,141935472517297,1364532395612949,2026-07-06,27,28,true,2,1
facebook,duolingo,141935472517297,1364532395612949,2026-07-07,27,28,true,0,1
facebook,duolingo,141935472517297,1364532395612949,2026-07-08,27,28,true,0,1
facebook,duolingo,141935472517297,1364532395612949,2026-07-09,27,28,true,0,1
facebook,duolingo,141935472517297,1364532395612949,2026-07-10,28,29,true,-1,1
facebook,duolingo,141935472517297,1364532395612949,2026-07-11,28,29,true,0,1
facebook,duolingo,141935472517297,1364532395612949,2026-07-12,28,29,true,0,1
facebook,duolingo,141935472517297,1364532395612949,2026-07-13,28,29,true,0,1
facebook,duolingo,141935472517297,1364532395612949,2026-07-14,28,29,true,0,1
facebook,duolingo,141935472517297,1494881322674687,2026-07-02,15,15,true,,
facebook,duolingo,141935472517297,1494881322674687,2026-07-03,24,25,true,-9,1
facebook,duolingo,141935472517297,1494881322674687,2026-07-04,17,18,true,7,1
facebook,duolingo,141935472517297,1494881322674687,2026-07-05,17,18,true,0,1
facebook,duolingo,141935472517297,1494881322674687,2026-07-06,16,17,true,1,1
facebook,duolingo,141935472517297,1494881322674687,2026-07-07,16,17,true,0,1
facebook,duolingo,141935472517297,1494881322674687,2026-07-08,18,19,true,-2,1
facebook,duolingo,141935472517297,1494881322674687,2026-07-09,18,19,true,0,1
facebook,duolingo,141935472517297,1494881322674687,2026-07-10,18,19,true,0,1
facebook,duolingo,141935472517297,1494881322674687,2026-07-11,18,19,true,0,1
facebook,duolingo,141935472517297,1494881322674687,2026-07-12,17,18,true,1,1
facebook,duolingo,141935472517297,1494881322674687,2026-07-13,17,18,true,0,1
facebook,duolingo,141935472517297,1494881322674687,2026-07-14,17,18,true,0,1
facebook,duolingo,141935472517297,3939394116369617,2026-07-02,16,16,true,,
facebook,duolingo,141935472517297,3939394116369617,2026-07-03,25,26,true,-9,1
facebook,duolingo,141935472517297,3939394116369617,2026-07-04,19,20,true,6,1
facebook,duolingo,141935472517297,3939394116369617,2026-07-05,19,20,true,0,1
facebook,duolingo,141935472517297,3939394116369617,2026-07-06,24,25,true,-5,1
facebook,duolingo,141935472517297,3939394116369617,2026-07-07,24,25,true,0,1
facebook,duolingo,141935472517297,3939394116369617,2026-07-08,25,26,true,-1,1
facebook,duolingo,141935472517297,3939394116369617,2026-07-09,25,26,true,0,1
facebook,duolingo,141935472517297,3939394116369617,2026-07-10,24,25,true,1,1
facebook,duolingo,141935472517297,3939394116369617,2026-07-11,24,25,true,0,1
facebook,duolingo,141935472517297,3939394116369617,2026-07-12,24,25,true,0,1
facebook,duolingo,141935472517297,3939394116369617,2026-07-13,24,25,true,0,1
facebook,duolingo,141935472517297,3939394116369617,2026-07-14,25,26,true,-1,1
facebook,duolingo,141935472517297,1340124641657794,2026-07-02,17,17,true,,
facebook,duolingo,141935472517297,1340124641657794,2026-07-03,26,27,true,-9,1
facebook,duolingo,141935472517297,1340124641657794,2026-07-04,20,21,true,6,1
facebook,duolingo,141935472517297,1340124641657794,2026-07-05,20,21,true,0,1
facebook,duolingo,141935472517297,1340124641657794,2026-07-06,22,23,true,-2,1
facebook,duolingo,141935472517297,1340124641657794,2026-07-07,22,23,true,0,1
facebook,duolingo,141935472517297,1340124641657794,2026-07-08,23,24,true,-1,1
facebook,duolingo,141935472517297,1340124641657794,2026-07-09,23,24,true,0,1
facebook,duolingo,141935472517297,1340124641657794,2026-07-10,22,23,true,1,1
facebook,duolingo,141935472517297,1340124641657794,2026-07-11,22,23,true,0,1
facebook,duolingo,141935472517297,1340124641657794,2026-07-12,22,23,true,0,1
facebook,duolingo,141935472517297,1340124641657794,2026-07-13,22,23,true,0,1
facebook,duolingo,141935472517297,1340124641657794,2026-07-14,22,23,true,0,1
facebook,duolingo,141935472517297,872722692089728,2026-07-02,18,18,true,,
facebook,duolingo,141935472517297,872722692089728,2026-07-03,27,28,true,-9,1
facebook,duolingo,141935472517297,872722692089728,2026-07-04,24,25,true,3,1
facebook,duolingo,141935472517297,872722692089728,2026-07-05,24,25,true,0,1
facebook,duolingo,141935472517297,872722692089728,2026-07-06,17,18,true,7,1
facebook,duolingo,141935472517297,872722692089728,2026-07-07,17,18,true,0,1
facebook,duolingo,141935472517297,872722692089728,2026-07-08,16,17,true,1,1
facebook,duolingo,141935472517297,872722692089728,2026-07-09,16,17,true,0,1
facebook,duolingo,141935472517297,872722692089728,2026-07-10,15,16,true,1,1
facebook,duolingo,141935472517297,872722692089728,2026-07-11,15,16,true,0,1
facebook,duolingo,141935472517297,872722692089728,2026-07-12,14,15,true,1,1
facebook,duolingo,141935472517297,872722692089728,2026-07-13,14,15,true,0,1
facebook,duolingo,141935472517297,872722692089728,2026-07-14,14,15,true,0,1
facebook,duolingo,141935472517297,1530352525167478,2026-07-02,19,19,true,,
facebook,duolingo,141935472517297,1530352525167478,2026-07-03,28,29,true,-9,1
facebook,duolingo,141935472517297,1530352525167478,2026-07-04,30,31,true,-2,1
facebook,duolingo,141935472517297,1530352525167478,2026-07-05,30,31,true,0,1
facebook,duolingo,141935472517297,1530352525167478,2026-07-06,30,31,true,0,1
facebook,duolingo,141935472517297,1530352525167478,2026-07-07,30,31,true,0,1
facebook,duolingo,141935472517297,1530352525167478,2026-07-08,30,31,true,0,1
facebook,duolingo,141935472517297,1530352525167478,2026-07-09,30,31,true,0,1
facebook,duolingo,141935472517297,1530352525167478,2026-07-10,30,31,true,0,1
facebook,duolingo,141935472517297,1530352525167478,2026-07-11,30,31,true,0,1
facebook,duolingo,141935472517297,1530352525167478,2026-07-12,30,31,true,0,1
facebook,duolingo,141935472517297,1530352525167478,2026-07-13,30,31,true,0,1
facebook,duolingo,141935472517297,1530352525167478,2026-07-14,30,31,true,0,1
facebook,duolingo,141935472517297,1065691319139064,2026-07-02,20,20,true,,
facebook,duolingo,141935472517297,1065691319139064,2026-07-03,29,30,true,-9,1
facebook,duolingo,141935472517297,1065691319139064,2026-07-04,28,29,true,1,1
facebook,duolingo,141935472517297,1065691319139064,2026-07-05,28,29,true,0,1
facebook,duolingo,141935472517297,1065691319139064,2026-07-06,25,26,true,3,1
facebook,duolingo,141935472517297,1065691319139064,2026-07-07,25,26,true,0,1
facebook,duolingo,141935472517297,1065691319139064,2026-07-08,22,23,true,3,1
facebook,duolingo,141935472517297,1065691319139064,2026-07-09,22,23,true,0,1
facebook,duolingo,141935472517297,1065691319139064,2026-07-10,23,24,true,-1,1
facebook,duolingo,141935472517297,1065691319139064,2026-07-11,23,24,true,0,1
facebook,duolingo,141935472517297,1065691319139064,2026-07-12,23,24,true,0,1
facebook,duolingo,141935472517297,1065691319139064,2026-07-13,23,24,true,0,1
facebook,duolingo,141935472517297,1065691319139064,2026-07-14,21,22,true,2,1
facebook,duolingo,141935472517297,1358473513046877,2026-07-02,21,21,true,,
facebook,duolingo,141935472517297,1358473513046877,2026-07-03,30,31,true,-9,1
facebook,duolingo,141935472517297,1358473513046877,2026-07-04,13,14,true,17,1
facebook,duolingo,141935472517297,1358473513046877,2026-07-05,13,14,true,0,1
facebook,duolingo,141935472517297,1358473513046877,2026-07-06,13,14,true,0,1
facebook,duolingo,141935472517297,1358473513046877,2026-07-07,13,14,true,0,1
facebook,duolingo,141935472517297,1358473513046877,2026-07-08,13,14,true,0,1
facebook,duolingo,141935472517297,1358473513046877,2026-07-09,13,14,true,0,1
facebook,duolingo,141935472517297,1358473513046877,2026-07-10,13,14,true,0,1
facebook,duolingo,141935472517297,1358473513046877,2026-07-11,13,14,true,0,1
facebook,duolingo,141935472517297,1358473513046877,2026-07-12,13,14,true,0,1
facebook,duolingo,141935472517297,1358473513046877,2026-07-13,13,14,true,0,1
facebook,duolingo,141935472517297,1358473513046877,2026-07-14,13,14,true,0,1
facebook,duolingo,141935472517297,2490003268148509,2026-07-03,13,14,true,,
facebook,duolingo,141935472517297,2490003268148509,2026-07-04,15,16,true,-2,1
facebook,duolingo,141935472517297,2490003268148509,2026-07-05,15,16,true,0,1
facebook,duolingo,141935472517297,2490003268148509,2026-07-06,18,19,true,-3,1
facebook,duolingo,141935472517297,2490003268148509,2026-07-07,18,19,true,0,1
facebook,duolingo,141935472517297,2490003268148509,2026-07-08,19,20,true,-1,1
facebook,duolingo,141935472517297,2490003268148509,2026-07-09,19,20,true,0,1
facebook,duolingo,141935472517297,2490003268148509,2026-07-10,19,20,true,0,1
facebook,duolingo,141935472517297,2490003268148509,2026-07-11,19,20,true,0,1
facebook,duolingo,141935472517297,2490003268148509,2026-07-12,19,20,true,0,1
facebook,duolingo,141935472517297,2490003268148509,2026-07-13,19,20,true,0,1
facebook,duolingo,141935472517297,2490003268148509,2026-07-14,19,20,true,0,1
facebook,duolingo,141935472517297,2223911945030578,2026-07-03,14,15,true,,
facebook,duolingo,141935472517297,2223911945030578,2026-07-04,21,22,true,-7,1
facebook,duolingo,141935472517297,2223911945030578,2026-07-05,21,22,true,0,1
facebook,duolingo,141935472517297,2223911945030578,2026-07-06,26,27,true,-5,1
facebook,duolingo,141935472517297,2223911945030578,2026-07-07,26,27,true,0,1
facebook,duolingo,141935472517297,2223911945030578,2026-07-08,26,27,true,0,1
facebook,duolingo,141935472517297,2223911945030578,2026-07-09,26,27,true,0,1
facebook,duolingo,141935472517297,2223911945030578,2026-07-10,26,27,true,0,1
facebook,duolingo,141935472517297,2223911945030578,2026-07-11,26,27,true,0,1
facebook,duolingo,141935472517297,2223911945030578,2026-07-12,27,28,true,-1,1
facebook,duolingo,141935472517297,2223911945030578,2026-07-13,27,28,true,0,1
facebook,duolingo,141935472517297,2223911945030578,2026-07-14,27,28,true,0,1
facebook,duolingo,141935472517297,1011173138444252,2026-07-03,15,16,true,,
facebook,duolingo,141935472517297,1011173138444252,2026-07-04,18,19,true,-3,1
facebook,duolingo,141935472517297,1011173138444252,2026-07-05,18,19,true,0,1
facebook,duolingo,141935472517297,1011173138444252,2026-07-06,23,24,true,-5,1
facebook,duolingo,141935472517297,1011173138444252,2026-07-07,23,24,true,0,1
facebook,duolingo,141935472517297,1011173138444252,2026-07-08,24,25,true,-1,1
facebook,duolingo,141935472517297,1011173138444252,2026-07-09,24,25,true,0,1
facebook,duolingo,141935472517297,1011173138444252,2026-07-10,25,26,true,-1,1
facebook,duolingo,141935472517297,1011173138444252,2026-07-11,25,26,true,0,1
facebook,duolingo,141935472517297,1011173138444252,2026-07-12,25,26,true,0,1
facebook,duolingo,141935472517297,1011173138444252,2026-07-13,25,26,true,0,1
facebook,duolingo,141935472517297,1011173138444252,2026-07-14,26,27,true,-1,1
facebook,duolingo,141935472517297,1285799853439039,2026-07-03,16,17,true,,
facebook,duolingo,141935472517297,1285799853439039,2026-07-04,16,17,true,0,1
facebook,duolingo,141935472517297,1285799853439039,2026-07-05,16,17,true,0,1
facebook,duolingo,141935472517297,1285799853439039,2026-07-06,15,16,true,1,1
facebook,duolingo,141935472517297,1285799853439039,2026-07-07,15,16,true,0,1
facebook,duolingo,141935472517297,1285799853439039,2026-07-08,15,16,true,0,1
facebook,duolingo,141935472517297,1285799853439039,2026-07-09,15,16,true,0,1
facebook,duolingo,141935472517297,1285799853439039,2026-07-10,16,17,true,-1,1
facebook,duolingo,141935472517297,1285799853439039,2026-07-11,16,17,true,0,1
facebook,duolingo,141935472517297,1285799853439039,2026-07-12,16,17,true,0,1
facebook,duolingo,141935472517297,1285799853439039,2026-07-13,16,17,true,0,1
facebook,duolingo,141935472517297,1285799853439039,2026-07-14,15,16,true,1,1
facebook,duolingo,141935472517297,2222173525022786,2026-07-03,17,18,true,,
facebook,duolingo,141935472517297,2222173525022786,2026-07-04,14,15,true,3,1
facebook,duolingo,141935472517297,2222173525022786,2026-07-05,14,15,true,0,1
facebook,duolingo,141935472517297,2222173525022786,2026-07-06,14,15,true,0,1
facebook,duolingo,141935472517297,2222173525022786,2026-07-07,14,15,true,0,1
facebook,duolingo,141935472517297,2222173525022786,2026-07-08,14,15,true,0,1
facebook,duolingo,141935472517297,2222173525022786,2026-07-09,14,15,true,0,1
facebook,duolingo,141935472517297,2222173525022786,2026-07-10,14,15,true,0,1
facebook,duolingo,141935472517297,2222173525022786,2026-07-11,14,15,true,0,1
facebook,duolingo,141935472517297,2222173525022786,2026-07-12,15,16,true,-1,1
facebook,duolingo,141935472517297,2222173525022786,2026-07-13,15,16,true,0,1
facebook,duolingo,141935472517297,2222173525022786,2026-07-14,16,17,true,-1,1
facebook,duolingo,141935472517297,1047283794654159,2026-07-03,18,19,true,,
facebook,duolingo,141935472517297,1047283794654159,2026-07-04,22,23,true,-4,1
facebook,duolingo,141935472517297,1047283794654159,2026-07-05,22,23,true,0,1
facebook,duolingo,141935472517297,1047283794654159,2026-07-06,21,22,true,1,1
facebook,duolingo,141935472517297,1047283794654159,2026-07-07,21,22,true,0,1
facebook,duolingo,141935472517297,1047283794654159,2026-07-08,20,21,true,1,1
facebook,duolingo,141935472517297,1047283794654159,2026-07-09,20,21,true,0,1
facebook,duolingo,141935472517297,1047283794654159,2026-07-10,20,21,true,0,1
facebook,duolingo,141935472517297,1047283794654159,2026-07-11,20,21,true,0,1
facebook,duolingo,141935472517297,1047283794654159,2026-07-12,20,21,true,0,1
facebook,duolingo,141935472517297,1047283794654159,2026-07-13,20,21,true,0,1
facebook,duolingo,141935472517297,1047283794654159,2026-07-14,18,19,true,2,1
facebook,duolingo,141935472517297,1632792401134352,2026-07-03,19,20,true,,
facebook,duolingo,141935472517297,1632792401134352,2026-07-04,23,24,true,-4,1
facebook,duolingo,141935472517297,1632792401134352,2026-07-05,23,24,true,0,1
facebook,duolingo,141935472517297,1632792401134352,2026-07-06,20,21,true,3,1
facebook,duolingo,141935472517297,1632792401134352,2026-07-07,20,21,true,0,1
facebook,duolingo,141935472517297,1632792401134352,2026-07-08,21,22,true,-1,1
facebook,duolingo,141935472517297,1632792401134352,2026-07-09,21,22,true,0,1
facebook,duolingo,141935472517297,1632792401134352,2026-07-10,21,22,true,0,1
facebook,duolingo,141935472517297,1632792401134352,2026-07-11,21,22,true,0,1
facebook,duolingo,141935472517297,1632792401134352,2026-07-12,21,22,true,0,1
facebook,duolingo,141935472517297,1632792401134352,2026-07-13,21,22,true,0,1
facebook,duolingo,141935472517297,1632792401134352,2026-07-14,23,24,true,-2,1
facebook,duolingo,141935472517297,2311584146036186,2026-07-03,20,21,true,,
facebook,duolingo,141935472517297,2311584146036186,2026-07-04,27,28,true,-7,1
facebook,duolingo,141935472517297,2311584146036186,2026-07-05,27,28,true,0,1
facebook,duolingo,141935472517297,2311584146036186,2026-07-06,28,29,true,-1,1
facebook,duolingo,141935472517297,2311584146036186,2026-07-07,28,29,true,0,1
facebook,duolingo,141935472517297,2311584146036186,2026-07-08,28,29,true,0,1
facebook,duolingo,141935472517297,2311584146036186,2026-07-09,28,29,true,0,1
facebook,duolingo,141935472517297,2311584146036186,2026-07-10,27,28,true,1,1
facebook,duolingo,141935472517297,2311584146036186,2026-07-11,27,28,true,0,1
facebook,duolingo,141935472517297,2311584146036186,2026-07-12,26,27,true,1,1
facebook,duolingo,141935472517297,2311584146036186,2026-07-13,26,27,true,0,1
facebook,duolingo,141935472517297,2311584146036186,2026-07-14,24,25,true,2,1
facebook,duolingo,141935472517297,1021191287536143,2026-07-03,21,22,true,,
facebook,duolingo,141935472517297,1021191287536143,2026-07-04,26,27,true,-5,1
facebook,duolingo,141935472517297,1021191287536143,2026-07-05,26,27,true,0,1
facebook,duolingo,141935472517297,1021191287536143,2026-07-06,19,20,true,7,1
facebook,duolingo,141935472517297,1021191287536143,2026-07-07,19,20,true,0,1
facebook,duolingo,141935472517297,1021191287536143,2026-07-08,17,18,true,2,1
facebook,duolingo,141935472517297,1021191287536143,2026-07-09,17,18,true,0,1
facebook,duolingo,141935472517297,1021191287536143,2026-07-10,17,18,true,0,1
facebook,duolingo,141935472517297,1021191287536143,2026-07-11,17,18,true,0,1
facebook,duolingo,141935472517297,1021191287536143,2026-07-12,18,19,true,-1,1
facebook,duolingo,141935472517297,1021191287536143,2026-07-13,18,19,true,0,1
facebook,duolingo,141935472517297,1021191287536143,2026-07-14,20,21,true,-2,1
