ad_id,language_copy,language_audio,agreement_status,is_codeswitch
1000086685840067,Hindi,Hindi,agree,false
1000523962730989,Hindi,Hindi,agree,false
1000814619513542,Hindi,Hindi,agree,false
1000897915789500,Hindi,Hindi,agree,false
1000927905811536,Hindi,Hindi,agree,false
1001176696004682,Hindi,Hindi,agree,false
1001357272270495,Hindi,Hindi,agree,false
1001545505619274,Hindi,Hindi,agree,false
1001556605939706,Hindi,Hindi,agree,false
1003049005798358,Hindi,Hindi,agree,false
1003100012713926,Hindi,Hindi,agree,false
1003514292166877,Gujarati,Gujarati,agree,false
1003576882406545,Hindi,Hindi,agree,false
1004112128872943,Hindi,Hindi,agree,false
1004806355238570,Hindi,Hindi,agree,false
1005257525198925,Hindi,Hindi,agree,false
1006108492360115,Bengali,Bengali,agree,false
1006661035243431,Hindi,Hindi,agree,false
1008058698299539,Hindi,Hindi,agree,false
1008293012135432,Hindi,Hindi,agree,false
1008376008280324,Hindi,Hindi,agree,false
1009499741469794,Hindi,Hindi,agree,false
1010097468667310,Hindi,Hindi,agree,false
1011300708130761,Hindi,Hindi,agree,false
1011307304820369,Hindi,Hindi,agree,false
1011627021476612,Hindi,Hindi,agree,false
1012594294691296,Hindi,Hindi,agree,false
1012751497873071,Hindi,Hindi,agree,false
1013010197776097,Hindi,Hindi,agree,false
1013181651239799,Hindi,Hindi,agree,false
1013549848030099,Hindi,Hindi,agree,false
1013595614333515,Hindi,Hindi,agree,false
1013668457726942,Hindi,Hindi,agree,false
1013801474340905,Hindi,Hindi,agree,false
1013834224460527,Hindi,Hindi,agree,false
1013965144742380,Hindi,Hindi,agree,false
1015345331246570,Hindi,Hindi,agree,false
1015543491226232,Hindi,Hindi,agree,false
1015926377610393,Hindi,Hindi,agree,false
1016275888005436,Hindi,Hindi,agree,false
1016372917638242,Hindi,Hindi,agree,false
1016415150793716,Hindi,Hindi,agree,false
1016711277501426,Hindi,Hindi,agree,false
1016959647699492,Hindi,Hindi,agree,false
1018180690712130,Hindi,Hindi,agree,false
1018262830627096,Hindi,Hindi,agree,false
1018683797295011,Hindi,Hindi,agree,false
1019346871031325,Gujarati,Gujarati,agree,false
1019378727292833,Hindi,Hindi,agree,false
1019667247166100,Hindi,Hindi,agree,false
1021041514250343,Hindi,Hindi,agree,false
1021238797034341,Hindi,Hindi,agree,false
1021980153536343,Hindi,Hindi,agree,false
1022035256895189,Hindi,Hindi,agree,false
1022376317001690,Hindi,Hindi,agree,false
1022674277084766,Hindi,Hindi,agree,false
1022758773604361,Hindi,Hindi,agree,false
1023295656811984,Hindi,Hindi,agree,false
1024125033893330,Hindi,Hindi,agree,false
1024869819880376,Hindi,Hindi,agree,false
1024869953563083,Hindi,Hindi,agree,false
1025514597085693,Hindi,Hindi,agree,false
1025822196672066,Hindi,Hindi,agree,false
1026281803080676,Hindi,Hindi,agree,false
1026936686437581,Hindi,Hindi,agree,false
1027744632964202,Hindi,Hindi,agree,false
1028015442984226,Hindi,Hindi,agree,false
1028046746241190,Hindi,Hindi,agree,false
1029119389567355,Hindi,Hindi,agree,false
1029442363364951,Hindi,Hindi,agree,false
1029605236397131,Hindi,Hindi,agree,false
1030022866643673,Hindi,Hindi,agree,false
1030351746604474,Hindi,Hindi,agree,false
1030511049556192,Hindi,Hindi,agree,false
1031414429844198,Hindi,Hindi,agree,false
1031554412893220,Hindi,Hindi,agree,false
1032742602409239,Hindi,Hindi,agree,false
1033103892989144,Hindi,Hindi,agree,false
1033915609199890,Hindi,Hindi,agree,false
1034452249264538,Hindi,Hindi,agree,false
1035891969103163,Bengali,Bengali,agree,false
1039699242065315,Hindi,Hindi,agree,false
1041203921585031,Hindi,Hindi,agree,false
1043816221481981,Hindi,Hindi,agree,false
1045938718323196,Hindi,Hindi,agree,false
1045990277761082,Bengali,Bengali,agree,false
1046367191060084,Hindi,Hindi,agree,false
1046475394470797,Hindi,Hindi,agree,false
1046740708036998,Hindi,Hindi,agree,false
1047145780977572,Hindi,Hindi,agree,false
1047178357881109,Hindi,Hindi,agree,false
1052565497102220,Bengali,Bengali,agree,false
1053033800620826,Hindi,Hindi,agree,false
1054948106795031,Hindi,Hindi,agree,false
1055425796917432,Hindi,Hindi,agree,false
1060397323216348,Hindi,Hindi,agree,false
1064411756012272,Hindi,Hindi,agree,false
1066767346096195,Hindi,Hindi,agree,false
1069394115515801,Hindi,Hindi,agree,false
1071355105338086,Hindi,Hindi,agree,false
1116123194536720,Hindi,Hindi,agree,false
1126978040496998,Hindi,Hindi,agree,false
1132903655640672,Bengali,Bengali,agree,false
1142996851503981,Hindi,Hindi,agree,false
1147815504196202,Hindi,Hindi,agree,false
1161138129534140,Hindi,Hindi,agree,false
1165134132464323,Hindi,Hindi,agree,false
1172303941744566,Hindi,Hindi,agree,false
1176956084747598,Hindi,Hindi,agree,false
1181778644138684,Hindi,Hindi,agree,false
1185488816920457,Hindi,Hindi,agree,false
1187405566846547,Hindi,Hindi,agree,false
1187837300145651,Hindi,Hindi,agree,false
1188460143323551,Hindi,Hindi,agree,false
1195431255950589,Hindi,Hindi,agree,false
1201805335291194,Hindi,Hindi,agree,false
1208178014689298,Hindi,Hindi,agree,false
1208540079002247,Hindi,Hindi,agree,false
1210251577301882,Hindi,Hindi,agree,false
1212213287545559,Hindi,Hindi,agree,false
1214709560683717,Hindi,Hindi,agree,false
1217329830515440,Hindi,Hindi,agree,false
1223700476600723,Hindi,Hindi,agree,false
1224227439081919,Hindi,Hindi,agree,false
1229348518532340,Hindi,Gujarati,disagree,true
1232439765357445,Hindi,Hindi,agree,false
1232981315449845,Hindi,Hindi,agree,false
1244502544271910,Hindi,Hindi,agree,false
1244507290916309,Hindi,Hindi,agree,false
1246315007578917,Hindi,Hindi,agree,false
1251191153618197,Hindi,Hindi,agree,false
1265895969024499,Hindi,Hindi,agree,false
1266598292218603,Hindi,Hindi,agree,false
1268899174805199,Hindi,Hindi,agree,false
1270824095218870,Hindi,Hindi,agree,false
1271047411639492,Hindi,Hindi,agree,false
1272279901643475,Hindi,Hindi,agree,false
1278688914111833,Hindi,Hindi,agree,false
1278769291088873,Hindi,Hindi,agree,false
1280073977526595,Hindi,Hindi,agree,false
1281336507021529,Hindi,Hindi,agree,false
1283112016910303,Hindi,Hindi,agree,false
1283358550592107,Hindi,Hindi,agree,false
1283394677116210,Hindi,Hindi,agree,false
1285550063658875,Hindi,Hindi,agree,false
1289467059618283,Hindi,Hindi,agree,false
1291444699631777,Hindi,Hindi,agree,false
1292543595710795,Hindi,Hindi,agree,false
1295408179388109,Hindi,Hindi,agree,false
1295675962756393,Hindi,Hindi,agree,false
1300169945614322,Hindi,Hindi,agree,false
1302125191954780,Hindi,Marathi,disagree,true
1302516825430257,Bengali,Bengali,agree,false
1304663088473953,Hindi,Hindi,agree,false
1305985317637766,Hindi,Hindi,agree,false
1306261087883242,Bengali,Bengali,agree,false
1306683991568883,Hindi,Hindi,agree,false
1307637824670207,Hindi,Hindi,agree,false
1309510511121100,Bengali,Bengali,agree,false
1309536078044009,Hindi,Hindi,agree,false
1311613457830080,Hindi,Hindi,agree,false
1311709904477163,Hindi,Hindi,agree,false
1312728620827992,Hindi,Hindi,agree,false
1312890860307801,Hindi,Hindi,agree,false
1313747330354233,Hindi,Hindi,agree,false
1316270936725599,Hindi,Hindi,agree,false
1316284770675915,Hindi,Hindi,agree,false
1316980713876260,Hindi,Hindi,agree,false
1318286753814354,Hindi,Hindi,agree,false
1318793436483983,Hindi,Hindi,agree,false
1319130399553574,Hindi,Hindi,agree,false
1322445393188839,Hindi,Hindi,agree,false
1323135575922787,Hindi,Hindi,agree,false
1323805355859118,Hindi,Hindi,agree,false
1324964102448244,Hindi,Hindi,agree,false
1325408452513105,Hindi,Hindi,agree,false
1325748155804834,Hindi,Hindi,agree,false
1328303915408570,Hindi,Hindi,agree,false
1328633246049728,Hindi,Hindi,agree,false
1328696696053579,Hindi,Hindi,agree,false
1328723885899810,Hindi,Hindi,agree,false
1328891619218741,Hindi,Hindi,agree,false
1329327399340547,Hindi,Hindi,agree,false
1329344752489006,Hindi,Hindi,agree,false
1329558305906208,Hindi,Hindi,agree,false
1329796115251457,Hindi,Hindi,agree,false
1330007445767303,Hindi,Hindi,agree,false
1330805262348986,Hindi,Hindi,agree,false
1333487312060975,Hindi,Hindi,agree,false
1333604115380092,Hindi,Hindi,agree,false
1334434508827788,Hindi,Hindi,agree,false
1334606518618473,Hindi,Hindi,agree,false
1335755781981127,Hindi,Hindi,agree,false
1335933525344595,Hindi,Hindi,agree,false
1336165217955587,Hindi,Hindi,agree,false
1336463675088970,Bengali,Bengali,agree,false
1337582304971119,Hindi,Hindi,agree,false
1338646038115560,Hindi,Hindi,agree,false
1339144911424810,Hindi,Hindi,agree,false
1340160141368459,Hindi,Hindi,agree,false
1341026564866825,Hindi,Hindi,agree,false
1343543300957920,Hindi,Hindi,agree,false
1344367484298204,Hindi,Hindi,agree,false
1347952960877015,Hindi,Hindi,agree,false
1348094906792977,Hindi,Hindi,agree,false
1348136263949535,Hindi,Hindi,agree,false
1348548100554793,Hindi,Hindi,agree,false
1352224066791360,Hindi,Hindi,agree,false
1353647783548641,Hindi,Hindi,agree,false
1356285063214825,Hindi,Hindi,agree,false
1356697299666743,Hindi,Hindi,agree,false
1357436906281518,Hindi,Hindi,agree,false
1360549895753796,Hindi,Hindi,agree,false
1363154838960011,Hindi,Hindi,agree,false
1364506482308320,Hindi,Hindi,agree,false
1364520442219315,Hindi,Hindi,agree,false
1364784788843978,Hindi,Hindi,agree,false
1365203578997397,Hindi,Hindi,agree,false
1366851648954243,Hindi,Hindi,agree,false
1368825875099673,Hindi,Hindi,agree,false
1369366785241374,Hindi,Hindi,agree,false
1369939148530992,Hindi,Hindi,agree,false
1369940928435757,Hindi,Hindi,agree,false
1370160414961572,Hindi,Hindi,agree,false
1371188878397753,Hindi,Hindi,agree,false
1371263345064271,Hindi,Hindi,agree,false
1372658224760205,Hindi,Hindi,agree,false
1374390771404033,Hindi,Hindi,agree,false
1375484684464342,Hindi,Hindi,agree,false
1380461113951628,Hindi,Hindi,agree,false
1383705140289874,Hindi,Hindi,agree,false
1385952640022072,Hindi,Hindi,agree,false
1389128029740094,Hindi,Hindi,agree,false
1389687782990041,Hindi,Hindi,agree,false
1389914442975371,Hindi,Hindi,agree,false
1392136702744042,Hindi,Hindi,agree,false
1395351685758863,Hindi,Hindi,agree,false
1399006322049353,Hindi,Hindi,agree,false
1399469045648797,Hindi,Hindi,agree,false
1401928505082107,Hindi,Hindi,agree,false
1403757831409828,Hindi,Hindi,agree,false
1405574977998244,Hindi,Hindi,agree,false
1406691644630557,Hindi,Hindi,agree,false
1407795181150871,Hindi,Hindi,agree,false
1409816634516473,Hindi,Hindi,agree,false
1416141183867828,Hindi,Hindi,agree,false
1417299323565200,Hindi,Hindi,agree,false
1417426263526714,Hindi,Hindi,agree,false
1418149806668088,Hindi,Hindi,agree,false
1419054459866080,Hindi,Hindi,agree,false
1427103212256894,Hindi,Hindi,agree,false
1430826552137036,Hindi,Hindi,agree,false
1436524178516846,Hindi,Hindi,agree,false
1440382108104857,Hindi,Hindi,agree,false
1445227317366557,Hindi,Hindi,agree,false
1445447133927643,Hindi,Hindi,agree,false
1447369716630978,Hindi,Hindi,agree,false
1449399177216557,Hindi,Hindi,agree,false
1452895900215996,Hindi,Hindi,agree,false
1458753802673822,Bengali,Bengali,agree,false
1461034499390463,Hindi,Hindi,agree,false
1463686805063835,Hindi,Hindi,agree,false
1465022205637019,Hindi,Hindi,agree,false
1466136302218692,Hindi,Hindi,agree,false
1467890751279753,Hindi,Hindi,agree,false
1473725044062857,Hindi,Hindi,agree,false
1474803617287316,Hindi,Hindi,agree,false
1476645587385501,Hindi,Hindi,agree,false
1479670906926896,Hindi,Hindi,agree,false
1481600617048122,Hindi,Hindi,agree,false
1482496776533372,Hindi,Hindi,agree,false
1483037666208224,Hindi,Hindi,agree,false
1483706739708125,Hindi,Hindi,agree,false
1483791276290994,Hindi,Hindi,agree,false
1484554966327969,Hindi,Hindi,agree,false
1485129796264251,Hindi,Hindi,agree,false
1485257069470905,Hindi,Hindi,agree,false
1485370303347876,Hindi,Hindi,agree,false
1487058956058174,Hindi,Hindi,agree,false
1487410989520803,Hindi,Hindi,agree,false
1487727205937844,Hindi,Hindi,agree,false
1488947212361508,Hindi,Hindi,agree,false
1490787835910342,Hindi,Hindi,agree,false
1490991088886116,Hindi,Hindi,agree,false
1491418492197050,Hindi,Hindi,agree,false
1491518059125575,Hindi,Hindi,agree,false
1492356832542306,Hindi,Hindi,agree,false
1492999052622057,Hindi,Hindi,agree,false
1493798311856053,Hindi,Hindi,agree,false
1494902855983792,Hindi,Hindi,agree,false
1495976748935879,Hindi,Hindi,agree,false
1497713908346862,Hindi,English,disagree,true
1499606681634983,Hindi,Hindi,agree,false
1499639891856300,Hindi,Hindi,agree,false
1499968041505818,Hindi,Hindi,agree,false
1500329868506567,Bengali,Bengali,agree,false
1500481334881968,Hindi,Hindi,agree,false
1500961498715018,Hindi,Hindi,agree,false
1501154984318432,Hindi,Hindi,agree,false
1502392968556177,Hindi,Hindi,agree,false
1503258111530571,Hindi,Hindi,agree,false
1503697738097799,Hindi,Hindi,agree,false
1503768517874427,Hindi,Hindi,agree,false
1504011217832296,Hindi,Hindi,agree,false
1504714588075241,Hindi,Hindi,agree,false
1504911954989241,Hindi,Hindi,agree,false
1505738854342782,Hindi,Hindi,agree,false
1505899207667490,Hindi,Hindi,agree,false
1506239587899497,Hindi,Hindi,agree,false
1506453667091488,Hindi,Hindi,agree,false
1507666891134916,Hindi,Hindi,agree,false
1507669688042876,Hindi,Hindi,agree,false
1509213467574363,Hindi,Hindi,agree,false
1509527853448376,Hindi,Hindi,agree,false
1509836106937658,Hindi,Hindi,agree,false
1509995770625459,Hindi,Hindi,agree,false
1513255320189298,Hindi,Hindi,agree,false
1513521240502710,Hindi,Hindi,agree,false
1514033473586244,Hindi,Hindi,agree,false
1514896193659204,Hindi,Hindi,agree,false
1515705016866283,Hindi,Hindi,agree,false
1515722056768953,Hindi,Hindi,agree,false
1515756566306303,Hindi,Hindi,agree,false
1516530769853742,Hindi,Hindi,agree,false
1516557379959604,Hindi,Hindi,agree,false
1518594126387614,Hindi,Hindi,agree,false
1518923866338730,Hindi,Hindi,agree,false
1519110823336923,Hindi,Hindi,agree,false
1520726159399023,Bengali,Bengali,agree,false
1520868789582557,Hindi,Hindi,agree,false
1522677949449657,Hindi,Hindi,agree,false
1523349322733546,Hindi,Hindi,agree,false
1523983375767554,Hindi,Hindi,agree,false
1524159809105462,Hindi,Hindi,agree,false
1524728379301435,Hindi,Hindi,agree,false
1525026229225012,Hindi,Hindi,agree,false
1525194939047985,Hindi,Hindi,agree,false
1525833275872737,Hindi,Hindi,agree,false
1525891568990663,Hindi,Hindi,agree,false
1526116959237145,Hindi,Hindi,agree,false
1526173339018159,Hindi,Hindi,agree,false
1526957075637460,Hindi,Hindi,agree,false
1528298082022266,Hindi,Hindi,agree,false
1529790215251306,Hindi,Hindi,agree,false
1529875838868086,Hindi,Hindi,agree,false
1530668092181879,Hindi,Hindi,agree,false
1531339381874798,Hindi,Hindi,agree,false
1531355598704815,Hindi,Hindi,agree,false
1533133661531012,Hindi,Hindi,agree,false
1534167084879060,Hindi,Hindi,agree,false
1534796794981596,Hindi,Hindi,agree,false
1535469484629346,Hindi,Hindi,agree,false
1535557504615767,Hindi,Hindi,agree,false
1535760264720059,Hindi,Hindi,agree,false
1535888857983983,Hindi,Hindi,agree,false
1536448534581579,Hindi,Hindi,agree,false
1536481894496089,Hindi,Hindi,agree,false
1536550541426561,Hindi,Hindi,agree,false
1536553451211941,Hindi,Hindi,agree,false
1536594971183889,Hindi,Hindi,agree,false
1537639934695915,Hindi,Hindi,agree,false
1537809917693327,Hindi,Hindi,agree,false
1538074337710907,Hindi,Hindi,agree,false
1538116381369725,Hindi,Hindi,agree,false
1538663697864452,Hindi,Hindi,agree,false
1540174657524420,Hindi,Hindi,agree,false
1540319987789582,Hindi,Hindi,agree,false
1540800061031893,Hindi,Hindi,agree,false
1541787580770336,Hindi,Hindi,agree,false
1541923423962810,Hindi,Hindi,agree,false
1542093714195929,Hindi,Hindi,agree,false
1542133587364460,Hindi,Hindi,agree,false
1542340673957916,Hindi,Hindi,agree,false
1543346810477427,Hindi,Hindi,agree,false
1543723467283493,Hindi,Hindi,agree,false
1544379733768460,Hindi,Hindi,agree,false
1544558360369298,Hindi,Hindi,agree,false
1545268820543987,Hindi,Hindi,agree,false
1545351903591600,Hindi,Hindi,agree,false
1547106290447968,Hindi,Hindi,agree,false
1547203000296284,Hindi,Hindi,agree,false
1549719940113225,Hindi,Hindi,agree,false
1549761863456981,Hindi,Hindi,agree,false
1550162056745551,Hindi,Hindi,agree,false
1551480519924408,Hindi,Hindi,agree,false
1552343953110699,Hindi,Hindi,agree,false
1555130236107439,Hindi,Hindi,agree,false
1555200289554353,Hindi,Hindi,agree,false
1555436146233455,Hindi,Hindi,agree,false
1556117122696788,Hindi,Hindi,agree,false
1556926006042951,Hindi,Hindi,agree,false
1557634265977929,Hindi,Hindi,agree,false
1559841751931772,Hindi,Hindi,agree,false
1560636722119834,Hindi,Hindi,agree,false
1561928775318709,Hindi,Hindi,agree,false
1563420601827250,Hindi,Hindi,agree,false
1566072955175639,Hindi,Hindi,agree,false
1568452348192437,Hindi,Hindi,agree,false
1571320584323906,Hindi,Hindi,agree,false
1572088821100431,Hindi,Hindi,agree,false
1572328880981349,Hindi,Hindi,agree,false
1574354354104403,Hindi,Hindi,agree,false
1574809634256451,Hindi,Hindi,agree,false
1576350230571641,Hindi,Hindi,agree,false
1589946562722646,Hindi,Hindi,agree,false
1591331855655826,Hindi,Hindi,agree,false
1595067655957647,Hindi,Hindi,agree,false
1599191114473908,Bengali,Bengali,agree,false
1602379751895886,Hindi,Hindi,agree,false
1603965631335488,Hindi,Hindi,agree,false
1604005394576157,Hindi,Hindi,agree,false
1608575014603598,Hindi,Hindi,agree,false
1609628960102780,Bengali,Bengali,agree,false
1616010232799359,Hindi,Hindi,agree,false
1616161116147111,Hindi,Hindi,agree,false
1619768796177619,Hindi,Hindi,agree,false
1620402635724438,Hindi,Hindi,agree,false
1625019875269302,Hindi,Hindi,agree,false
1626553531732571,Hindi,Hindi,agree,false
1628464242612514,Hindi,Hindi,agree,false
1628567501680633,Hindi,Hindi,agree,false
1628573728690102,Hindi,Hindi,agree,false
1631458994582084,Hindi,Hindi,agree,false
1631658434604080,Hindi,Hindi,agree,false
1632229781167786,Hindi,Hindi,agree,false
1633095154644536,Hindi,Hindi,agree,false
1634958147985807,Hindi,Hindi,agree,false
1636577990607766,Bengali,Bengali,agree,false
1637295474048948,Hindi,Hindi,agree,false
1637911940656686,Hindi,Hindi,agree,false
1638340080555107,Hindi,Hindi,agree,false
1639481830496403,Hindi,Hindi,agree,false
1641175950293842,Hindi,Hindi,agree,false
1641629937137441,Hindi,Hindi,agree,false
1642769457026334,Hindi,Hindi,agree,false
1643770476925443,Hindi,Hindi,agree,false
1646134436494449,Hindi,Hindi,agree,false
1646472486644290,Hindi,Hindi,agree,false
1647701632987393,Hindi,Hindi,agree,false
1648274926458912,Hindi,Hindi,agree,false
1649960252894658,Hindi,Hindi,agree,false
1650350396265591,Hindi,Hindi,agree,false
1651270955950318,Hindi,Hindi,agree,false
1653589995874727,Hindi,Hindi,agree,false
1655935349015018,Hindi,Hindi,agree,false
1663824114906716,Hindi,Hindi,agree,false
1664529894628382,Hindi,Hindi,agree,false
1665314457865218,Hindi,Hindi,agree,false
1669005917711876,Hindi,Hindi,agree,false
1669795037584536,Hindi,Hindi,agree,false
1671192670770177,Hindi,Hindi,agree,false
1671316657522052,Hindi,Hindi,agree,false
1672013927379995,Hindi,Hindi,agree,false
1673680823847371,Hindi,Hindi,agree,false
1673868487068872,Hindi,Hindi,agree,false
1675500013659873,Hindi,Hindi,agree,false
1676225003275778,Hindi,Hindi,agree,false
1676469613688542,Hindi,Hindi,agree,false
1677084740219793,Bengali,Bengali,agree,false
1678149976807947,Hindi,Hindi,agree,false
1678449883362252,Hindi,Hindi,agree,false
1679139356639807,Hindi,Hindi,agree,false
1679847006596882,Hindi,Hindi,agree,false
1681566306381936,Hindi,Hindi,agree,false
1683181803008249,Hindi,Hindi,agree,false
1683927056192086,Hindi,Hindi,agree,false
1684517645937290,Hindi,Hindi,agree,false
1685429502767905,Hindi,Hindi,agree,false
1686722056094306,Hindi,Hindi,agree,false
1688831792163287,Hindi,Hindi,agree,false
1689537262000020,Hindi,Hindi,agree,false
1689667296500228,Hindi,Hindi,agree,false
1690365285332686,Hindi,Hindi,agree,false
1690865141916250,Hindi,Hindi,agree,false
1691560568696606,Hindi,Hindi,agree,false
1691683045480256,Hindi,Hindi,agree,false
1693072372003572,Hindi,Hindi,agree,false
1693369778372271,Hindi,Hindi,agree,false
1693669981674415,Hindi,Hindi,agree,false
1698112201434588,Hindi,Hindi,agree,false
1698307001362825,Hindi,Hindi,agree,false
1698443078167513,Hindi,Hindi,agree,false
1698486967975301,Hindi,Hindi,agree,false
1699090061132628,Hindi,Hindi,agree,false
1699700921215417,Hindi,Hindi,agree,false
1699878214534257,Hindi,Hindi,agree,false
1700320024336746,Hindi,Hindi,agree,false
1701299787729897,Hindi,Hindi,agree,false
1701580634319194,Hindi,Hindi,agree,false
1701731070831197,Hindi,Hindi,agree,false
1702417277734069,Hindi,Hindi,agree,false
1702894351047677,Hindi,Hindi,agree,false
1705246027426025,Hindi,Hindi,agree,false
1706068323752314,Hindi,Hindi,agree,false
1706800790737031,Hindi,Hindi,agree,false
1707911177300940,Hindi,Hindi,agree,false
1708083870530128,Hindi,Hindi,agree,false
1708177286868160,Hindi,Hindi,agree,false
1711078123666484,Hindi,Hindi,agree,false
1711154129885734,Hindi,Hindi,agree,false
1711244623258459,Hindi,Hindi,agree,false
1711642266633519,Hindi,Hindi,agree,false
1712224183453096,Hindi,Hindi,agree,false
1712482393523503,Bengali,Bengali,agree,false
1713250286381290,Hindi,Hindi,agree,false
1714159199581150,Hindi,Hindi,agree,false
1715109379839037,Hindi,Hindi,agree,false
1715606886123446,Hindi,Hindi,agree,false
1717052839607838,Hindi,Hindi,agree,false
1717225219274942,Hindi,Hindi,agree,false
1719504072403935,Hindi,Hindi,agree,false
1719939115662673,Hindi,Hindi,agree,false
1720271139155250,Hindi,Hindi,agree,false
1720395459131049,Hindi,Hindi,agree,false
1720610582305471,Hindi,Hindi,agree,false
1722743238888620,Hindi,Hindi,agree,false
1724830195190039,Hindi,Hindi,agree,false
1725152981831904,Hindi,Hindi,agree,false
1726702032101827,Hindi,Hindi,agree,false
1728535624842006,Hindi,Hindi,agree,false
1731078088206753,Hindi,Hindi,agree,false
1731225431546607,Hindi,Hindi,agree,false
1731321081212871,Hindi,Hindi,agree,false
1732125901478288,Hindi,Hindi,agree,false
1732630374543582,Hindi,Hindi,agree,false
1733263277722198,Hindi,Hindi,agree,false
1733348211427054,Hindi,Hindi,agree,false
1733841918042744,Hindi,Hindi,agree,false
1736747117292615,Hindi,Hindi,agree,false
1736842965112021,Hindi,Hindi,agree,false
1750506092625928,Hindi,Hindi,agree,false
1750797312575013,Hindi,Hindi,agree,false
1753074432553235,Hindi,Hindi,agree,false
1753605869341627,Hindi,Hindi,agree,false
1755395445839518,Hindi,Hindi,agree,false
1755584038966985,Hindi,Hindi,agree,false
1756116462230470,Hindi,Hindi,agree,false
1758258622222070,Hindi,Hindi,agree,false
1758430705143550,Hindi,Hindi,agree,false
1759319031903180,Hindi,Hindi,agree,false
1762074481809257,Hindi,Hindi,agree,false
1762683425102280,Bengali,Bengali,agree,false
1767058138206980,Hindi,Hindi,agree,false
1770368940986040,Hindi,Hindi,agree,false
1771677060514464,Hindi,Hindi,agree,false
1776427543722557,Hindi,Hindi,agree,false
1777868353380885,Hindi,Hindi,agree,false
1780057300029947,Hindi,Hindi,agree,false
1784669902694989,Hindi,Hindi,agree,false
1788960238761042,Hindi,Hindi,agree,false
1790759518556749,Hindi,Hindi,agree,false
1791436415600213,Hindi,Hindi,agree,false
1793407744963818,Bengali,Bengali,agree,false
1794301965279871,Hindi,Hindi,agree,false
1798711957512384,Hindi,Hindi,agree,false
1804123030972022,Hindi,Hindi,agree,false
1805823603712486,Hindi,Hindi,agree,false
1808954107158548,Hindi,Hindi,agree,false
1811538746955560,Hindi,Hindi,agree,false
1811995719964985,Hindi,Hindi,agree,false
1813689653319537,Hindi,Hindi,agree,false
1841182893505052,Hindi,Hindi,agree,false
1852368735445229,Hindi,Hindi,agree,false
1859781248741100,Hindi,Hindi,agree,false
1864845014476554,Hindi,Hindi,agree,false
1865027414184541,Hindi,Hindi,agree,false
1865631000775977,Bengali,Bengali,agree,false
1868096310508725,Hindi,Hindi,agree,false
1873195333560021,Hindi,Hindi,agree,false
1877811350272054,Hindi,Hindi,agree,false
1879311179400835,Hindi,Hindi,agree,false
1881573335840054,Hindi,Hindi,agree,false
1881962853247966,Hindi,Hindi,agree,false
1882615675746221,Hindi,Hindi,agree,false
1891672861505701,Hindi,Hindi,agree,false
1896094514425192,Hindi,Hindi,agree,false
1899322794111918,Hindi,Hindi,agree,false
1903419580318637,Hindi,Hindi,agree,false
1905133330090659,Hindi,Hindi,agree,false
1908450636707359,Hindi,Hindi,agree,false
1915038892527417,Hindi,Hindi,agree,false
1924755088213891,Hindi,Hindi,agree,false
1926566638060333,Hindi,Hindi,agree,false
1926900574736867,Hindi,Hindi,agree,false
1929088581083541,Hindi,Hindi,agree,false
1929680877700827,Hindi,Hindi,agree,false
1930209284313419,Hindi,Hindi,agree,false
1941399943216589,Hindi,Hindi,agree,false
1942930943262353,Bengali,Bengali,agree,false
1945996112929486,Hindi,Hindi,agree,false
1948206473241244,Bengali,Bengali,agree,false
1961301468092363,Hindi,Hindi,agree,false
1961729674555213,Hindi,Hindi,agree,false
1965576304350514,Hindi,Hindi,agree,false
1973484289941303,Hindi,Hindi,agree,false
1982425793160237,Hindi,Hindi,agree,false
1982976058989890,Hindi,Hindi,agree,false
1984337915507800,Hindi,Hindi,agree,false
1985248485686173,Hindi,Hindi,agree,false
1986593458617617,Hindi,Hindi,agree,false
1988913051990602,Hindi,Hindi,agree,false
1991492354790124,Hindi,Hindi,agree,false
2004947147077183,Hindi,Hindi,agree,false
2005881986683407,Hindi,Hindi,agree,false
2009747782982014,Hindi,Hindi,agree,false
2009991773727562,Hindi,Hindi,agree,false
2011104622816471,Hindi,Hindi,agree,false
2013423049568996,Hindi,Hindi,agree,false
2015119902365104,Hindi,Hindi,agree,false
2018888478732564,Hindi,Hindi,agree,false
2019647642315445,Hindi,Hindi,agree,false
2020700811987683,Hindi,Hindi,agree,false
2022316295339015,Hindi,Hindi,agree,false
2023887941855843,Hindi,Hindi,agree,false
2024160915187386,Hindi,Hindi,agree,false
2026450648079599,Hindi,English,disagree,true
2026561875402149,Hindi,Hindi,agree,false
2027108991526041,Hindi,Hindi,agree,false
2033105254259013,Hindi,Hindi,agree,false
2033177030607948,Hindi,Hindi,agree,false
2033652774241263,Hindi,Hindi,agree,false
2034354397193284,Hindi,Hindi,agree,false
2042615336642783,Hindi,Hindi,agree,false
2045512666029604,Hindi,Hindi,agree,false
2045983655982810,Hindi,Hindi,agree,false
2047736779171870,Hindi,Hindi,agree,false
2048940789345478,Hindi,Hindi,agree,false
2051482542912060,Hindi,Hindi,agree,false
2055782472016906,Gujarati,Gujarati,agree,false
2056613488574281,Hindi,Hindi,agree,false
2056676595197357,Hindi,Hindi,agree,false
2057079731903565,Hindi,Hindi,agree,false
2058357901722473,Hindi,Hindi,agree,false
2058788614731278,Hindi,Hindi,agree,false
2059866954929756,Hindi,Hindi,agree,false
2060104924901632,Hindi,Hindi,agree,false
2061280504770026,Hindi,Hindi,agree,false
2063976564331743,Hindi,Hindi,agree,false
2069097620613888,Hindi,Hindi,agree,false
2069481513616212,Bengali,Bengali,agree,false
2069510307323181,Hindi,Hindi,agree,false
2073347769880775,Hindi,Hindi,agree,false
2075965949653375,Hindi,Hindi,agree,false
2076256199945064,Hindi,Hindi,agree,false
2076854146593087,Hindi,Hindi,agree,false
2077287970338884,Hindi,Hindi,agree,false
2078950623024665,Hindi,Hindi,agree,false
2080461549543810,Hindi,Hindi,agree,false
2086474589415548,Hindi,Hindi,agree,false
2088073595925226,Hindi,Hindi,agree,false
2090167935162610,Bengali,Bengali,agree,false
2092101888037764,Hindi,Hindi,agree,false
2092207258026410,Bengali,Bengali,agree,false
2099316814268459,Hindi,Hindi,agree,false
2101398007464704,Hindi,Hindi,agree,false
2102577007274072,Hindi,Hindi,agree,false
2103960383866469,Hindi,Hindi,agree,false
2104226480129193,Hindi,Hindi,agree,false
2105367057020577,Hindi,Hindi,agree,false
2106465080285398,Hindi,Hindi,agree,false
2107970230600044,Bengali,Bengali,agree,false
2110539676175643,Hindi,Hindi,agree,false
2111199859425572,Hindi,Hindi,agree,false
2113830616150657,Hindi,Hindi,agree,false
2116531525588565,Hindi,Hindi,agree,false
2124468154947673,Hindi,Hindi,agree,false
2126946311495378,Hindi,Hindi,agree,false
2129862314463758,Hindi,Hindi,agree,false
2140173869861607,Hindi,Hindi,agree,false
2142526359928741,Hindi,Hindi,agree,false
2143425226449818,Hindi,Hindi,agree,false
2146328806153379,Hindi,Hindi,agree,false
2151390205655458,Hindi,Hindi,agree,false
2152508018617561,Hindi,Hindi,agree,false
2153645985488871,Bengali,Bengali,agree,false
2155988204971761,Hindi,Hindi,agree,false
2157206811736735,Hindi,Hindi,agree,false
2158550408262628,Hindi,Hindi,agree,false
2172316420286201,Hindi,Hindi,agree,false
2173731296805171,Hindi,Hindi,agree,false
2174193026691981,Hindi,Hindi,agree,false
2176910723137201,Hindi,Hindi,agree,false
2180465996082123,Hindi,Hindi,agree,false
2180645322713460,Hindi,Hindi,agree,false
2187704292082566,Hindi,Hindi,agree,false
2188364915349910,Hindi,Hindi,agree,false
2198319764373917,Hindi,Hindi,agree,false
2199630750877873,Hindi,Hindi,agree,false
2200879757377961,Hindi,Hindi,agree,false
2201883133941569,Hindi,Hindi,agree,false
2204059953676928,Bengali,Bengali,agree,false
2208419893247776,Hindi,Hindi,agree,false
2217192395684200,Hindi,Hindi,agree,false
2220792195401762,Hindi,Hindi,agree,false
2221899985277011,Hindi,Hindi,agree,false
2225190144952040,Hindi,Hindi,agree,false
2225673594942685,Hindi,Hindi,agree,false
2228270967936747,Bengali,Bengali,agree,false
2230315987725301,Hindi,Hindi,agree,false
2231678437667984,Hindi,Hindi,agree,false
2232727604182978,Hindi,Hindi,agree,false
2239797586835770,Hindi,Hindi,agree,false
2242627346141727,Hindi,Hindi,agree,false
2242764483134829,Hindi,Hindi,agree,false
2245980109523828,Hindi,Hindi,agree,false
2252547335277455,Hindi,Hindi,agree,false
2253030498553449,Hindi,Hindi,agree,false
2254681505359291,Hindi,Hindi,agree,false
2259505061530053,Hindi,Hindi,agree,false
2260187944721046,Hindi,Hindi,agree,false
2260888907981138,Hindi,Hindi,agree,false
2266894840722217,Hindi,Hindi,agree,false
2281482145591769,Hindi,Hindi,agree,false
2284073262000543,Hindi,Hindi,agree,false
2289892785083094,Hindi,Hindi,agree,false
2300890010448306,Hindi,Hindi,agree,false
2302418180582966,Hindi,Hindi,agree,false
2311297949273921,Hindi,Hindi,agree,false
2327311354702819,Hindi,Hindi,agree,false
2329391687589156,Hindi,Hindi,agree,false
2335189793892390,Hindi,Hindi,agree,false
2342191226288310,Hindi,Hindi,agree,false
2349007295629898,Hindi,Hindi,agree,false
2383163125525808,Hindi,Hindi,agree,false
2385924875234524,Hindi,Hindi,agree,false
2388747072037615,Hindi,Hindi,agree,false
2394376437716515,Hindi,Hindi,agree,false
2396771464068512,Hindi,Hindi,agree,false
2399719020439700,Hindi,Hindi,agree,false
2402262933512712,Hindi,Hindi,agree,false
2415054118998787,Hindi,Hindi,agree,false
2417649142056962,Hindi,Hindi,agree,false
2417947832017509,Hindi,Hindi,agree,false
2430220790785403,Hindi,Hindi,agree,false
2441724282959846,Hindi,Hindi,agree,false
2446213659535926,Hindi,Hindi,agree,false
2453287415158391,Hindi,Hindi,agree,false
2455706111536072,Hindi,Hindi,agree,false
2456598014858856,Gujarati,Gujarati,agree,false
2456988014807995,Hindi,Hindi,agree,false
2458763647916149,Hindi,Hindi,agree,false
2468895176912539,Hindi,Hindi,agree,false
2468906840218618,Hindi,Hindi,agree,false
2472644496587726,Hindi,Hindi,agree,false
2473165909818596,Hindi,Hindi,agree,false
2475112819579635,Hindi,Hindi,agree,false
2478707575937282,Hindi,Hindi,agree,false
2482913388803676,Hindi,Hindi,agree,false
2483997988715225,Hindi,Hindi,agree,false
2485608561881653,Hindi,Hindi,agree,false
2490626478079076,Hindi,Hindi,agree,false
2495041004336208,Hindi,Hindi,agree,false
2501343360304887,Hindi,Hindi,agree,false
2505471363291833,Hindi,Hindi,agree,false
2509114442942414,Hindi,Hindi,agree,false
2509892239461779,Hindi,Hindi,agree,false
2511530062618555,Hindi,Hindi,agree,false
2512530829206792,Hindi,Hindi,agree,false
2526497024482485,Hindi,Hindi,agree,false
2534191277017083,Hindi,Hindi,agree,false
2537354666679942,Hindi,Hindi,agree,false
25537890735891271,Hindi,Hindi,agree,false
2554176318345039,Hindi,Hindi,agree,false
2557974164635569,Hindi,Hindi,agree,false
2573304183110934,Hindi,Hindi,agree,false
2581014825759853,Hindi,Hindi,agree,false
2591689004608802,Hindi,Hindi,agree,false
2592420044570072,Hindi,Hindi,agree,false
2613169722474233,Hindi,Hindi,agree,false
26372603382322992,Hindi,Hindi,agree,false
26417048307974099,Hindi,Hindi,agree,false
26428220643500017,Hindi,Hindi,agree,false
26463239926705201,Hindi,Hindi,agree,false
2674686452896226,Hindi,Hindi,agree,false
26760057663622875,Hindi,Hindi,agree,false
26792027390493855,Hindi,Hindi,agree,false
26794618746814367,Hindi,Hindi,agree,false
26822392380755148,Hindi,Hindi,agree,false
26857251033970202,Hindi,Hindi,agree,false
26917959184530707,Hindi,Hindi,agree,false
26998927636446471,Hindi,Hindi,agree,false
2705348466532489,Hindi,Hindi,agree,false
27073408298955034,Hindi,Hindi,agree,false
27136057009379982,Hindi,Hindi,agree,false
27173422662279363,Hindi,Hindi,agree,false
27189844550633572,Hindi,Hindi,agree,false
27215928398059207,Hindi,Hindi,agree,false
27248628758091928,Hindi,Hindi,agree,false
27313518948275123,Hindi,Hindi,agree,false
27327075786913978,Hindi,Hindi,agree,false
27364573159862444,Hindi,Hindi,agree,false
2738800799813855,Hindi,Hindi,agree,false
2739911929699031,Hindi,Hindi,agree,false
27417472307892610,Hindi,Hindi,agree,false
27439141465710125,Hindi,Hindi,agree,false
2745159825869186,Hindi,Hindi,agree,false
27476424265287240,Hindi,Hindi,agree,false
27481468608206524,Hindi,Hindi,agree,false
27482983684671900,Hindi,Hindi,agree,false
2749537112086604,Hindi,Hindi,agree,false
2750157982023151,Hindi,Hindi,agree,false
27514548604848440,Hindi,Hindi,agree,false
27532860639682185,Hindi,Hindi,agree,false
27545658091701815,Hindi,Hindi,agree,false
2755888441437155,Hindi,Hindi,agree,false
2756931274675013,Hindi,Hindi,agree,false
2758807777819560,Hindi,Hindi,agree,false
2763858780680269,Hindi,Hindi,agree,false
27684869524439116,Hindi,Hindi,agree,false
27731974399736672,Hindi,Hindi,agree,false
27790818957191525,Hindi,Hindi,agree,false
2787851868238534,Hindi,Hindi,agree,false
2819779755048437,Hindi,Hindi,agree,false
2820523608300012,Hindi,Hindi,agree,false
2829567170770163,Hindi,Hindi,agree,false
2850540315306173,Hindi,Hindi,agree,false
2854190348276214,Hindi,Hindi,agree,false
2895749224102167,Hindi,Hindi,agree,false
2897977750567471,Hindi,Hindi,agree,false
2982945641913901,Hindi,Hindi,agree,false
2999057953819326,Hindi,Hindi,agree,false
3014596585598444,Hindi,Hindi,agree,false
3022003484664842,Hindi,Hindi,agree,false
3024940101191521,Hindi,Hindi,agree,false
3043686939135142,Hindi,Hindi,agree,false
3077035459170339,Hindi,Hindi,agree,false
3098326293684794,Hindi,Hindi,agree,false
3132241386979300,Hindi,Hindi,agree,false
3187076728157852,Hindi,Hindi,agree,false
3311359495704979,Hindi,Hindi,agree,false
3319986008163514,Hindi,English,disagree,true
3322498811288102,Hindi,Hindi,agree,false
3406444152844333,Hindi,Hindi,agree,false
3411393879019186,Hindi,Hindi,agree,false
3474870519347308,Hindi,Hindi,agree,false
3499653943543153,Hindi,Hindi,agree,false
3510795772417395,Hindi,Hindi,agree,false
3517643978389637,Bengali,Bengali,agree,false
3524825214333769,Hindi,Hindi,agree,false
3539960019475278,Hindi,Hindi,agree,false
35457089847239841,Hindi,Hindi,agree,false
35629835543327836,Hindi,Hindi,agree,false
36186474537666969,Hindi,Hindi,agree,false
36197580316553106,Hindi,Hindi,agree,false
36497954526486498,Hindi,Hindi,agree,false
37380694171529198,Hindi,Hindi,agree,false
3745166842290933,Bengali,Bengali,agree,false
3887006608101122,Hindi,Hindi,agree,false
3903564523285126,Hindi,Hindi,agree,false
3930958850532394,Hindi,Hindi,agree,false
3950432305262244,Hindi,Hindi,agree,false
3970408179930768,Hindi,Hindi,agree,false
4045096479121226,Hindi,Hindi,agree,false
4051128405021733,Hindi,Hindi,agree,false
4066131160354420,Hindi,Hindi,agree,false
4072652609699988,Hindi,Hindi,agree,false
4077473675717547,Hindi,Hindi,agree,false
4112442375720100,Hindi,Hindi,agree,false
4190978124527279,Hindi,Hindi,agree,false
4213869885543353,Hindi,Hindi,agree,false
4214577932098383,Hindi,Hindi,agree,false
4295313227352365,Hindi,Hindi,agree,false
4296427323911265,Hindi,Hindi,agree,false
4307605786220972,Hindi,Hindi,agree,false
4311046219138923,Hindi,Hindi,agree,false
4330384010533156,Hindi,Hindi,agree,false
4343062242600010,Hindi,Hindi,agree,false
4348893292057982,Hindi,Hindi,agree,false
4369199030000784,Hindi,Hindi,agree,false
4369675073304342,Hindi,Hindi,agree,false
4371254969824560,Hindi,Hindi,agree,false
4379825375635044,Hindi,Hindi,agree,false
4397650973886084,Hindi,Hindi,agree,false
4398499097088322,Hindi,Hindi,agree,false
4415426418702988,Hindi,Hindi,agree,false
4422752634710245,Hindi,Hindi,agree,false
4424025224584940,Hindi,Hindi,agree,false
4424486961118171,Hindi,Hindi,agree,false
4462667594015020,Hindi,Hindi,agree,false
4488104131411551,Hindi,Hindi,agree,false
4526978114291365,Hindi,Hindi,agree,false
4539332442969258,Hindi,Hindi,agree,false
4547652658888509,Hindi,Hindi,agree,false
4548966068665938,Hindi,Hindi,agree,false
4551442688514124,Hindi,Hindi,agree,false
4555657601319784,Hindi,Hindi,agree,false
4585655421663519,Hindi,Hindi,agree,false
4595374774118114,Hindi,Hindi,agree,false
4685315905087654,Hindi,Hindi,agree,false
4722556757973324,Hindi,Hindi,agree,false
5195950473963815,Hindi,Hindi,agree,false
5354912531399950,Hindi,Hindi,agree,false
5431113267113666,Hindi,Hindi,agree,false
608640915677208,Hindi,Hindi,agree,false
742546498851380,Hindi,Hindi,agree,false
745415861983514,Hindi,Hindi,agree,false
756240874182057,Hindi,Hindi,agree,false
761260850409527,Hindi,Hindi,agree,false
767456879118205,Hindi,Hindi,agree,false
769511858914323,Hindi,Hindi,agree,false
773037125897340,Hindi,Hindi,agree,false
776637162138898,Hindi,Hindi,agree,false
783311214748224,Hindi,Hindi,agree,false
784291864676002,Hindi,Hindi,agree,false
797487429998151,Hindi,Hindi,agree,false
802553552808088,Hindi,Hindi,agree,false
805938542579531,Hindi,Hindi,agree,false
809679988574577,Hindi,Hindi,agree,false
810625605338063,Hindi,Hindi,agree,false
812140348389276,Hindi,Hindi,agree,false
817826454744592,Bengali,Bengali,agree,false
823601950362227,Hindi,Hindi,agree,false
829302166640738,Hindi,Hindi,agree,false
835603072955889,Hindi,Hindi,agree,false
835839852482522,Hindi,Hindi,agree,false
838171575753344,Hindi,Hindi,agree,false
840617208849283,Hindi,Hindi,agree,false
840752642285554,Hindi,Hindi,agree,false
841014529015757,Hindi,Hindi,agree,false
841687008985481,Hindi,Hindi,agree,false
842280601796121,Hindi,Hindi,agree,false
845261814500751,Hindi,Hindi,agree,false
849104544460309,Hindi,Hindi,agree,false
850630527721984,Hindi,Hindi,agree,false
851523094696496,Hindi,Hindi,agree,false
854162583974170,Hindi,Hindi,agree,false
856318170870772,Hindi,Hindi,agree,false
858733843910538,Hindi,Hindi,agree,false
859593329883730,Hindi,Hindi,agree,false
859863893383600,Hindi,Hindi,agree,false
861154453569534,Hindi,Marathi,disagree,true
861399523217538,Hindi,Hindi,agree,false
864945146035665,Hindi,Hindi,agree,false
865120769995614,Bengali,Bengali,agree,false
865202842840622,Hindi,Hindi,agree,false
865821879200159,Hindi,Hindi,agree,false
866621743146367,Hindi,Hindi,agree,false
866692159290649,Hindi,Hindi,agree,false
867200969770719,Hindi,Hindi,agree,false
871564259326574,Hindi,Hindi,agree,false
873021038754328,Hindi,Hindi,agree,false
873092048567708,Hindi,Hindi,agree,false
873676512461718,Hindi,Hindi,agree,false
874526275698683,Hindi,Hindi,agree,false
874940122070171,Hindi,Hindi,agree,false
876287251448118,Hindi,Hindi,agree,false
876390288191197,Hindi,Hindi,agree,false
880462167884407,Hindi,Hindi,agree,false
880903308358300,Hindi,Hindi,agree,false
881346784311029,Hindi,Hindi,agree,false
881691660937503,Hindi,Hindi,agree,false
882040494892409,Hindi,Hindi,agree,false
882523394183938,Hindi,Hindi,agree,false
883032468164104,Hindi,Hindi,agree,false
883414924661759,Hindi,Hindi,agree,false
883554291455242,Hindi,Hindi,agree,false
884539008014653,Hindi,Hindi,agree,false
884859273959848,Hindi,Hindi,agree,false
884869517992534,Hindi,Hindi,agree,false
885046537323559,Hindi,Hindi,agree,false
886940311119425,Hindi,Hindi,agree,false
887982693633986,Hindi,Hindi,agree,false
890589943792591,Hindi,Hindi,agree,false
892710367202449,Bengali,Bengali,agree,false
893984383763995,Hindi,Hindi,agree,false
896308530164120,Hindi,Hindi,agree,false
896406336820941,Hindi,Hindi,agree,false
897376420053123,Hindi,Hindi,agree,false
897772403335650,Hindi,Hindi,agree,false
899891885965557,Hindi,Hindi,agree,false
901761909642246,Hindi,Hindi,agree,false
902496572123981,Hindi,Marathi,disagree,true
905751582548300,Hindi,Hindi,agree,false
906890209075307,Hindi,Hindi,agree,false
907123395290117,Bengali,Bengali,agree,false
907474865691545,Hindi,Hindi,agree,false
912638511830928,Bengali,Bengali,agree,false
913586715100718,Bengali,Bengali,agree,false
914184308326307,Hindi,Hindi,agree,false
919040904539498,Hindi,Hindi,agree,false
919579094374067,Bengali,Bengali,agree,false
922563197508009,Hindi,Hindi,agree,false
922682520699920,Hindi,Hindi,agree,false
923485210505551,Hindi,Hindi,agree,false
926608283766544,Hindi,Hindi,agree,false
935389092858596,Hindi,Hindi,agree,false
938048242579134,Hindi,Hindi,agree,false
938134272568123,Hindi,Hindi,agree,false
941526071921361,Hindi,Hindi,agree,false
941734938861838,Hindi,Hindi,agree,false
942218902196420,Hindi,Hindi,agree,false
944481151793509,Hindi,Hindi,agree,false
945562204774388,Bengali,Bengali,agree,false
949474424515743,Hindi,Hindi,agree,false
950383541360033,Hindi,Hindi,agree,false
952034237314249,Hindi,Hindi,agree,false
954032054280252,Hindi,Hindi,agree,false
954483154257513,Hindi,Hindi,agree,false
954596250909208,Hindi,Hindi,agree,false
956045813922623,Hindi,Hindi,agree,false
956807577314315,Hindi,Hindi,agree,false
960519010069920,Hindi,Hindi,agree,false
960878673578943,Hindi,Hindi,agree,false
963571616506535,Hindi,Hindi,agree,false
966723416201096,Hindi,Hindi,agree,false
968461929338204,Hindi,Hindi,agree,false
968883082730315,Hindi,Hindi,agree,false
970293769157487,Hindi,Hindi,agree,false
970350219192232,Hindi,Hindi,agree,false
971792018958076,Hindi,Hindi,agree,false
972424205425575,Hindi,Hindi,agree,false
972902528803528,Hindi,Hindi,agree,false
973252012273513,Bengali,Bengali,agree,false
974520208678074,Hindi,Hindi,agree,false
975097301805894,Hindi,Hindi,agree,false
975980368393351,Hindi,Hindi,agree,false
976247658643508,Hindi,Hindi,agree,false
976998408541407,Hindi,Hindi,agree,false
977319668615660,Hindi,Hindi,agree,false
977778404882183,Hindi,Hindi,agree,false
977820078393384,Hindi,Hindi,agree,false
977895658536429,Hindi,Hindi,agree,false
978155708541589,Hindi,Hindi,agree,false
979245955022411,Hindi,Hindi,agree,false
980416391523222,Hindi,Hindi,agree,false
980603678174030,Hindi,Hindi,agree,false
980617561559297,Hindi,Hindi,agree,false
980972577867560,Hindi,Hindi,agree,false
981094987898584,Hindi,Hindi,agree,false
981246487991598,Hindi,Hindi,agree,false
981566041391559,Hindi,Hindi,agree,false
982078151388066,Hindi,English,disagree,true
982252277769319,Bengali,Bengali,agree,false
983563384566909,Hindi,Hindi,agree,false
983636504265617,Hindi,Hindi,agree,false
983643497710063,Gujarati,Gujarati,agree,false
983743594412724,Hindi,Hindi,agree,false
984135950923630,Hindi,Hindi,agree,false
984431433971622,Hindi,Hindi,agree,false
985323620546558,Hindi,Hindi,agree,false
985533387662266,Hindi,Hindi,agree,false
985627677720732,Hindi,Hindi,agree,false
986194637611101,Hindi,Hindi,agree,false
986404407586202,Hindi,Hindi,agree,false
986777497506462,Hindi,Hindi,agree,false
986835910756944,Hindi,Hindi,agree,false
987084514308740,Hindi,Hindi,agree,false
987429027600209,Hindi,Hindi,agree,false
987991557547588,Hindi,Hindi,agree,false
988759547228396,Hindi,Hindi,agree,false
989024987071604,Hindi,Hindi,agree,false
989324960521214,Hindi,Hindi,agree,false
989815403792068,Hindi,Hindi,agree,false
989923180626814,Hindi,Hindi,agree,false
990018286870707,Hindi,Hindi,agree,false
990254637064965,Hindi,Hindi,agree,false
990394187244790,Hindi,Hindi,agree,false
990597490610841,Hindi,Hindi,agree,false
990836973669314,Hindi,Hindi,agree,false
991338363868372,Hindi,Hindi,agree,false
991759129902174,Hindi,Hindi,agree,false
991782720490101,Hindi,Hindi,agree,false
992294803309079,Hindi,Hindi,agree,false
992374836850070,Bengali,Bengali,agree,false
992773516690548,Hindi,Hindi,agree,false
993724173607458,Hindi,Hindi,agree,false
995004486736404,Hindi,Hindi,agree,false
995133693132361,Hindi,Hindi,agree,false
995219973120049,Bengali,Bengali,agree,false
996315129584237,Hindi,Hindi,agree,false
996760756430158,Hindi,Hindi,agree,false
996900806050084,Hindi,Hindi,agree,false
998319079605502,Hindi,Hindi,agree,false
998380903160004,Hindi,Hindi,agree,false
998462612671160,Hindi,Hindi,agree,false
998839265829186,Bengali,Bengali,agree,false
998909686118850,Hindi,Hindi,agree,false
999219592865985,Hindi,Hindi,agree,false
999500705960297,Hindi,Hindi,agree,false
999972472416365,Hindi,Hindi,agree,false
