pipeline,competitor,page_id,page_name,ad_id,media_type,language,presenter_type,device_format,production_type,script_group_id,replication_type,variant_role,first_seen,last_seen,times_seen,weeks_seen,ad_start_date,run_days,run_days_is_lower_bound,best_page_rank,worst_page_rank,median_page_rank,current_page_rank,present_latest,is_retired,page_count,frac_top_25,rank_gate,top25_gate,low_impression_ever,verdict,verdict_confidence
facebook,loora,105478174979714,Loora,1286341193458429,Video,English,ai+human,split-screen,mixed,loora-g0000,original,original,2026-05-27,2026-06-04,2,2,2026-04-05,60,False,1,1,1,1,False,True,50,1.0,True,True,False,strong_winner,high
facebook,loora,105478174979714,Loora,2824622157869852,Video,English,ai+human,split-screen,mixed,loora-g0010,exact_replica,replica,2026-05-27,2026-06-15,7,4,2026-05-17,29,False,1,3,1,1,False,True,50,1.0,True,True,False,winner,high
facebook,loora,105478174979714,Loora,1923073918386349,Video,English,ai-avatar-only,talking-head,ai-generated,loora-g0001,translation_replica,replica,2026-05-27,2026-07-23,40,9,2026-02-18,155,False,1,4,2,1,True,False,92,1.0,True,True,False,strong_winner,high
facebook,loora,105478174979714,Loora,1581060787352516,Video,English,ai-avatar-only,talking-head,ai-generated,loora-g0003,exact_replica,replica,2026-05-27,2026-06-29,16,6,2026-05-20,40,False,1,12,1,1,False,True,52,1.0,True,True,False,winner,high
facebook,loora,105478174979714,Loora,3920858908216732,Video,English,ai-avatar-only,talking-head,ai-generated,loora-g0003,exact_replica,replica,2026-05-27,2026-06-11,3,3,2026-05-20,22,False,1,26,5,1,False,True,50,0.667,True,True,False,winner,high
facebook,loora,105478174979714,Loora,887507133689970,Video,English,ai-avatar-only,talking-head,ai-generated,loora-g0001,translation_replica,replica,2026-06-15,2026-07-11,19,4,2026-06-13,28,False,1,43,6,1,False,True,53,0.895,True,True,True,winner,high
facebook,loora,105478174979714,Loora,3847698162037004,Video,,,,,,,,2026-06-30,2026-07-08,9,2,2026-06-13,25,False,1,8,1,1,False,True,53,1.0,True,True,False,winner,high
facebook,loora,105478174979714,Loora,1003207599247646,Video,,,,,,,,2026-07-09,2026-07-21,13,3,2026-06-13,38,False,1,36,25,1,False,True,92,0.462,True,False,False,winner,high
facebook,loora,105478174979714,Loora,26858246627159221,Video,English,ai+human,split-screen,mixed,loora-g0010,original,original,2026-05-27,2026-05-27,1,1,2026-05-20,7,False,2,2,2,2,False,True,50,1.0,True,True,False,loser,low
facebook,loora,105478174979714,Loora,887166504395248,Video,English,ai+human,split-screen,mixed,loora-g0007,exact_replica,replica,2026-06-04,2026-06-17,8,3,2026-05-25,23,False,2,8,4,3,False,True,49,1.0,True,True,False,winner,high
facebook,loora,105478174979714,Loora,1017749350907847,Video,Japanese,ai+human,split-screen,mixed,loora-g0014,original,original,2026-06-04,2026-07-21,37,8,2026-06-02,49,False,2,30,4,4,False,True,92,0.919,True,True,False,strong_winner,high
facebook,loora,105478174979714,Loora,1819504062758111,Video,English,ai+human,split-screen,mixed,loora-g0009,exact_replica,replica,2026-06-11,2026-06-24,10,3,2026-06-08,16,False,2,30,4,2,False,True,52,0.7,True,True,False,winner,high
facebook,loora,105478174979714,Loora,1446355560859167,Video,English,ai+human,split-screen,mixed,loora-g0000,exact_replica,replica,2026-06-15,2026-06-30,7,3,2026-06-13,17,False,2,36,28,2,False,True,49,0.143,True,False,False,winner,high
facebook,loora,105478174979714,Loora,1280442864286771,Video,English,ai+human,split-screen,mixed,loora-g0000,exact_replica,replica,2026-06-25,2026-06-29,4,2,2026-06-13,16,False,2,5,2,2,False,True,46,1.0,True,True,False,winner,high
facebook,loora,105478174979714,Loora,768123156362702,Video,,,,,,,,2026-07-01,2026-07-11,11,2,2026-06-29,12,False,2,24,3,2,False,True,53,0.727,True,True,False,loser,low
facebook,loora,105478174979714,Loora,1032864065896787,Video,,,,,,,,2026-07-09,2026-07-23,15,3,2026-07-06,17,False,2,37,11,2,True,False,92,0.667,True,True,False,winner,high
facebook,loora,105478174979714,Loora,1399715815299179,Video,English,ai+human,split-screen,mixed,loora-g0000,exact_replica,replica,2026-05-27,2026-07-23,40,9,2026-05-25,59,False,3,48,6,6,True,False,92,0.95,True,True,False,strong_winner,high
facebook,loora,105478174979714,Loora,1011292844956913,Video,English,ai+human,split-screen,mixed,loora-g0000,exact_replica,replica,2026-06-22,2026-07-23,31,5,2026-06-16,37,False,3,23,5,5,True,False,92,0.935,True,True,False,winner,high
facebook,loora,105478174979714,Loora,1389378246427597,Video,,,,,,,,2026-07-08,2026-07-14,7,2,2026-07-06,8,False,3,45,11,3,False,True,57,0.714,True,True,False,loser,low
facebook,loora,105478174979714,Loora,1408846584452230,Video,,,,,,,,2026-07-15,2026-07-21,7,2,2026-07-06,15,False,3,13,3,3,False,True,92,1.0,True,True,False,winner,high
facebook,loora,105478174979714,Loora,2366216427523695,Video,,,,,,,,2026-07-15,2026-07-23,3,2,2026-07-13,10,False,3,40,3,3,True,False,91,0.667,True,True,False,undecided,high
facebook,loora,105478174979714,Loora,1758731028824393,Video,English,ai+human,split-screen,mixed,loora-g0009,original,original,2026-06-04,2026-06-23,10,4,2026-05-27,27,False,4,6,5,5,False,True,52,1.0,True,True,False,winner,high
facebook,loora,105478174979714,Loora,1410322400818020,Video,English,ai-avatar-only,talking-head,ai-generated,loora-g0005,exact_replica,replica,2026-06-11,2026-06-23,9,3,2026-04-29,55,False,4,8,8,4,False,True,52,1.0,True,True,False,strong_winner,high
facebook,loora,105478174979714,Loora,3449271938584984,Video,English,ai+human,split-screen,mixed,loora-g0000,exact_replica,replica,2026-06-15,2026-06-26,5,2,2026-06-13,13,False,4,45,14,4,False,True,49,0.4,True,False,True,loser,low
facebook,loora,105478174979714,Loora,1519379893216673,Video,English,ai+human,split-screen,mixed,loora-g0000,exact_replica,replica,2026-06-22,2026-06-24,3,1,2026-06-16,8,False,4,6,6,4,False,True,52,1.0,True,True,False,loser,low
facebook,loora,105478174979714,Loora,1021136453737366,Video,English,ai-avatar-only,talking-head,ai-generated,loora-g0002,exact_replica,replica,2026-06-25,2026-07-13,18,4,2026-06-14,29,False,4,18,14,4,False,True,53,0.167,True,False,False,winner,high
facebook,loora,105478174979714,Loora,1753214105929643,Video,English,ai-avatar-only,split-screen,ai-generated,loora-g0036,unique,original,2026-06-25,2026-06-30,5,2,2026-06-23,7,False,4,37,12,4,False,True,46,0.2,True,False,False,loser,low
facebook,loora,105478174979714,Loora,1366635252336327,Video,,,,,,,,2026-07-16,2026-07-23,8,2,2026-07-13,10,False,4,28,13,4,True,False,92,0.75,True,True,False,undecided,high
facebook,loora,105478174979714,Loora,989760113647100,Video,Spanish,ai+human,split-screen,mixed,loora-g0028,unique,original,2026-05-27,2026-05-27,1,1,2026-05-18,9,False,5,5,5,5,False,True,50,1.0,True,True,False,loser,low
facebook,loora,105478174979714,Loora,4482617731983250,Video,English,ai+human,split-screen,mixed,loora-g0000,exact_replica,replica,2026-06-14,2026-06-17,4,2,2026-06-08,9,False,5,10,8,5,False,True,49,0.75,True,True,False,loser,low
facebook,loora,105478174979714,Loora,2537378303379370,Video,,,,,,,,2026-07-01,2026-07-23,23,4,2026-06-29,24,False,5,42,13,9,True,False,92,0.696,True,True,False,winner,high
facebook,loora,105478174979714,Loora,1679747593034871,Video,English,ai+human,split-screen,mixed,loora-g0007,original,original,2026-05-27,2026-05-27,1,1,2026-04-14,43,False,6,6,6,6,False,True,50,1.0,True,True,False,winner,high
facebook,loora,105478174979714,Loora,1582553446724594,Video,English,ai-avatar-only,talking-head,ai-generated,loora-g0001,translation_replica,replica,2026-05-27,2026-06-17,9,4,2026-05-09,39,False,6,7,7,7,False,True,50,1.0,True,True,False,winner,high
facebook,loora,105478174979714,Loora,1315848836760274,Video,English,ai-avatar-only,talking-head,ai-generated,loora-g0001,translation_replica,replica,2026-06-11,2026-06-26,12,3,2026-06-06,20,False,6,21,11,7,False,True,52,0.583,True,True,False,winner,high
facebook,loora,105478174979714,Loora,1622949502114966,Video,English,ai+human,split-screen,mixed,loora-g0000,exact_replica,replica,2026-06-22,2026-06-30,5,2,2026-06-13,17,False,6,17,7,6,False,True,52,0.6,True,True,False,winner,high
facebook,loora,105478174979714,Loora,1032668232984789,Video,,,,,,,,2026-07-08,2026-07-21,14,3,2026-07-06,15,False,6,48,11,11,False,True,92,0.714,True,True,False,winner,high
facebook,loora,105478174979714,Loora,1591820286063298,Video,,,,,,,,2026-07-12,2026-07-21,10,3,2026-07-06,15,False,6,29,7,7,False,True,92,0.8,True,True,False,winner,high
facebook,loora,105478174979714,Loora,979523084446611,Video,English,ai+human,split-screen,mixed,loora-g0007,exact_replica,replica,2026-05-27,2026-07-23,32,6,2026-05-09,75,False,7,16,10,8,True,False,92,1.0,True,True,False,strong_winner,high
facebook,loora,105478174979714,Loora,1495982208735813,Video,English,ai+human,split-screen,mixed,loora-g0009,exact_replica,replica,2026-06-24,2026-07-23,29,5,2026-05-27,57,False,7,20,10,11,True,False,92,1.0,True,True,False,strong_winner,high
facebook,loora,105478174979714,Loora,1323640396530842,Video,,,,,,,,2026-07-01,2026-07-11,11,2,2026-06-13,28,False,7,14,8,7,False,True,53,0.909,True,True,False,winner,high
facebook,loora,105478174979714,Loora,858897586932065,Video,,,,,,,,2026-07-12,2026-07-13,2,2,2026-06-29,14,False,7,7,7,7,False,True,50,1.0,True,True,False,loser,low
facebook,loora,105478174979714,Loora,1544865937296078,Video,,,,,,,,2026-07-14,2026-07-23,10,2,2026-07-12,11,False,7,56,17,7,True,False,92,0.8,True,True,False,undecided,high
facebook,loora,105478174979714,Loora,2014484739469344,Video,English,ai+human,split-screen,mixed,loora-g0007,exact_replica,replica,2026-05-27,2026-05-27,1,1,2026-04-14,43,False,8,8,8,8,False,True,50,1.0,True,True,False,winner,high
facebook,loora,105478174979714,Loora,1482627169799430,Video,English,ai-avatar-only,talking-head,ai-generated,loora-g0005,exact_replica,replica,2026-06-17,2026-06-24,4,2,2026-06-14,10,False,8,40,40,8,False,True,52,0.25,True,False,False,loser,low
facebook,loora,105478174979714,Loora,1036628765435067,Video,,,,,,,,2026-07-01,2026-07-11,11,2,2026-06-29,12,False,8,37,12,8,False,True,53,0.545,True,True,False,loser,low
facebook,loora,105478174979714,Loora,1517210366770820,Video,,,,,,,,2026-07-14,2026-07-21,8,2,2026-07-06,15,False,8,10,8,8,False,True,92,1.0,True,True,False,winner,high
facebook,loora,105478174979714,Loora,1261073506142042,Video,English,ai-avatar-only,talking-head,ai-generated,loora-g0005,original,original,2026-05-27,2026-06-04,2,2,2026-04-19,46,False,9,10,10,9,False,True,50,1.0,True,True,False,strong_winner,high
facebook,loora,105478174979714,Loora,1726347351867581,Video,English,ai+human,split-screen,mixed,loora-g0000,exact_replica,replica,2026-06-11,2026-06-13,3,1,2026-06-06,7,False,9,11,9,9,False,True,38,0.667,True,True,False,loser,low
facebook,loora,105478174979714,Loora,2153620542128180,Video,English,ai-avatar-only,talking-head,ai-generated,loora-g0003,exact_replica,replica,2026-06-11,2026-07-11,26,5,2026-06-06,35,False,9,32,17,9,False,True,53,0.231,True,False,False,winner,high
facebook,loora,105478174979714,Loora,1015808140933762,Video,English,ai+human,split-screen,mixed,loora-g0018,original,original,2026-06-16,2026-07-01,10,3,2026-06-13,18,False,9,37,12,9,False,True,52,0.5,True,True,False,winner,high
facebook,loora,105478174979714,Loora,860205167153717,Video,,,,,,,,2026-06-28,2026-07-05,8,2,2026-06-13,22,False,9,13,11,11,False,True,47,0.625,True,True,False,winner,high
facebook,loora,105478174979714,Loora,27476111168712835,Video,,,,,,,,2026-07-16,2026-07-21,6,2,2026-07-13,8,False,9,20,12,9,False,True,92,1.0,True,True,False,loser,low
facebook,loora,105478174979714,Loora,1608766093513896,Video,English,ai-avatar-only,talking-head,ai-generated,loora-g0002,original,original,2026-05-27,2026-06-23,11,5,2026-04-19,65,False,10,12,11,10,False,True,52,0.545,True,True,False,strong_winner,high
facebook,loora,105478174979714,Loora,2029463127653994,Video,English,ai-avatar-only,talking-head,ai-generated,loora-g0001,translation_replica,replica,2026-06-22,2026-07-08,16,3,2026-06-14,24,False,10,35,14,10,False,True,53,0.438,True,False,False,winner,high
facebook,loora,105478174979714,Loora,1022685673793861,Video,,,,,,,,2026-07-15,2026-07-22,8,2,2026-07-13,9,False,10,50,33,10,False,True,92,0.375,True,False,False,loser,low
facebook,loora,105478174979714,Loora,1010723465141097,Video,,,,,,,,2026-07-22,2026-07-23,2,1,2026-07-13,10,False,10,11,10,10,True,False,75,1.0,True,True,False,new,high
facebook,loora,105478174979714,Loora,979977635018465,Video,English,ai+human,split-screen,mixed,loora-g0010,reworded_replica,replica,2026-06-22,2026-07-23,31,5,2026-06-16,37,False,11,38,19,14,True,False,92,0.387,True,False,False,winner,high
facebook,loora,105478174979714,Loora,987721023705930,Video,English,ai+human,split-screen,mixed,loora-g0017,original,original,2026-05-27,2026-06-23,11,5,2026-04-14,70,False,12,19,16,16,False,True,52,0.0,True,False,False,winner,high
facebook,loora,105478174979714,Loora,1519322489795780,Video,English,ai+human,split-screen,mixed,loora-g0006,exact_replica,replica,2026-06-11,2026-06-24,10,3,2026-05-28,27,False,12,18,14,15,False,True,52,0.0,True,False,False,winner,high
facebook,loora,105478174979714,Loora,832041293094340,Video,English,ai-avatar-only,talking-head,ai-generated,loora-g0001,translation_replica,replica,2026-06-16,2026-07-11,20,4,2026-06-13,28,False,12,47,18,18,False,True,53,0.05,True,False,False,winner,high
facebook,loora,105478174979714,Loora,1015770070937966,Video,English,ai-avatar-only,talking-head,ai-generated,loora-g0001,translation_replica,replica,2026-06-17,2026-06-23,3,2,2026-06-14,9,False,12,23,12,12,False,True,52,0.667,True,True,False,loser,low
facebook,loora,105478174979714,Loora,1671558640619944,Video,,,,,,,,2026-07-15,2026-07-23,5,2,2026-07-13,10,False,12,49,38,12,True,False,92,0.4,True,False,False,undecided,high
facebook,loora,105478174979714,Loora,26472833265715362,Video,Spanish,ai-avatar-only,talking-head,ai-generated,loora-g0001,exact_replica,replica,2026-05-27,2026-05-27,1,1,2026-04-02,55,False,13,13,13,13,False,True,50,1.0,True,True,False,strong_winner,high
facebook,loora,105478174979714,Loora,1600521857717578,Video,English,ai+human,split-screen,mixed,loora-g0008,exact_replica,replica,2026-05-27,2026-06-23,11,5,2026-05-17,37,False,13,17,15,13,False,True,52,0.182,True,False,False,winner,high
facebook,loora,105478174979714,Loora,1143622754604208,Video,English,ai+human,split-screen,mixed,loora-g0019,unique,original,2026-05-27,2026-06-17,9,4,2026-05-20,28,False,13,29,18,13,False,True,50,0.111,True,False,False,winner,high
facebook,loora,105478174979714,Loora,990584049996241,Video,English,ai+human,split-screen,mixed,loora-g0029,unique,original,2026-05-27,2026-06-26,14,5,2026-05-20,37,False,13,35,24,13,False,True,52,0.0,True,False,False,winner,high
facebook,loora,105478174979714,Loora,1000935449552618,Video,English,ai-avatar-only,talking-head,ai-generated,loora-g0004,original,original,2026-05-27,2026-06-14,6,3,2026-05-20,25,False,13,42,14,16,False,True,50,0.0,True,False,False,winner,high
facebook,loora,105478174979714,Loora,1313009764351341,Video,English,ai+human,split-screen,mixed,loora-g0013,exact_replica,replica,2026-06-16,2026-07-11,18,4,2026-06-14,27,False,13,46,17,15,False,True,53,0.056,True,False,False,winner,high
facebook,loora,105478174979714,Loora,4085441481753577,Video,English,ai-avatar-only,talking-head,ai-generated,loora-g0003,exact_replica,replica,2026-06-22,2026-07-14,22,4,2026-06-13,31,False,13,37,23,15,False,True,57,0.136,True,False,False,winner,high
facebook,loora,105478174979714,Loora,2195400271307170,Video,,,,,,,,2026-07-15,2026-07-23,3,2,2026-07-13,10,False,13,52,14,13,True,False,91,0.667,True,True,False,undecided,high
facebook,loora,105478174979714,Loora,818640181129690,Video,English,ai+human,split-screen,mixed,loora-g0027,unique,original,2026-05-27,2026-05-27,1,1,2026-05-20,7,False,14,14,14,14,False,True,50,0.0,True,False,False,loser,low
facebook,loora,105478174979714,Loora,1490005112129951,Video,English,ai+human,split-screen,mixed,loora-g0008,original,original,2026-05-27,2026-06-14,6,3,2026-05-20,25,False,14,30,16,15,False,True,50,0.0,True,False,False,winner,high
facebook,loora,105478174979714,Loora,1009996348169330,Video,English,ai+human,split-screen,mixed,loora-g0006,original,original,2026-06-04,2026-06-04,1,1,,0,True,14,14,14,14,False,True,34,0.0,True,False,False,loser,low
facebook,loora,105478174979714,Loora,989786880310878,Video,English,ai-avatar-only,talking-head,ai-generated,loora-g0002,exact_replica,replica,2026-06-22,2026-07-13,15,4,2026-06-13,30,False,14,33,21,14,False,True,53,0.0,True,False,False,winner,high
facebook,loora,105478174979714,Loora,1354175103312608,Video,English,ai-avatar-only,talking-head,ai-generated,loora-g0005,exact_replica,replica,2026-06-24,2026-07-23,29,5,2026-06-16,37,False,14,39,28,16,True,False,92,0.241,True,False,False,winner,high
facebook,loora,105478174979714,Loora,1749977376182059,Video,,,,,,,,2026-07-12,2026-07-14,3,2,2026-07-06,8,False,14,20,20,14,False,True,57,0.333,True,False,False,loser,low
facebook,loora,105478174979714,Loora,1740863687330172,Video,,,,,,,,2026-07-15,2026-07-21,7,2,2026-07-06,15,False,14,17,15,15,False,True,92,1.0,True,True,False,winner,high
facebook,loora,105478174979714,Loora,1548052283371460,Video,,,,,,,,2026-07-15,2026-07-21,7,2,2026-07-13,8,False,14,35,18,14,False,True,92,0.571,True,True,False,loser,low
facebook,loora,105478174979714,Loora,1477343336919375,Image,,,,,,,,2026-06-11,2026-06-16,6,2,2026-06-02,14,False,15,23,20,15,False,True,49,0.0,True,False,False,loser,low
facebook,loora,105478174979714,Loora,1800522517580952,Video,English,ai-avatar-only,talking-head,ai-generated,loora-g0001,translation_replica,replica,2026-06-22,2026-07-23,31,5,2026-06-16,37,False,15,46,29,18,True,False,92,0.226,True,False,False,winner,high
facebook,loora,105478174979714,Loora,1328840059355856,Video,English,ai-avatar-only,talking-head,ai-generated,loora-g0003,exact_replica,replica,2026-06-25,2026-07-14,11,4,2026-06-13,31,False,15,24,16,16,False,True,57,0.0,True,False,False,winner,high
facebook,loora,105478174979714,Loora,27188563797452794,Video,English,ai-avatar-only,talking-head,ai-generated,loora-g0005,exact_replica,replica,2026-06-25,2026-07-08,6,3,2026-06-13,25,False,15,30,16,15,False,True,53,0.0,True,False,False,winner,high
facebook,loora,105478174979714,Loora,1528560084852843,Video,,,,,,,,2026-07-16,2026-07-23,4,2,2026-07-13,10,False,15,44,30,15,True,False,92,0.5,True,True,False,undecided,high
facebook,loora,105478174979714,Loora,1654898552218834,Video,English,ai+human,split-screen,mixed,loora-g0000,exact_replica,replica,2026-05-27,2026-05-27,1,1,2026-04-29,28,False,16,16,16,16,False,True,50,0.0,True,False,False,winner,high
facebook,loora,105478174979714,Loora,1208953758961208,Video,English,ai+human,split-screen,mixed,loora-g0020,unique,original,2026-05-27,2026-06-13,5,3,2026-05-20,24,False,16,41,21,21,False,True,50,0.0,True,False,False,winner,high
facebook,loora,105478174979714,Loora,2438251120009190,Video,English,ai-avatar-only,talking-head,ai-generated,loora-g0003,exact_replica,replica,2026-06-15,2026-07-11,10,3,2026-06-13,28,False,16,42,20,17,False,True,53,0.0,True,False,True,winner,high
facebook,loora,105478174979714,Loora,1340249521370077,Video,English,ai+human,split-screen,mixed,loora-g0000,exact_replica,replica,2026-06-22,2026-06-24,3,1,2026-06-13,11,False,16,24,24,16,False,True,52,0.0,True,False,False,loser,low
facebook,loora,105478174979714,Loora,1555971279252723,Video,English,ai+human,split-screen,mixed,loora-g0032,unique,original,2026-06-22,2026-07-23,31,5,2026-06-16,37,False,16,42,28,19,True,False,92,0.129,True,False,False,winner,high
facebook,loora,105478174979714,Loora,911558108594444,Video,English,ai+human,split-screen,mixed,loora-g0008,reworded_replica,replica,2026-06-24,2026-07-23,29,5,2026-05-17,67,False,16,34,22,22,True,False,92,0.103,True,False,False,winner,high
facebook,loora,105478174979714,Loora,2065316954367727,Video,English,ai-avatar-only,talking-head,ai-generated,loora-g0003,exact_replica,replica,2026-06-04,2026-06-23,10,4,2026-05-12,42,False,17,21,18,18,False,True,52,0.0,True,False,False,winner,high
facebook,loora,105478174979714,Loora,1575036264038808,Video,English,ai+human,split-screen,mixed,loora-g0023,unique,original,2026-06-11,2026-07-14,29,6,2026-06-06,38,False,17,48,35,17,False,True,57,0.0,True,False,False,winner,high
facebook,loora,105478174979714,Loora,27338242895831171,Video,English,ai-avatar-only,talking-head,ai-generated,loora-g0002,exact_replica,replica,2026-06-16,2026-06-24,5,2,2026-06-13,11,False,17,33,19,17,False,True,52,0.0,True,False,False,loser,low
facebook,loora,105478174979714,Loora,1053758737567750,Video,,,,,,,,2026-07-10,2026-07-21,12,3,2026-07-06,15,False,17,32,24,32,False,True,92,0.25,True,False,False,winner,high
facebook,loora,105478174979714,Loora,28000341219563581,Video,,,,,,,,2026-07-22,2026-07-23,2,1,2026-07-06,17,False,17,18,18,17,True,False,75,1.0,True,True,False,winner,high
facebook,loora,105478174979714,Loora,1288587726756839,Video,English,ai+human,split-screen,mixed,loora-g0016,original,original,2026-05-27,2026-06-04,2,2,2026-05-12,23,False,18,18,18,18,False,True,50,0.0,True,False,False,winner,high
facebook,loora,105478174979714,Loora,2063273217925254,Video,English,ai+human,split-screen,mixed,loora-g0016,reworded_replica,replica,2026-06-11,2026-06-23,9,3,2026-05-12,42,False,18,23,22,22,False,True,52,0.0,True,False,False,winner,high
facebook,loora,105478174979714,Loora,1680023209867820,Video,English,ai-avatar-only,talking-head,ai-generated,loora-g0002,exact_replica,replica,2026-06-15,2026-07-05,9,2,2026-06-13,22,False,18,43,22,22,False,True,49,0.0,True,False,False,winner,high
facebook,loora,105478174979714,Loora,993531416757146,Video,English,ai-avatar-only,talking-head,ai-generated,loora-g0002,reworded_replica,replica,2026-06-15,2026-07-05,12,3,2026-06-13,22,False,18,39,20,21,False,True,49,0.0,True,False,False,winner,high
facebook,loora,105478174979714,Loora,1028258436260871,Video,English,ai-avatar-only,talking-head,ai-generated,loora-g0004,reworded_replica,replica,2026-06-16,2026-07-11,20,4,2026-06-13,28,False,18,44,25,25,False,True,53,0.0,True,False,True,winner,high
facebook,loora,105478174979714,Loora,28365108253078782,Video,English,ai-avatar-only,talking-head,ai-generated,loora-g0002,exact_replica,replica,2026-06-16,2026-07-15,21,5,2026-06-13,32,False,18,48,25,18,False,True,91,0.048,True,False,True,winner,high
facebook,loora,105478174979714,Loora,1008762784856261,Video,English,ai+human,split-screen,mixed,loora-g0000,exact_replica,replica,2026-06-17,2026-06-24,4,2,2026-06-14,10,False,18,21,20,18,False,True,52,0.0,True,False,False,loser,low
facebook,loora,105478174979714,Loora,2444217062744712,Video,,,,,,,,2026-07-18,2026-07-21,4,2,2026-07-13,8,False,18,20,19,18,False,True,92,1.0,True,True,False,loser,low
facebook,loora,105478174979714,Loora,920991640802146,Video,English,ai-avatar-only,talking-head,ai-generated,loora-g0003,exact_replica,replica,2026-05-27,2026-05-27,1,1,2026-04-14,43,False,19,19,19,19,False,True,50,0.0,True,False,False,winner,high
facebook,loora,105478174979714,Loora,1020433583744483,Video,English,ai+human,split-screen,mixed,loora-g0006,exact_replica,replica,2026-06-04,2026-06-23,10,4,2026-05-27,27,False,19,28,25,28,False,True,52,0.0,True,False,False,winner,high
facebook,loora,105478174979714,Loora,27582307301373948,Video,English,ai-avatar-only,talking-head,ai-generated,loora-g0002,reworded_replica,replica,2026-06-22,2026-06-24,3,1,2026-06-13,11,False,19,27,27,19,False,True,52,0.0,True,False,False,loser,low
facebook,loora,105478174979714,Loora,3585602121577543,Video,,,,,,,,2026-07-16,2026-07-21,6,2,2026-07-13,8,False,19,39,28,19,False,True,92,0.333,True,False,False,loser,low
facebook,loora,105478174979714,Loora,1347418030649936,Video,Spanish,ai+human,split-screen,mixed,loora-g0022,unique,original,2026-05-27,2026-05-27,1,1,2026-05-18,9,False,20,20,20,20,False,True,50,0.0,True,False,False,loser,low
facebook,loora,105478174979714,Loora,2257110451487366,Video,English,ai+human,split-screen,mixed,loora-g0000,exact_replica,replica,2026-05-27,2026-07-23,40,9,2026-05-09,75,False,20,42,26,29,True,False,92,0.025,True,False,False,winner,high
facebook,loora,105478174979714,Loora,1023280550147808,Video,English,ai-avatar-only,talking-head,ai-generated,loora-g0003,exact_replica,replica,2026-06-17,2026-06-24,4,2,2026-06-14,10,False,20,35,21,20,False,True,52,0.0,True,False,False,loser,low
facebook,loora,105478174979714,Loora,1030430109678081,Video,,,,,,,,2026-07-22,2026-07-23,2,1,2026-07-13,10,False,20,21,20,20,True,False,75,0.0,True,False,False,new,high
facebook,loora,105478174979714,Loora,1905092613368632,Video,English,ai+human,split-screen,mixed,loora-g0025,unique,original,2026-05-27,2026-05-27,1,1,2026-05-20,7,False,21,21,21,21,False,True,50,0.0,True,False,False,loser,low
facebook,loora,105478174979714,Loora,1743087253793397,Video,English,ai+human,split-screen,mixed,loora-g0024,unique,original,2026-05-27,2026-06-14,6,3,2026-05-20,25,False,21,43,22,22,False,True,50,0.0,True,False,False,winner,high
facebook,loora,105478174979714,Loora,1800081810971430,Video,,,,,,,,2026-07-06,2026-07-08,3,1,2026-06-23,15,False,21,32,32,21,False,True,53,0.0,True,False,False,winner,high
facebook,loora,105478174979714,Loora,1562585765364396,Video,,,,,,,,2026-07-14,2026-07-21,8,2,2026-07-12,9,False,21,51,24,25,False,True,92,0.5,True,True,False,loser,low
facebook,loora,105478174979714,Loora,4319304678307422,Video,,,,,,,,2026-07-18,2026-07-21,4,2,2026-07-13,8,False,21,27,24,21,False,True,92,0.5,True,True,False,loser,low
facebook,loora,105478174979714,Loora,1317685440350002,Video,,,,,,,,2026-07-18,2026-07-23,6,2,2026-07-13,10,False,21,44,38,21,True,False,92,0.0,True,False,False,undecided,high
facebook,loora,105478174979714,Loora,2122627011616500,Video,,,,,,,,2026-07-09,2026-07-21,13,3,2026-07-06,15,False,22,52,36,36,False,True,92,0.077,True,False,False,winner,high
facebook,loora,105478174979714,Loora,995952379898148,Video,,,,,,,,2026-07-16,2026-07-22,7,2,2026-07-13,9,False,22,54,52,22,False,True,92,0.0,True,False,False,loser,low
facebook,loora,105478174979714,Loora,1890705918285363,Video,English,ai+human,split-screen,mixed,loora-g0008,exact_replica,replica,2026-05-27,2026-05-27,1,1,2026-05-17,10,False,23,23,23,23,False,True,50,0.0,True,False,False,loser,low
facebook,loora,105478174979714,Loora,1332393458836467,Video,English,ai+human,split-screen,mixed,loora-g0021,unique,original,2026-05-27,2026-06-23,11,5,2026-05-12,42,False,23,36,29,31,False,True,52,0.0,True,False,False,winner,high
facebook,loora,105478174979714,Loora,2041893553197573,Video,,,,,,,,2026-07-12,2026-07-17,6,2,2026-06-13,34,False,23,31,28,31,False,True,92,0.167,True,False,False,winner,high
facebook,loora,105478174979714,Loora,955592144204810,Video,,,,,,,,2026-07-16,2026-07-23,8,2,2026-07-13,10,False,23,52,40,23,True,False,92,0.0,True,False,False,undecided,high
facebook,loora,105478174979714,Loora,4468359470086868,Video,English,ai+human,split-screen,mixed,loora-g0030,unique,original,2026-05-27,2026-05-27,1,1,2026-05-06,21,False,24,24,24,24,False,True,50,0.0,True,False,False,winner,high
facebook,loora,105478174979714,Loora,1651325459631448,Video,English,ai-avatar-only,talking-head,ai-generated,loora-g0002,exact_replica,replica,2026-05-27,2026-07-23,40,9,2026-05-09,75,False,24,44,34,27,True,False,92,0.0,True,False,False,winner,high
facebook,loora,105478174979714,Loora,1671097577430352,Video,English,ai-avatar-only,talking-head,ai-generated,loora-g0002,exact_replica,replica,2026-06-15,2026-07-21,13,4,2026-06-13,38,False,24,42,34,24,False,True,92,0.0,True,False,False,winner,high
facebook,loora,105478174979714,Loora,1515608520010052,Video,English,ai-avatar-only,talking-head,ai-generated,loora-g0005,exact_replica,replica,2026-06-16,2026-07-03,8,3,2026-06-13,20,False,24,49,27,24,False,True,49,0.0,True,False,False,winner,high
facebook,loora,105478174979714,Loora,1985616649496707,Video,English,ai+human,split-screen,mixed,loora-g0006,reworded_replica,replica,2026-06-25,2026-06-30,5,2,2026-06-06,24,False,24,27,25,27,False,True,46,0.0,True,False,False,winner,high
facebook,loora,105478174979714,Loora,1553491046417796,Video,,,,,,,,2026-07-12,2026-07-14,3,2,2026-06-13,31,False,24,25,25,24,False,True,57,0.0,True,False,False,winner,high
facebook,loora,105478174979714,Loora,1547298730167265,Video,,,,,,,,2026-07-14,2026-07-23,10,2,2026-07-12,11,False,24,82,50,24,True,False,92,0.0,True,False,False,undecided,high
facebook,loora,105478174979714,Loora,1276705914633244,Video,Spanish,ai+human,split-screen,mixed,loora-g0031,unique,original,2026-05-27,2026-05-27,1,1,2026-05-18,9,False,25,25,25,25,False,True,50,0.0,True,False,False,loser,low
facebook,loora,105478174979714,Loora,827379027114172,Video,English,ai-avatar-only,talking-head,ai-generated,loora-g0003,exact_replica,replica,2026-05-27,2026-06-04,2,2,2026-05-12,23,False,25,33,29,25,False,True,50,0.0,True,False,False,winner,high
facebook,loora,105478174979714,Loora,1633635301042962,Image,,,,,,,,2026-06-04,2026-06-16,7,3,2026-06-02,14,False,25,36,34,25,False,True,49,0.0,True,False,False,loser,low
facebook,loora,105478174979714,Loora,1537509541396440,Video,English,ai-avatar-only,talking-head,ai-generated,loora-g0001,translation_replica,replica,2026-06-16,2026-07-11,20,4,2026-06-13,28,False,25,41,29,29,False,True,53,0.0,True,False,False,winner,high
facebook,loora,105478174979714,Loora,1352044267085103,Video,,,,,,,,2026-07-15,2026-07-23,9,2,2026-07-13,10,False,25,67,45,25,True,False,92,0.0,True,False,False,undecided,high
facebook,loora,105478174979714,Loora,1626068392526827,Video,English,ai-avatar-only,talking-head,ai-generated,loora-g0001,translation_replica,replica,2026-05-27,2026-06-23,11,5,2026-05-03,51,False,26,39,32,36,False,True,52,0.0,True,False,False,winner,high
facebook,loora,105478174979714,Loora,869185468874772,Video,English,ai+human,split-screen,mixed,loora-g0006,exact_replica,replica,2026-06-04,2026-07-23,30,6,2026-05-27,57,False,26,51,34,34,True,False,92,0.0,True,False,False,winner,high
facebook,loora,105478174979714,Loora,1546272363585692,Image,,,,,,,,2026-06-04,2026-06-13,4,2,2026-06-02,11,False,26,32,27,26,False,True,38,0.0,True,False,False,loser,low
facebook,loora,105478174979714,Loora,1485151516165713,Video,English,ai+human,split-screen,mixed,loora-g0000,exact_replica,replica,2026-06-17,2026-06-17,1,1,2026-06-14,3,False,26,26,26,26,False,True,48,0.0,True,False,False,loser,low
facebook,loora,105478174979714,Loora,975194242006056,Video,English,ai+human,split-screen,mixed,loora-g0017,exact_replica,replica,2026-06-24,2026-07-23,29,5,2026-06-16,37,False,26,43,38,28,True,False,92,0.0,True,False,False,winner,high
facebook,loora,105478174979714,Loora,1704800317458489,Video,,,,,,,,2026-07-15,2026-07-23,5,2,2026-07-13,10,False,26,46,42,26,True,False,92,0.0,True,False,False,undecided,high
facebook,loora,105478174979714,Loora,1619041622509778,Video,English,ai-avatar-only,talking-head,ai-generated,loora-g0002,exact_replica,replica,2026-05-27,2026-05-27,1,1,2026-04-29,28,False,27,27,27,27,False,True,50,0.0,True,False,False,winner,high
facebook,loora,105478174979714,Loora,3236793519837388,Video,English,ai+human,split-screen,mixed,loora-g0013,original,original,2026-06-15,2026-07-13,3,3,2026-06-13,30,False,27,41,27,27,False,True,50,0.0,True,False,True,winner,high
facebook,loora,105478174979714,Loora,1342187611434918,Video,,,,,,,,2026-07-01,2026-07-08,8,2,2026-06-23,15,False,27,34,32,27,False,True,53,0.0,True,False,False,winner,high
facebook,loora,105478174979714,Loora,2311025816307474,Video,,,,,,,,2026-07-08,2026-07-21,14,3,2026-07-06,15,False,27,49,37,37,False,True,92,0.0,True,False,False,winner,high
facebook,loora,105478174979714,Loora,1326340282944973,Video,,,,,,,,2026-07-15,2026-07-21,7,2,2026-07-13,8,False,27,44,35,27,False,True,92,0.0,True,False,False,loser,low
facebook,loora,105478174979714,Loora,1556620752560045,Video,English,ai+human,split-screen,mixed,loora-g0000,exact_replica,replica,2026-05-27,2026-05-27,1,1,2026-05-20,7,False,28,28,28,28,False,True,50,0.0,True,False,False,loser,low
facebook,loora,105478174979714,Loora,969731195965248,Video,English,ai+human,split-screen,mixed,loora-g0000,exact_replica,replica,2026-06-17,2026-06-17,1,1,2026-06-14,3,False,28,28,28,28,False,True,48,0.0,True,False,False,loser,low
facebook,loora,105478174979714,Loora,27895788590026016,Video,,,,,,,,2026-07-02,2026-07-14,13,3,2026-06-29,15,False,28,46,37,28,False,True,57,0.0,True,False,False,winner,high
facebook,loora,105478174979714,Loora,886284157893490,Video,,,,,,,,2026-07-08,2026-07-21,14,3,2026-07-06,15,False,28,50,35,35,False,True,92,0.0,True,False,False,winner,high
facebook,loora,105478174979714,Loora,828323076603145,Video,English,ai+human,split-screen,mixed,loora-g0000,reworded_replica,replica,2026-05-27,2026-06-23,11,5,2026-05-16,38,False,29,45,34,45,False,True,52,0.0,True,False,False,winner,high
facebook,loora,105478174979714,Loora,2787277954991012,Video,English,ai-avatar-only,talking-head,ai-generated,loora-g0002,exact_replica,replica,2026-06-22,2026-07-11,19,3,2026-06-14,27,False,29,49,33,35,False,True,53,0.0,True,False,False,winner,high
facebook,loora,105478174979714,Loora,1367744601903627,Video,,,,,,,,2026-07-15,2026-07-22,8,2,2026-07-13,9,False,29,74,49,29,False,True,92,0.0,True,False,False,loser,low
facebook,loora,105478174979714,Loora,858370927344283,Video,,,,,,,,2026-07-18,2026-07-21,4,2,2026-06-13,38,False,29,31,30,31,False,True,92,0.0,True,False,False,winner,high
facebook,loora,105478174979714,Loora,1680966063016264,Video,,,,,,,,2026-07-18,2026-07-21,4,2,2026-07-13,8,False,29,39,34,29,False,True,92,0.0,True,False,False,loser,low
facebook,loora,105478174979714,Loora,3061153714077391,Video,English,ai+human,split-screen,mixed,loora-g0018,exact_replica,replica,2026-06-17,2026-06-17,1,1,2026-06-14,3,False,30,30,30,30,False,True,48,0.0,True,False,False,loser,low
facebook,loora,105478174979714,Loora,946651168463756,Video,,,,,,,,2026-07-12,2026-07-21,9,3,2026-07-06,15,False,30,44,32,33,False,True,92,0.0,True,False,False,winner,high
facebook,loora,105478174979714,Loora,1027598446793749,Video,,,,,,,,2026-07-16,2026-07-23,8,2,2026-07-13,10,False,30,66,58,30,True,False,92,0.0,True,False,False,undecided,high
facebook,loora,105478174979714,Loora,2483405618767529,Video,English,ai-avatar-only,talking-head,ai-generated,loora-g0001,translation_replica,replica,2026-05-27,2026-05-27,1,1,2026-05-12,15,False,31,31,31,31,False,True,50,0.0,True,False,False,winner,high
facebook,loora,105478174979714,Loora,1861497244534107,Video,English,ai+human,split-screen,mixed,loora-g0015,original,original,2026-05-27,2026-06-23,11,5,2026-05-12,42,False,31,51,36,51,False,True,52,0.0,True,False,False,winner,high
facebook,loora,105478174979714,Loora,902774176194288,Video,English,ai-avatar-only,talking-head,ai-generated,loora-g0003,exact_replica,replica,2026-06-16,2026-06-17,2,1,2026-06-13,4,False,31,36,34,36,False,True,49,0.0,True,False,False,loser,low
facebook,loora,105478174979714,Loora,1779756433468906,Video,,,,,,,,2026-07-01,2026-07-15,2,2,2026-06-29,16,False,31,47,39,31,False,True,91,0.0,True,False,True,winner,high
facebook,loora,105478174979714,Loora,2121429988723554,Video,,,,,,,,2026-07-23,2026-07-23,1,1,2026-07-13,10,False,31,31,31,31,True,False,73,0.0,True,False,False,new,high
facebook,loora,105478174979714,Loora,1412389343988596,Video,English,ai-avatar-only,talking-head,ai-generated,loora-g0003,original,original,2026-05-27,2026-05-27,1,1,2026-05-20,7,False,32,32,32,32,False,True,50,0.0,True,False,False,loser,low
facebook,loora,105478174979714,Loora,2920536348298813,Video,English,ai-avatar-only,talking-head,ai-generated,loora-g0011,exact_replica,replica,2026-06-11,2026-07-14,29,6,2026-06-06,38,False,32,50,41,34,False,True,57,0.0,True,False,False,winner,high
facebook,loora,105478174979714,Loora,2190350225118153,Video,English,ai-avatar-only,talking-head,ai-generated,loora-g0001,translation_replica,replica,2026-06-22,2026-06-23,2,1,2026-06-15,8,False,32,32,32,32,False,True,52,0.0,True,False,False,loser,low
facebook,loora,105478174979714,Loora,27312881168353507,Video,English,ai-avatar-only,app-screencast,ai-generated,loora-g0003,visual_variant,replica,2026-06-25,2026-07-13,18,4,2026-06-23,20,False,32,46,39,32,False,True,53,0.0,True,False,False,winner,high
facebook,loora,105478174979714,Loora,1011334801882877,Video,,,,,,,,2026-07-22,2026-07-23,2,1,2026-07-13,10,False,32,35,34,32,True,False,75,0.0,True,False,False,new,high
facebook,loora,105478174979714,Loora,27356581034010818,Video,,,,,,,,2026-07-08,2026-07-21,14,3,2026-07-06,15,False,33,53,47,49,False,True,92,0.0,True,False,False,winner,high
facebook,loora,105478174979714,Loora,1611300970620643,Video,,,,,,,,2026-07-14,2026-07-22,9,2,2026-07-12,10,False,33,71,46,33,False,True,92,0.0,True,False,False,loser,low
facebook,loora,105478174979714,Loora,870914545699672,Video,,,,,,,,2026-07-15,2026-07-23,9,2,2026-07-13,10,False,33,57,53,33,True,False,92,0.0,True,False,False,undecided,high
facebook,loora,105478174979714,Loora,1466680661478322,Video,Spanish,ai-avatar-only,talking-head,ai-generated,loora-g0001,original,original,2026-05-27,2026-05-27,1,1,2026-04-02,55,False,34,34,34,34,False,True,50,0.0,True,False,False,winner,high
facebook,loora,105478174979714,Loora,4212630769048709,Video,English,ai+human,split-screen,mixed,loora-g0000,exact_replica,replica,2026-06-15,2026-06-16,2,1,2026-06-13,3,False,34,35,34,35,False,True,49,0.0,True,False,False,loser,low
facebook,loora,105478174979714,Loora,1536628524714927,Video,English,ai-avatar-only,talking-head,ai-generated,loora-g0002,reworded_replica,replica,2026-06-17,2026-06-17,1,1,2026-06-14,3,False,34,34,34,34,False,True,48,0.0,True,False,False,loser,low
facebook,loora,105478174979714,Loora,3986740264793174,Video,,,,,,,,2026-07-01,2026-07-23,23,4,2026-06-29,24,False,34,58,43,38,True,False,92,0.0,True,False,False,winner,high
facebook,loora,105478174979714,Loora,1040020345149620,Video,,,,,,,,2026-07-14,2026-07-14,1,1,2026-07-06,8,False,35,35,35,35,False,True,57,0.0,True,False,False,loser,low
facebook,loora,105478174979714,Loora,1535709504922781,Video,,,,,,,,2026-07-15,2026-07-23,9,2,2026-07-13,10,False,35,69,68,35,True,False,92,0.0,True,False,False,undecided,high
facebook,loora,105478174979714,Loora,1183362857252391,Video,English,ai-avatar-only,talking-head,ai-generated,loora-g0002,exact_replica,replica,2026-06-17,2026-06-24,4,2,2026-06-14,10,False,36,46,43,36,False,True,52,0.0,True,False,True,loser,low
facebook,loora,105478174979714,Loora,1729369401413761,Video,English,ai-avatar-only,split-screen,ai-generated,loora-g0001,translation_replica,replica,2026-06-25,2026-06-26,2,1,2026-06-23,3,False,36,44,40,36,False,True,46,0.0,True,False,False,loser,low
facebook,loora,105478174979714,Loora,2547698822300142,Video,,,,,,,,2026-07-12,2026-07-21,10,3,2026-06-13,38,False,36,54,41,54,False,True,92,0.0,True,False,False,winner,high
facebook,loora,105478174979714,Loora,1015372294539208,Video,,,,,,,,2026-07-15,2026-07-23,9,2,2026-07-13,10,False,36,71,62,36,True,False,92,0.0,True,False,False,undecided,high
facebook,loora,105478174979714,Loora,1366146328694387,Video,English,ai+human,split-screen,mixed,loora-g0012,exact_replica,replica,2026-06-17,2026-07-21,27,6,2026-06-13,38,False,37,60,40,60,False,True,92,0.0,True,False,False,winner,high
facebook,loora,105478174979714,Loora,1636996230727602,Video,,,,,,,,2026-07-15,2026-07-23,7,2,2026-07-13,10,False,37,57,54,37,True,False,92,0.0,True,False,False,undecided,high
facebook,loora,105478174979714,Loora,2816620738678016,Video,English,ai+human,split-screen,mixed,loora-g0026,unique,original,2026-05-27,2026-05-27,1,1,2026-04-14,43,False,38,38,38,38,False,True,50,0.0,True,False,False,winner,high
facebook,loora,105478174979714,Loora,1632804617809986,Video,,,,,,,,2026-07-01,2026-07-23,23,4,2026-06-29,24,False,38,61,43,42,True,False,92,0.0,True,False,False,winner,high
facebook,loora,105478174979714,Loora,1378709630744117,Video,English,ai-avatar-only,talking-head,ai-generated,loora-g0004,reworded_replica,replica,2026-06-17,2026-06-17,1,1,2026-06-14,3,False,39,39,39,39,False,True,48,0.0,True,False,False,loser,low
facebook,loora,105478174979714,Loora,957987367285794,Video,English,ai+human,split-screen,mixed,loora-g0012,reworded_replica,replica,2026-06-22,2026-06-24,3,1,2026-06-14,10,False,39,47,47,39,False,True,52,0.0,True,False,False,loser,low
facebook,loora,105478174979714,Loora,989729313528735,Video,English,ai+human,split-screen,mixed,loora-g0000,reworded_replica,replica,2026-06-24,2026-07-23,29,5,2026-05-16,68,False,39,63,44,46,True,False,92,0.0,True,False,False,winner,high
facebook,loora,105478174979714,Loora,1288912503097505,Video,,,,,,,,2026-07-15,2026-07-23,9,2,2026-07-13,10,False,39,59,45,39,True,False,92,0.0,True,False,False,undecided,high
facebook,loora,105478174979714,Loora,1007116398921663,Video,English,ai+human,split-screen,mixed,loora-g0012,original,original,2026-06-16,2026-06-16,1,1,2026-06-14,2,False,40,40,40,40,False,True,49,0.0,True,False,False,loser,low
facebook,loora,105478174979714,Loora,2827057244325446,Video,,,,,,,,2026-07-09,2026-07-11,3,1,2026-07-06,5,False,40,43,40,40,False,True,52,0.0,True,False,False,loser,low
facebook,loora,105478174979714,Loora,3808546165953885,Video,,,,,,,,2026-07-15,2026-07-23,9,2,2026-07-13,10,False,40,71,65,40,True,False,92,0.0,True,False,False,undecided,high
facebook,loora,105478174979714,Loora,1324645853195533,Video,English,ai-avatar-only,talking-head,ai-generated,loora-g0001,translation_replica,replica,2026-06-17,2026-06-17,1,1,2026-06-14,3,False,41,41,41,41,False,True,48,0.0,True,False,False,loser,low
facebook,loora,105478174979714,Loora,1334834655321570,Video,English,ai+human,split-screen,mixed,loora-g0013,exact_replica,replica,2026-06-17,2026-06-23,3,2,2026-06-14,9,False,41,48,41,41,False,True,52,0.0,True,False,True,loser,low
facebook,loora,105478174979714,Loora,1735361147807536,Video,,,,,,,,2026-07-15,2026-07-15,1,1,2026-07-13,2,False,41,41,41,41,False,True,91,0.0,True,False,False,loser,low
facebook,loora,105478174979714,Loora,1684750995910833,Video,,,,,,,,2026-07-15,2026-07-23,2,2,2026-07-13,10,False,41,59,50,41,True,False,91,0.0,True,False,False,undecided,high
facebook,loora,105478174979714,Loora,1565174518464522,Video,English,ai+human,split-screen,mixed,loora-g0033,unique,original,2026-06-22,2026-07-23,31,5,2026-06-16,37,False,43,79,48,57,True,False,92,0.0,True,False,False,winner,high
facebook,loora,105478174979714,Loora,1298208928762380,Video,,,,,,,,2026-07-08,2026-07-21,14,3,2026-07-06,15,False,43,56,49,56,False,True,92,0.0,True,False,True,winner,high
facebook,loora,105478174979714,Loora,1017721613974007,Video,,,,,,,,2026-07-14,2026-07-23,10,2,2026-07-12,11,False,43,66,60,43,True,False,92,0.0,True,False,False,undecided,high
facebook,loora,105478174979714,Loora,956413676791922,Video,English,ai-avatar-only,talking-head,ai-generated,loora-g0011,reworded_replica,replica,2026-05-27,2026-05-27,1,1,2026-04-14,43,False,44,44,44,44,False,True,50,0.0,True,False,False,winner,high
facebook,loora,105478174979714,Loora,1051044647291045,Video,English,ai-avatar-only,talking-head,ai-generated,loora-g0001,translation_replica,replica,2026-06-17,2026-06-17,1,1,2026-06-14,3,False,44,44,44,44,False,True,48,0.0,True,False,True,loser,low
facebook,loora,105478174979714,Loora,1044304634647027,Video,,,,,,,,2026-07-15,2026-07-23,9,2,2026-07-13,10,False,44,76,64,44,True,False,92,0.0,True,False,False,undecided,high
facebook,loora,105478174979714,Loora,4371337003141421,Video,English,ai-avatar-only,talking-head,ai-generated,loora-g0011,original,original,2026-05-27,2026-05-27,1,1,2026-05-20,7,False,45,45,45,45,False,True,50,0.0,True,False,False,loser,low
facebook,loora,105478174979714,Loora,2560816464371211,Video,,,,,,,,2026-07-08,2026-07-09,2,1,2026-07-06,3,False,45,47,46,45,False,True,53,0.0,True,False,False,loser,low
facebook,loora,105478174979714,Loora,2418322802022115,Video,,,,,,,,2026-07-08,2026-07-21,14,3,2026-07-06,15,False,45,62,50,62,False,True,92,0.0,True,False,True,winner,high
facebook,loora,105478174979714,Loora,2154774542127805,Video,,,,,,,,2026-07-18,2026-07-23,6,2,2026-07-13,10,False,45,72,71,45,True,False,92,0.0,True,False,False,undecided,high
facebook,loora,105478174979714,Loora,999353006369035,Video,English,ai+human,split-screen,mixed,loora-g0007,exact_replica,replica,2026-05-27,2026-05-27,1,1,2026-05-25,2,False,47,47,47,47,False,True,50,0.0,True,False,False,loser,low
facebook,loora,105478174979714,Loora,2011493032906951,Video,English,ai-avatar-only,talking-head,ai-generated,loora-g0001,translation_replica,replica,2026-06-17,2026-06-17,1,1,2026-06-14,3,False,47,47,47,47,False,True,48,0.0,True,False,False,loser,low
facebook,loora,105478174979714,Loora,1712649039986034,Video,,,,,,,,2026-07-15,2026-07-15,1,1,2026-07-13,2,False,47,47,47,47,False,True,91,0.0,True,False,False,loser,low
facebook,loora,105478174979714,Loora,1528750432328689,Video,,,,,,,,2026-07-15,2026-07-21,7,2,2026-07-13,8,False,47,66,50,50,False,True,92,0.0,True,False,False,loser,low
facebook,loora,105478174979714,Loora,1336212968718713,Video,,,,,,,,2026-07-16,2026-07-23,8,2,2026-07-13,10,False,47,72,68,47,True,False,92,0.0,True,False,False,undecided,high
facebook,loora,105478174979714,Loora,1365207728918628,Video,,,,,,,,2026-07-14,2026-07-23,10,2,2026-07-12,11,False,48,70,64,48,True,False,92,0.0,True,False,False,undecided,high
facebook,loora,105478174979714,Loora,1564037895089707,Video,,,,,,,,2026-07-15,2026-07-23,9,2,2026-07-13,10,False,48,70,60,49,True,False,92,0.0,True,False,False,undecided,high
facebook,loora,105478174979714,Loora,1462601055625516,Video,,,,,,,,2026-07-15,2026-07-21,7,2,2026-07-13,8,False,48,78,59,48,False,True,92,0.0,True,False,False,loser,low
facebook,loora,105478174979714,Loora,1489024535719287,Video,English,ai-avatar-only,talking-head,ai-generated,loora-g0001,translation_replica,replica,2026-05-27,2026-05-27,1,1,2026-05-25,2,False,49,49,49,49,False,True,50,0.0,True,False,False,loser,low
facebook,loora,105478174979714,Loora,957241043876808,Video,English,ai+human,split-screen,mixed,loora-g0015,exact_replica,replica,2026-05-27,2026-05-27,1,1,2026-05-12,15,False,50,50,50,50,False,True,50,0.0,True,False,False,winner,high
facebook,loora,105478174979714,Loora,36835547972756534,Video,,,,,,,,2026-07-14,2026-07-23,10,2,2026-07-12,11,False,50,86,72,50,True,False,92,0.0,True,False,True,undecided,high
facebook,loora,105478174979714,Loora,1696945591429846,Video,,,,,,,,2026-07-15,2026-07-23,9,2,2026-07-13,10,False,51,75,67,51,True,False,92,0.0,True,False,False,undecided,high
facebook,loora,105478174979714,Loora,2094998248088254,Video,,,,,,,,2026-07-14,2026-07-23,10,2,2026-07-12,11,False,52,81,67,53,True,False,92,0.0,True,False,False,undecided,high
facebook,loora,105478174979714,Loora,1050343200873764,Video,,,,,,,,2026-07-22,2026-07-23,2,1,2026-07-13,10,False,52,54,53,52,True,False,75,0.0,True,False,False,new,high
facebook,loora,105478174979714,Loora,1376673434369180,Video,,,,,,,,2026-07-14,2026-07-23,10,2,2026-07-12,11,False,54,83,80,62,True,False,92,0.0,True,False,True,undecided,high
facebook,loora,105478174979714,Loora,2271204577031330,Video,,,,,,,,2026-07-15,2026-07-15,1,1,2026-07-13,2,False,54,54,54,54,False,True,91,0.0,True,False,False,loser,low
facebook,loora,105478174979714,Loora,1034426875739269,Video,,,,,,,,2026-07-18,2026-07-23,6,2,2026-07-13,10,False,54,74,73,54,True,False,92,0.0,True,False,False,undecided,high
facebook,loora,105478174979714,Loora,1683632599420389,Video,,,,,,,,2026-07-14,2026-07-23,10,2,2026-07-12,11,False,55,88,87,69,True,False,92,0.0,True,False,True,undecided,high
facebook,loora,105478174979714,Loora,897321943418751,Video,,,,,,,,2026-07-15,2026-07-23,9,2,2026-07-13,10,False,55,76,69,55,True,False,92,0.0,True,False,False,undecided,high
facebook,loora,105478174979714,Loora,1585467806699602,Video,,,,,,,,2026-07-22,2026-07-23,2,1,2026-07-13,10,False,56,58,57,56,True,False,75,0.0,True,False,False,new,high
facebook,loora,105478174979714,Loora,1640641020765022,Video,,,,,,,,2026-07-14,2026-07-23,10,2,2026-07-12,11,False,57,91,82,65,True,False,92,0.0,True,False,True,undecided,high
facebook,loora,105478174979714,Loora,2302155700333671,Video,,,,,,,,2026-07-16,2026-07-17,2,1,2026-07-13,4,False,58,58,58,58,False,True,92,0.0,True,False,False,loser,low
facebook,loora,105478174979714,Loora,1588359709601998,Video,,,,,,,,2026-07-22,2026-07-23,2,1,2026-07-13,10,False,58,60,59,58,True,False,75,0.0,True,False,False,new,high
facebook,loora,105478174979714,Loora,2032931734096101,Video,,,,,,,,2026-07-15,2026-07-23,9,2,2026-07-13,10,False,59,78,73,59,True,False,92,0.0,True,False,False,undecided,high
facebook,loora,105478174979714,Loora,1591492582395926,Video,,,,,,,,2026-07-16,2026-07-17,2,1,2026-07-13,4,False,59,59,59,59,False,True,92,0.0,True,False,False,loser,low
facebook,loora,105478174979714,Loora,894154967072003,Video,,,,,,,,2026-07-15,2026-07-23,9,2,2026-07-13,10,False,60,79,77,60,True,False,92,0.0,True,False,False,undecided,high
facebook,loora,105478174979714,Loora,26717927631214700,Video,,,,,,,,2026-07-15,2026-07-23,9,2,2026-07-13,10,False,61,80,75,61,True,False,92,0.0,True,False,False,undecided,high
facebook,loora,105478174979714,Loora,3330216970496876,Video,,,,,,,,2026-07-16,2026-07-23,8,2,2026-07-13,10,False,63,85,85,63,True,False,92,0.0,True,False,False,undecided,high
facebook,loora,105478174979714,Loora,1337793668505922,Video,,,,,,,,2026-07-15,2026-07-23,9,2,2026-07-13,10,False,64,83,82,64,True,False,92,0.0,True,False,False,undecided,high
facebook,loora,105478174979714,Loora,912992904418282,Video,,,,,,,,2026-07-18,2026-07-23,6,2,2026-07-13,10,False,66,84,84,66,True,False,92,0.0,True,False,False,undecided,high
facebook,loora,105478174979714,Loora,37077031308579275,Video,,,,,,,,2026-07-18,2026-07-23,6,2,2026-07-13,10,False,67,86,86,67,True,False,92,0.0,True,False,False,undecided,high
facebook,loora,105478174979714,Loora,1965538320761161,Video,,,,,,,,2026-07-15,2026-07-23,9,2,2026-07-13,10,False,68,87,84,68,True,False,92,0.0,True,False,False,undecided,high
facebook,loora,105478174979714,Loora,906208792534550,Video,,,,,,,,2026-07-15,2026-07-23,9,2,2026-07-13,10,False,70,90,89,70,True,False,92,0.0,True,False,True,undecided,high
facebook,loora,105478174979714,Loora,995028603371360,Video,,,,,,,,2026-07-16,2026-07-23,8,2,2026-07-13,10,False,71,91,90,71,True,False,92,0.0,True,False,True,undecided,high
facebook,loora,105478174979714,Loora,911691067910362,Video,,,,,,,,2026-07-15,2026-07-15,1,1,2026-07-13,2,False,72,72,72,72,False,True,91,0.0,True,False,False,loser,low
facebook,loora,105478174979714,Loora,1035968878809133,Video,,,,,,,,2026-07-15,2026-07-23,9,2,2026-07-13,10,False,72,91,88,72,True,False,92,0.0,True,False,True,undecided,high
facebook,loora,105478174979714,Loora,1508922990985701,Video,,,,,,,,2026-07-15,2026-07-23,5,2,2026-07-13,10,False,73,92,90,73,True,False,92,0.0,True,False,True,undecided,high
facebook,loora,105478174979714,Loora,994994230031623,Video,,,,,,,,2026-07-15,2026-07-15,1,1,2026-07-13,2,False,77,77,77,77,False,True,91,0.0,True,False,False,loser,low
facebook,loora,105478174979714,Loora,1514785023455810,Video,,,,,,,,2026-07-15,2026-07-15,1,1,2026-07-13,2,False,78,78,78,78,False,True,91,0.0,True,False,True,loser,low
facebook,loora,105478174979714,Loora,1385055313562456,Video,,,,,,,,2026-07-15,2026-07-17,3,1,2026-07-13,4,False,79,89,79,79,False,True,92,0.0,True,False,False,loser,low
facebook,loora,105478174979714,Loora,961823100240643,Video,,,,,,,,2026-07-16,2026-07-17,2,1,2026-07-13,4,False,81,81,81,81,False,True,92,0.0,True,False,False,loser,low
facebook,loora,105478174979714,Loora,1382154143780286,Video,,,,,,,,2026-07-15,2026-07-15,1,1,2026-07-13,2,False,84,84,84,84,False,True,91,0.0,True,False,True,loser,low
facebook,loora,105478174979714,Loora,2512634782496299,Video,,,,,,,,2026-07-16,2026-07-17,2,1,2026-07-13,4,False,86,86,86,86,False,True,92,0.0,True,False,False,loser,low
facebook,loora,105478174979714,Loora,1410928177579198,Video,,,,,,,,2026-07-15,2026-07-17,3,1,2026-07-13,4,False,88,89,89,89,False,True,92,0.0,True,False,True,loser,low
facebook,loora,105478174979714,Loora,1207744522423851,Video,,,,,,,,2026-07-18,2026-07-21,4,2,2026-07-13,8,False,92,92,92,92,False,True,92,0.0,True,False,True,loser,low
facebook,loora,936721566182539,Loora: AI English Tutor,3217172991801670,Video,English,ai-avatar-only,talking-head,ai-generated,loora-g0004,exact_replica,replica,2026-05-27,2026-05-27,1,1,2026-04-14,43,False,1,1,1,1,False,True,1,1.0,True,True,False,winner,high
facebook,loora,936721566182539,Loora: AI English Tutor,1312246001030850,Video,English,ai-avatar-only,talking-head,ai-generated,loora-g0004,exact_replica,replica,2026-06-11,2026-06-23,9,3,2026-05-25,29,False,1,1,1,1,False,True,4,1.0,True,True,False,winner,high
facebook,loora,936721566182539,Loora: AI English Tutor,27423307387277285,Video,English,ai-avatar-only,talking-head,ai-generated,loora-g0004,reworded_replica,replica,2026-06-24,2026-07-23,29,5,2026-05-09,75,False,1,2,1,1,True,False,16,1.0,True,True,False,strong_winner,high
facebook,loora,936721566182539,Loora: AI English Tutor,2186650538734750,Image,,,,,,,,2026-07-17,2026-07-22,6,2,2026-07-15,7,False,1,5,2,1,False,True,16,0.833,True,True,False,loser,low
facebook,loora,936721566182539,Loora: AI English Tutor,2216087012537934,Video,French,ai+human,split-screen,mixed,loora-g0034,unique,original,2026-06-15,2026-06-17,3,1,2026-06-13,4,False,2,2,2,2,False,True,4,0.0,True,False,False,loser,low
facebook,loora,936721566182539,Loora: AI English Tutor,2337129586816797,Video,,,,,,,,2026-07-09,2026-07-21,13,3,2026-07-07,14,False,2,6,3,6,False,True,16,0.231,True,False,False,loser,low
facebook,loora,936721566182539,Loora: AI English Tutor,2299097647495324,Video,,,,,,,,2026-07-10,2026-07-21,12,3,2026-07-07,14,False,2,3,2,3,False,True,16,0.417,True,False,False,loser,low
facebook,loora,936721566182539,Loora: AI English Tutor,1748269009499480,Image,,,,,,,,2026-07-17,2026-07-23,7,2,2026-07-15,8,False,2,10,7,2,True,False,16,0.143,True,False,False,undecided,high
facebook,loora,936721566182539,Loora: AI English Tutor,4596613803998320,Video,French,ai+human,split-screen,mixed,loora-g0014,translation_replica,replica,2026-06-15,2026-06-17,3,1,2026-06-13,4,False,3,4,4,4,False,True,4,0.0,True,False,False,loser,low
facebook,loora,936721566182539,Loora: AI English Tutor,965883689761456,Video,French,ai+human,split-screen,mixed,loora-g0035,unique,original,2026-06-15,2026-06-17,3,1,2026-06-13,4,False,3,4,3,3,False,True,4,0.0,True,False,False,loser,low
facebook,loora,936721566182539,Loora: AI English Tutor,1591620048968017,Image,,,,,,,,2026-07-17,2026-07-23,7,2,2026-07-15,8,False,3,12,10,3,True,False,16,0.143,True,False,False,undecided,high
facebook,loora,936721566182539,Loora: AI English Tutor,1056014390090507,Image,,,,,,,,2026-07-17,2026-07-22,6,2,2026-07-15,7,False,3,7,4,3,False,True,16,0.5,True,True,False,loser,low
facebook,loora,936721566182539,Loora: AI English Tutor,1257067016406614,Video,,,,,,,,2026-07-10,2026-07-21,12,3,2026-07-07,14,False,4,7,4,7,False,True,16,0.0,True,False,False,loser,low
facebook,loora,936721566182539,Loora: AI English Tutor,2865239173811617,Video,,,,,,,,2026-07-17,2026-07-23,7,2,2026-07-15,8,False,4,11,10,4,True,False,16,0.0,True,False,False,undecided,high
facebook,loora,936721566182539,Loora: AI English Tutor,1038256592012802,Image,,,,,,,,2026-07-17,2026-07-22,6,2,2026-07-15,7,False,4,9,7,4,False,True,16,0.167,True,False,False,loser,low
facebook,loora,936721566182539,Loora: AI English Tutor,1348833497458462,Image,,,,,,,,2026-07-17,2026-07-23,7,2,2026-07-15,8,False,5,12,9,5,True,False,16,0.0,True,False,False,undecided,high
facebook,loora,936721566182539,Loora: AI English Tutor,1037232252229625,Video,,,,,,,,2026-07-17,2026-07-22,6,2,2026-07-15,7,False,5,12,10,5,False,True,16,0.0,True,False,False,loser,low
facebook,loora,936721566182539,Loora: AI English Tutor,1784013629425060,Image,,,,,,,,2026-07-18,2026-07-23,6,2,2026-07-15,8,False,6,13,13,6,True,False,16,0.0,True,False,False,undecided,high
facebook,loora,936721566182539,Loora: AI English Tutor,2125828964815285,Video,,,,,,,,2026-07-18,2026-07-23,6,2,2026-07-15,8,False,7,14,14,7,True,False,16,0.0,True,False,False,undecided,high
facebook,loora,936721566182539,Loora: AI English Tutor,1065007649423102,Image,,,,,,,,2026-07-18,2026-07-23,6,2,2026-07-15,8,False,8,15,15,8,True,False,16,0.0,True,False,False,undecided,high
facebook,loora,936721566182539,Loora: AI English Tutor,4433420273537103,Image,,,,,,,,2026-07-22,2026-07-23,2,1,2026-07-15,8,False,9,13,11,9,True,False,14,0.0,True,False,True,new,high
facebook,loora,936721566182539,Loora: AI English Tutor,1351363066453052,Video,,,,,,,,2026-07-18,2026-07-23,6,2,2026-07-15,8,False,10,16,16,10,True,False,16,0.0,True,False,True,undecided,high
