page_id,page_name,ad_id,media_type,verdict,first_seen,last_seen,present_now,best_page_rank,run_days,2026-05-27,2026-06-04,2026-06-11,2026-06-12,2026-06-13,2026-06-14,2026-06-15,2026-06-16,2026-06-17,2026-06-22,2026-06-23,2026-06-24,2026-06-25,2026-06-26,2026-06-28,2026-06-29,2026-06-30,2026-07-01,2026-07-02,2026-07-03,2026-07-04,2026-07-05,2026-07-06,2026-07-07,2026-07-08,2026-07-09,2026-07-10,2026-07-11,2026-07-12,2026-07-13
105478174979714,Loora,1286341193458429,Video,strong_winner,2026-05-27,2026-06-04,False,1,60,1,1,,,,,,,,,,,,,,,,,,,,,,,,,,,,
105478174979714,Loora,2824622157869852,Video,winner,2026-05-27,2026-06-15,False,1,29,3,2,2,1,1,1,1,,,,,,,,,,,,,,,,,,,,,,,
105478174979714,Loora,1923073918386349,Video,strong_winner,2026-05-27,2026-07-13,True,1,145,4,3,3,2,2,3,3,4,4,3,3,3,2,3,3,3,1,1,1,1,2,2,3,3,4,3,3,3,1,1
105478174979714,Loora,1581060787352516,Video,winner,2026-05-27,2026-06-29,False,1,40,12,7,5,3,3,4,4,1,1,1,1,1,1,1,1,1,,,,,,,,,,,,,,
105478174979714,Loora,3920858908216732,Video,winner,2026-05-27,2026-06-11,False,1,22,26,5,1,,,,,,,,,,,,,,,,,,,,,,,,,,,
105478174979714,Loora,887507133689970,Video,winner,2026-06-15,2026-07-11,False,1,28,,,,,,,39,43,,,,9,7,9,8,8,9,6,6,6,4,4,4,4,2,1,1,1,,
105478174979714,Loora,3847698162037004,Video,winner,2026-06-30,2026-07-08,False,1,25,,,,,,,,,,,,,,,,,8,5,4,4,1,1,1,1,1,,,,,
105478174979714,Loora,26858246627159221,Video,loser,2026-05-27,2026-05-27,False,2,7,2,,,,,,,,,,,,,,,,,,,,,,,,,,,,,
105478174979714,Loora,887166504395248,Video,winner,2026-06-04,2026-06-17,False,2,23,,8,6,5,5,2,2,3,3,,,,,,,,,,,,,,,,,,,,,
105478174979714,Loora,1017749350907847,Video,winner,2026-06-04,2026-07-13,True,2,41,,30,12,10,10,11,11,10,10,8,8,5,3,5,4,4,3,2,2,2,3,3,5,5,5,4,4,4,2,2
105478174979714,Loora,1819504062758111,Video,winner,2026-06-11,2026-06-24,False,2,16,,,30,28,28,5,5,2,2,2,2,2,,,,,,,,,,,,,,,,,,
105478174979714,Loora,1446355560859167,Video,winner,2026-06-15,2026-06-30,False,2,17,,,,,,,35,36,,,,,25,26,28,28,2,,,,,,,,,,,,,
105478174979714,Loora,1280442864286771,Video,winner,2026-06-25,2026-06-29,False,2,16,,,,,,,,,,,,,5,2,2,2,,,,,,,,,,,,,,
105478174979714,Loora,768123156362702,Video,loser,2026-07-01,2026-07-11,False,2,12,,,,,,,,,,,,,,,,,,24,15,15,5,5,2,2,3,2,2,2,,
105478174979714,Loora,1399715815299179,Video,strong_winner,2026-05-27,2026-07-13,True,3,49,48,10,9,8,8,9,9,9,9,7,7,6,4,6,5,5,5,3,5,5,7,7,7,7,7,6,6,6,5,5
105478174979714,Loora,1011292844956913,Video,winner,2026-06-22,2026-07-13,True,3,27,,,,,,,,,,23,23,12,10,8,6,6,7,4,3,3,6,6,6,6,6,5,5,5,3,3
105478174979714,Loora,1758731028824393,Video,winner,2026-06-04,2026-06-23,False,4,27,,4,4,4,4,6,6,6,6,5,5,,,,,,,,,,,,,,,,,,,
105478174979714,Loora,1410322400818020,Video,strong_winner,2026-06-11,2026-06-23,False,4,55,,,8,7,7,8,8,8,8,4,4,,,,,,,,,,,,,,,,,,,
105478174979714,Loora,3449271938584984,Video,loser,2026-06-15,2026-06-26,False,4,13,,,,,,,40,45,,,,14,12,4,,,,,,,,,,,,,,,,
105478174979714,Loora,1519379893216673,Video,loser,2026-06-22,2026-06-24,False,4,8,,,,,,,,,,6,6,4,,,,,,,,,,,,,,,,,,
105478174979714,Loora,1021136453737366,Video,winner,2026-06-25,2026-07-13,True,4,29,,,,,,,,,,,,,15,15,14,14,14,11,13,13,18,18,17,17,17,14,14,14,4,4
105478174979714,Loora,1753214105929643,Video,loser,2026-06-25,2026-06-30,False,4,7,,,,,,,,,,,,,37,32,12,12,4,,,,,,,,,,,,,
105478174979714,Loora,989760113647100,Video,loser,2026-05-27,2026-05-27,False,5,9,5,,,,,,,,,,,,,,,,,,,,,,,,,,,,,
105478174979714,Loora,4482617731983250,Video,loser,2026-06-14,2026-06-17,False,5,9,,,,,,10,10,5,5,,,,,,,,,,,,,,,,,,,,,
105478174979714,Loora,1679747593034871,Video,winner,2026-05-27,2026-05-27,False,6,43,6,,,,,,,,,,,,,,,,,,,,,,,,,,,,,
105478174979714,Loora,1582553446724594,Video,winner,2026-05-27,2026-06-17,False,6,39,7,6,7,6,6,7,7,7,7,,,,,,,,,,,,,,,,,,,,,
105478174979714,Loora,1315848836760274,Video,winner,2026-06-11,2026-06-26,False,6,20,,,21,13,13,14,14,11,11,9,9,7,6,7,,,,,,,,,,,,,,,,
105478174979714,Loora,1622949502114966,Video,winner,2026-06-22,2026-06-30,False,6,17,,,,,,,,,,17,17,,,,7,7,6,,,,,,,,,,,,,
105478174979714,Loora,1389378246427597,Video,undecided,2026-07-08,2026-07-13,True,6,7,,,,,,,,,,,,,,,,,,,,,,,,,45,42,11,11,6,6
105478174979714,Loora,1495982208735813,Video,strong_winner,2026-06-24,2026-07-13,True,7,47,,,,,,,,,,,,11,9,11,9,9,10,7,7,7,9,9,9,9,12,10,13,13,10,10
105478174979714,Loora,1323640396530842,Video,winner,2026-07-01,2026-07-11,False,7,28,,,,,,,,,,,,,,,,,,14,11,11,8,8,8,8,8,7,7,7,,
105478174979714,Loora,858897586932065,Video,new,2026-07-12,2026-07-13,True,7,14,,,,,,,,,,,,,,,,,,,,,,,,,,,,,7,7
105478174979714,Loora,2014484739469344,Video,winner,2026-05-27,2026-05-27,False,8,43,8,,,,,,,,,,,,,,,,,,,,,,,,,,,,,
105478174979714,Loora,979523084446611,Video,strong_winner,2026-05-27,2026-07-13,True,8,65,9,,,,,,,,,11,11,10,8,10,10,10,11,8,8,8,10,10,10,10,11,9,10,10,9,9
105478174979714,Loora,1482627169799430,Video,loser,2026-06-17,2026-06-24,False,8,10,,,,,,,,,40,40,40,8,,,,,,,,,,,,,,,,,,
105478174979714,Loora,1036628765435067,Video,loser,2026-07-01,2026-07-11,False,8,12,,,,,,,,,,,,,,,,,,37,31,31,16,16,12,12,9,8,8,8,,
105478174979714,Loora,2537378303379370,Video,undecided,2026-07-01,2026-07-13,True,8,14,,,,,,,,,,,,,,,,,,42,28,28,14,14,14,14,14,12,12,12,8,8
105478174979714,Loora,1261073506142042,Video,strong_winner,2026-05-27,2026-06-04,False,9,46,10,9,,,,,,,,,,,,,,,,,,,,,,,,,,,,
105478174979714,Loora,1726347351867581,Video,loser,2026-06-11,2026-06-13,False,9,7,,,11,9,9,,,,,,,,,,,,,,,,,,,,,,,,,
105478174979714,Loora,2153620542128180,Video,winner,2026-06-11,2026-07-11,False,9,35,,,32,30,30,28,25,24,25,29,29,24,17,17,17,17,18,16,10,10,13,13,13,13,13,11,9,9,,
105478174979714,Loora,1015808140933762,Video,winner,2026-06-16,2026-07-01,False,9,18,,,,,,,,37,,14,14,13,11,12,11,11,12,9,,,,,,,,,,,,
105478174979714,Loora,860205167153717,Video,winner,2026-06-28,2026-07-05,False,9,22,,,,,,,,,,,,,,,13,13,13,10,9,9,11,11,,,,,,,,
105478174979714,Loora,1608766093513896,Video,strong_winner,2026-05-27,2026-06-23,False,10,65,11,11,10,11,11,12,12,12,12,10,10,,,,,,,,,,,,,,,,,,,
105478174979714,Loora,2029463127653994,Video,winner,2026-06-22,2026-07-08,False,10,24,,,,,,,,,,35,35,29,26,29,16,16,16,13,12,12,12,12,11,11,10,,,,,
105478174979714,Loora,1032668232984789,Video,undecided,2026-07-08,2026-07-13,True,11,7,,,,,,,,,,,,,,,,,,,,,,,,,48,46,19,19,11,11
105478174979714,Loora,987721023705930,Video,winner,2026-05-27,2026-06-23,False,12,70,15,12,16,17,17,19,17,17,16,16,16,,,,,,,,,,,,,,,,,,,
105478174979714,Loora,1519322489795780,Video,winner,2026-06-11,2026-06-24,False,12,27,,,18,12,12,13,13,14,14,15,15,15,,,,,,,,,,,,,,,,,,
105478174979714,Loora,832041293094340,Video,winner,2026-06-16,2026-07-11,False,12,28,,,,,,,,47,,25,25,21,13,14,15,15,15,12,14,14,19,19,19,19,20,17,18,18,,
105478174979714,Loora,1015770070937966,Video,loser,2026-06-17,2026-06-23,False,12,9,,,,,,,,,23,12,12,,,,,,,,,,,,,,,,,,,
105478174979714,Loora,979977635018465,Video,winner,2026-06-22,2026-07-13,True,12,27,,,,,,,,,,38,38,30,27,24,23,23,24,22,21,21,23,23,18,18,18,15,16,16,12,12
105478174979714,Loora,26472833265715362,Video,strong_winner,2026-05-27,2026-05-27,False,13,55,13,,,,,,,,,,,,,,,,,,,,,,,,,,,,,
105478174979714,Loora,1600521857717578,Video,winner,2026-05-27,2026-06-23,False,13,37,17,15,15,15,15,17,15,16,15,13,13,,,,,,,,,,,,,,,,,,,
105478174979714,Loora,1143622754604208,Video,winner,2026-05-27,2026-06-17,False,13,28,29,22,20,18,18,18,16,13,13,,,,,,,,,,,,,,,,,,,,,
105478174979714,Loora,990584049996241,Video,winner,2026-05-27,2026-06-26,False,13,37,35,24,24,24,24,24,21,20,19,26,26,22,14,13,,,,,,,,,,,,,,,,
105478174979714,Loora,1000935449552618,Video,winner,2026-05-27,2026-06-14,False,13,25,42,13,13,14,14,16,,,,,,,,,,,,,,,,,,,,,,,,
105478174979714,Loora,1313009764351341,Video,winner,2026-06-16,2026-07-11,False,13,27,,,,,,,,46,,,,27,21,21,18,18,19,17,17,17,15,15,15,15,16,13,15,15,,
105478174979714,Loora,4085441481753577,Video,winner,2026-06-22,2026-07-13,True,13,30,,,,,,,,,,37,37,32,29,30,31,31,25,23,23,23,25,25,23,23,22,18,20,20,13,13
105478174979714,Loora,818640181129690,Video,loser,2026-05-27,2026-05-27,False,14,7,14,,,,,,,,,,,,,,,,,,,,,,,,,,,,,
105478174979714,Loora,1490005112129951,Video,winner,2026-05-27,2026-06-14,False,14,25,30,23,14,16,16,15,,,,,,,,,,,,,,,,,,,,,,,,
105478174979714,Loora,1009996348169330,Video,loser,2026-06-04,2026-06-04,False,14,0,,14,,,,,,,,,,,,,,,,,,,,,,,,,,,,
105478174979714,Loora,989786880310878,Video,winner,2026-06-22,2026-07-13,True,14,30,,,,,,,,,,33,33,26,20,20,21,21,,,,,,,21,21,23,19,21,21,14,14
105478174979714,Loora,1477343336919375,Image,loser,2026-06-11,2026-06-16,False,15,14,,,23,20,20,20,18,15,,,,,,,,,,,,,,,,,,,,,,
105478174979714,Loora,1328840059355856,Video,winner,2026-06-25,2026-07-13,True,15,30,,,,,,,,,,,,,22,22,24,24,17,15,16,16,,,,,,,,,16,16
105478174979714,Loora,27188563797452794,Video,winner,2026-06-25,2026-07-08,False,15,25,,,,,,,,,,,,,30,,,,,,,,17,17,16,16,15,,,,,
105478174979714,Loora,1032864065896787,Video,undecided,2026-07-09,2026-07-13,True,15,7,,,,,,,,,,,,,,,,,,,,,,,,,,37,26,26,15,15
105478174979714,Loora,1654898552218834,Video,winner,2026-05-27,2026-05-27,False,16,28,16,,,,,,,,,,,,,,,,,,,,,,,,,,,,,
105478174979714,Loora,1208953758961208,Video,winner,2026-05-27,2026-06-13,False,16,24,41,16,19,21,21,,,,,,,,,,,,,,,,,,,,,,,,,
105478174979714,Loora,2438251120009190,Video,winner,2026-06-15,2026-07-11,False,16,28,,,,,,,38,42,,,,,,,,,,,,,20,20,20,20,19,16,17,17,,
105478174979714,Loora,1340249521370077,Video,loser,2026-06-22,2026-06-24,False,16,11,,,,,,,,,,24,24,16,,,,,,,,,,,,,,,,,,
105478174979714,Loora,911558108594444,Video,winner,2026-06-24,2026-07-13,True,16,57,,,,,,,,,,,,23,16,16,19,19,21,19,20,20,24,24,22,22,24,20,22,22,17,17
105478174979714,Loora,2065316954367727,Video,winner,2026-06-04,2026-06-23,False,17,42,,17,17,19,19,21,19,18,17,18,18,,,,,,,,,,,,,,,,,,,
105478174979714,Loora,27338242895831171,Video,loser,2026-06-16,2026-06-24,False,17,11,,,,,,,,30,33,19,19,17,,,,,,,,,,,,,,,,,,
105478174979714,Loora,1288587726756839,Video,winner,2026-05-27,2026-06-04,False,18,23,18,18,,,,,,,,,,,,,,,,,,,,,,,,,,,,
105478174979714,Loora,2063273217925254,Video,winner,2026-06-11,2026-06-23,False,18,42,,,22,23,23,23,20,19,18,22,22,,,,,,,,,,,,,,,,,,,
105478174979714,Loora,1680023209867820,Video,winner,2026-06-15,2026-07-05,False,18,22,,,,,,,36,38,43,,,,,,,,20,18,19,19,22,22,,,,,,,,
105478174979714,Loora,993531416757146,Video,winner,2026-06-15,2026-07-05,False,18,22,,,,,,,37,39,,,,,19,19,20,20,22,20,18,18,21,21,,,,,,,,
105478174979714,Loora,1028258436260871,Video,winner,2026-06-16,2026-07-11,False,18,28,,,,,,,,44,,30,30,25,18,18,22,22,23,21,22,22,26,26,25,25,25,21,25,25,,
105478174979714,Loora,1008762784856261,Video,loser,2026-06-17,2026-06-24,False,18,10,,,,,,,,,21,20,20,18,,,,,,,,,,,,,,,,,,
105478174979714,Loora,1555971279252723,Video,winner,2026-06-22,2026-07-13,True,18,27,,,,,,,,,,42,42,33,31,31,32,32,31,29,29,29,30,30,28,28,28,23,24,24,18,18
105478174979714,Loora,920991640802146,Video,winner,2026-05-27,2026-05-27,False,19,43,19,,,,,,,,,,,,,,,,,,,,,,,,,,,,,
105478174979714,Loora,1020433583744483,Video,winner,2026-06-04,2026-06-23,False,19,27,,19,26,25,25,25,22,21,20,28,28,,,,,,,,,,,,,,,,,,,
105478174979714,Loora,27582307301373948,Video,loser,2026-06-22,2026-06-24,False,19,11,,,,,,,,,,27,27,19,,,,,,,,,,,,,,,,,,
105478174979714,Loora,1354175103312608,Video,winner,2026-06-24,2026-07-13,True,19,27,,,,,,,,,,,,38,36,39,37,37,36,35,37,37,34,34,31,31,31,26,28,28,19,19
105478174979714,Loora,1347418030649936,Video,loser,2026-05-27,2026-05-27,False,20,9,20,,,,,,,,,,,,,,,,,,,,,,,,,,,,,
105478174979714,Loora,2257110451487366,Video,winner,2026-05-27,2026-07-13,True,20,65,22,20,27,27,27,26,23,22,22,34,34,28,23,23,26,26,26,25,26,26,28,28,27,27,32,27,30,30,26,26
105478174979714,Loora,1023280550147808,Video,loser,2026-06-17,2026-06-24,False,20,10,,,,,,,,,35,21,21,20,,,,,,,,,,,,,,,,,,
105478174979714,Loora,1749977376182059,Video,new,2026-07-12,2026-07-13,True,20,7,,,,,,,,,,,,,,,,,,,,,,,,,,,,,20,20
105478174979714,Loora,1905092613368632,Video,loser,2026-05-27,2026-05-27,False,21,7,21,,,,,,,,,,,,,,,,,,,,,,,,,,,,,
105478174979714,Loora,1743087253793397,Video,winner,2026-05-27,2026-06-14,False,21,25,43,21,25,22,22,22,,,,,,,,,,,,,,,,,,,,,,,,
105478174979714,Loora,28365108253078782,Video,winner,2026-06-16,2026-07-13,True,21,30,,,,,,,,48,,,,,35,35,30,30,30,28,25,25,27,27,24,24,26,22,23,23,21,21
105478174979714,Loora,1800081810971430,Video,winner,2026-07-06,2026-07-08,False,21,15,,,,,,,,,,,,,,,,,,,,,,,32,32,21,,,,,
105478174979714,Loora,1800522517580952,Video,winner,2026-06-22,2026-07-13,True,22,27,,,,,,,,,,46,46,40,38,38,35,35,33,31,32,32,31,31,29,29,29,24,27,27,22,22
105478174979714,Loora,1890705918285363,Video,loser,2026-05-27,2026-05-27,False,23,10,23,,,,,,,,,,,,,,,,,,,,,,,,,,,,,
105478174979714,Loora,1332393458836467,Video,winner,2026-05-27,2026-06-23,False,23,42,36,27,29,29,29,27,24,23,24,31,31,,,,,,,,,,,,,,,,,,,
105478174979714,Loora,1575036264038808,Video,winner,2026-06-11,2026-07-13,True,23,37,,,35,33,33,33,30,28,31,48,48,41,39,40,38,38,37,36,36,36,37,37,35,35,33,28,32,32,23,23
105478174979714,Loora,4468359470086868,Video,winner,2026-05-27,2026-05-27,False,24,21,24,,,,,,,,,,,,,,,,,,,,,,,,,,,,,
105478174979714,Loora,1515608520010052,Video,winner,2026-06-16,2026-07-03,False,24,20,,,,,,,,49,,,,,,27,27,27,28,26,24,24,,,,,,,,,,
105478174979714,Loora,1985616649496707,Video,winner,2026-06-25,2026-06-30,False,24,24,,,,,,,,,,,,,24,25,25,25,27,,,,,,,,,,,,,
105478174979714,Loora,1053758737567750,Video,undecided,2026-07-10,2026-07-13,True,24,7,,,,,,,,,,,,,,,,,,,,,,,,,,,31,31,24,24
105478174979714,Loora,1276705914633244,Video,loser,2026-05-27,2026-05-27,False,25,9,25,,,,,,,,,,,,,,,,,,,,,,,,,,,,,
105478174979714,Loora,827379027114172,Video,winner,2026-05-27,2026-06-04,False,25,23,33,25,,,,,,,,,,,,,,,,,,,,,,,,,,,,
105478174979714,Loora,1633635301042962,Image,loser,2026-06-04,2026-06-16,False,25,14,,34,36,35,35,29,26,25,,,,,,,,,,,,,,,,,,,,,,
105478174979714,Loora,1537509541396440,Video,winner,2026-06-16,2026-07-11,False,25,28,,,,,,,,41,,39,39,31,28,28,29,29,29,27,27,27,29,29,26,26,30,25,29,29,,
105478174979714,Loora,1553491046417796,Video,winner,2026-07-12,2026-07-13,True,25,30,,,,,,,,,,,,,,,,,,,,,,,,,,,,,25,25
105478174979714,Loora,1626068392526827,Video,winner,2026-05-27,2026-06-23,False,26,51,39,31,33,32,32,30,27,26,27,36,36,,,,,,,,,,,,,,,,,,,
105478174979714,Loora,869185468874772,Video,winner,2026-06-04,2026-07-13,True,26,47,,26,,,,,,,,,,35,33,34,34,34,34,32,33,33,35,35,34,34,36,32,37,37,34,34
105478174979714,Loora,1546272363585692,Image,loser,2026-06-04,2026-06-13,False,26,11,,32,28,26,26,,,,,,,,,,,,,,,,,,,,,,,,,
105478174979714,Loora,1485151516165713,Video,loser,2026-06-17,2026-06-17,False,26,3,,,,,,,,,26,,,,,,,,,,,,,,,,,,,,,
105478174979714,Loora,1619041622509778,Video,winner,2026-05-27,2026-05-27,False,27,28,27,,,,,,,,,,,,,,,,,,,,,,,,,,,,,
105478174979714,Loora,1651325459631448,Video,winner,2026-05-27,2026-07-13,True,27,65,37,28,31,31,31,31,28,27,29,44,44,37,34,37,36,36,35,34,35,35,36,36,36,36,35,31,33,33,30,30
105478174979714,Loora,3236793519837388,Video,winner,2026-06-15,2026-07-13,True,27,30,,,,,,,41,,,,,,,,,,,,,,,,,,,,,,27,27
105478174979714,Loora,1342187611434918,Video,winner,2026-07-01,2026-07-08,False,27,15,,,,,,,,,,,,,,,,,,33,34,34,32,32,30,30,27,,,,,
105478174979714,Loora,1556620752560045,Video,loser,2026-05-27,2026-05-27,False,28,7,28,,,,,,,,,,,,,,,,,,,,,,,,,,,,,
105478174979714,Loora,969731195965248,Video,loser,2026-06-17,2026-06-17,False,28,3,,,,,,,,,28,,,,,,,,,,,,,,,,,,,,,
105478174979714,Loora,2041893553197573,Video,winner,2026-07-12,2026-07-13,True,28,30,,,,,,,,,,,,,,,,,,,,,,,,,,,,,28,28
105478174979714,Loora,828323076603145,Video,winner,2026-05-27,2026-06-23,False,29,38,40,29,34,34,34,32,29,29,32,45,45,,,,,,,,,,,,,,,,,,,
105478174979714,Loora,2787277954991012,Video,winner,2026-06-22,2026-07-11,False,29,27,,,,,,,,,,49,49,34,32,33,33,33,32,30,30,30,33,33,33,33,34,29,35,35,,
105478174979714,Loora,1591820286063298,Video,new,2026-07-12,2026-07-13,True,29,7,,,,,,,,,,,,,,,,,,,,,,,,,,,,,29,29
105478174979714,Loora,3061153714077391,Video,loser,2026-06-17,2026-06-17,False,30,3,,,,,,,,,30,,,,,,,,,,,,,,,,,,,,,
105478174979714,Loora,1003207599247646,Video,winner,2026-07-09,2026-07-13,True,30,30,,,,,,,,,,,,,,,,,,,,,,,,,,30,36,36,33,33
105478174979714,Loora,2483405618767529,Video,winner,2026-05-27,2026-05-27,False,31,15,31,,,,,,,,,,,,,,,,,,,,,,,,,,,,,
105478174979714,Loora,1861497244534107,Video,winner,2026-05-27,2026-06-23,False,31,42,46,33,37,36,36,34,31,33,38,51,51,,,,,,,,,,,,,,,,,,,
105478174979714,Loora,902774176194288,Video,loser,2026-06-16,2026-06-17,False,31,4,,,,,,,,31,36,,,,,,,,,,,,,,,,,,,,,
105478174979714,Loora,27895788590026016,Video,undecided,2026-07-02,2026-07-13,True,31,14,,,,,,,,,,,,,,,,,,,46,46,45,45,39,39,37,33,34,34,31,31
105478174979714,Loora,1412389343988596,Video,loser,2026-05-27,2026-05-27,False,32,7,32,,,,,,,,,,,,,,,,,,,,,,,,,,,,,
105478174979714,Loora,2920536348298813,Video,winner,2026-06-11,2026-07-13,True,32,37,,,38,37,37,35,32,32,37,50,50,43,41,43,41,41,41,41,42,42,41,41,42,42,40,36,41,41,39,39
105478174979714,Loora,2190350225118153,Video,loser,2026-06-22,2026-06-23,False,32,8,,,,,,,,,,32,32,,,,,,,,,,,,,,,,,,,
105478174979714,Loora,27312881168353507,Video,winner,2026-06-25,2026-07-13,True,32,20,,,,,,,,,,,,,46,45,43,43,42,43,39,39,39,39,37,37,38,34,38,38,32,32
105478174979714,Loora,1671097577430352,Video,winner,2026-06-15,2026-07-13,True,33,30,,,,,,,33,34,42,,,,,,,,,,,,,,,,,,,,36,36
105478174979714,Loora,1466680661478322,Video,winner,2026-05-27,2026-05-27,False,34,55,34,,,,,,,,,,,,,,,,,,,,,,,,,,,,,
105478174979714,Loora,4212630769048709,Video,loser,2026-06-15,2026-06-16,False,34,3,,,,,,,34,35,,,,,,,,,,,,,,,,,,,,,,
105478174979714,Loora,1536628524714927,Video,loser,2026-06-17,2026-06-17,False,34,3,,,,,,,,,34,,,,,,,,,,,,,,,,,,,,,
105478174979714,Loora,975194242006056,Video,winner,2026-06-24,2026-07-13,True,35,27,,,,,,,,,,,,42,40,41,39,39,38,38,38,38,38,38,38,38,39,35,39,39,35,35
105478174979714,Loora,1183362857252391,Video,loser,2026-06-17,2026-06-24,False,36,10,,,,,,,,,46,43,43,36,,,,,,,,,,,,,,,,,,
105478174979714,Loora,1729369401413761,Video,loser,2026-06-25,2026-06-26,False,36,3,,,,,,,,,,,,,44,36,,,,,,,,,,,,,,,,
105478174979714,Loora,2122627011616500,Video,undecided,2026-07-09,2026-07-13,True,37,7,,,,,,,,,,,,,,,,,,,,,,,,,,52,47,47,37,37
105478174979714,Loora,2816620738678016,Video,winner,2026-05-27,2026-05-27,False,38,43,38,,,,,,,,,,,,,,,,,,,,,,,,,,,,,
105478174979714,Loora,1632804617809986,Video,undecided,2026-07-01,2026-07-13,True,38,14,,,,,,,,,,,,,,,,,,46,44,44,43,43,41,41,41,38,43,43,43,43
105478174979714,Loora,886284157893490,Video,undecided,2026-07-08,2026-07-13,True,38,7,,,,,,,,,,,,,,,,,,,,,,,,,50,48,42,42,38,38
105478174979714,Loora,1378709630744117,Video,loser,2026-06-17,2026-06-17,False,39,3,,,,,,,,,39,,,,,,,,,,,,,,,,,,,,,
105478174979714,Loora,1366146328694387,Video,winner,2026-06-17,2026-07-13,True,39,30,,,,,,,,,45,,,,43,44,40,40,39,39,40,40,40,40,40,40,42,39,44,44,40,40
105478174979714,Loora,957987367285794,Video,loser,2026-06-22,2026-06-24,False,39,10,,,,,,,,,,47,47,39,,,,,,,,,,,,,,,,,,
105478174979714,Loora,1007116398921663,Video,loser,2026-06-16,2026-06-16,False,40,2,,,,,,,,40,,,,,,,,,,,,,,,,,,,,,,
105478174979714,Loora,989729313528735,Video,winner,2026-06-24,2026-07-13,True,40,58,,,,,,,,,,,,44,42,42,42,42,40,40,41,41,42,42,44,44,44,41,46,46,45,45
105478174979714,Loora,3986740264793174,Video,undecided,2026-07-01,2026-07-13,True,40,14,,,,,,,,,,,,,,,,,,45,43,43,44,44,43,43,43,40,45,45,42,42
105478174979714,Loora,2827057244325446,Video,loser,2026-07-09,2026-07-11,False,40,5,,,,,,,,,,,,,,,,,,,,,,,,,,43,40,40,,
105478174979714,Loora,1324645853195533,Video,loser,2026-06-17,2026-06-17,False,41,3,,,,,,,,,41,,,,,,,,,,,,,,,,,,,,,
105478174979714,Loora,1334834655321570,Video,loser,2026-06-17,2026-06-23,False,41,9,,,,,,,,,48,41,41,,,,,,,,,,,,,,,,,,,
105478174979714,Loora,2547698822300142,Video,winner,2026-07-12,2026-07-13,True,41,30,,,,,,,,,,,,,,,,,,,,,,,,,,,,,41,41
105478174979714,Loora,1565174518464522,Video,winner,2026-06-22,2026-07-13,True,43,27,,,,,,,,,,52,52,45,45,46,44,44,43,44,45,45,46,46,45,45,46,44,52,52,50,50
105478174979714,Loora,956413676791922,Video,winner,2026-05-27,2026-05-27,False,44,43,44,,,,,,,,,,,,,,,,,,,,,,,,,,,,,
105478174979714,Loora,1051044647291045,Video,loser,2026-06-17,2026-06-17,False,44,3,,,,,,,,,44,,,,,,,,,,,,,,,,,,,,,
105478174979714,Loora,946651168463756,Video,new,2026-07-12,2026-07-13,True,44,7,,,,,,,,,,,,,,,,,,,,,,,,,,,,,44,44
105478174979714,Loora,4371337003141421,Video,loser,2026-05-27,2026-05-27,False,45,7,45,,,,,,,,,,,,,,,,,,,,,,,,,,,,,
105478174979714,Loora,2560816464371211,Video,loser,2026-07-08,2026-07-09,False,45,3,,,,,,,,,,,,,,,,,,,,,,,,,47,45,,,,
105478174979714,Loora,2311025816307474,Video,undecided,2026-07-08,2026-07-13,True,46,7,,,,,,,,,,,,,,,,,,,,,,,,,49,47,48,48,46,46
105478174979714,Loora,999353006369035,Video,loser,2026-05-27,2026-05-27,False,47,2,47,,,,,,,,,,,,,,,,,,,,,,,,,,,,,
105478174979714,Loora,2011493032906951,Video,loser,2026-06-17,2026-06-17,False,47,3,,,,,,,,,47,,,,,,,,,,,,,,,,,,,,,
105478174979714,Loora,1779756433468906,Video,loser,2026-07-01,2026-07-01,False,47,2,,,,,,,,,,,,,,,,,,47,,,,,,,,,,,,
105478174979714,Loora,27356581034010818,Video,undecided,2026-07-08,2026-07-13,True,47,7,,,,,,,,,,,,,,,,,,,,,,,,,53,51,50,50,47,47
105478174979714,Loora,1298208928762380,Video,undecided,2026-07-08,2026-07-13,True,48,7,,,,,,,,,,,,,,,,,,,,,,,,,51,49,49,49,48,48
105478174979714,Loora,1489024535719287,Video,loser,2026-05-27,2026-05-27,False,49,2,49,,,,,,,,,,,,,,,,,,,,,,,,,,,,,
105478174979714,Loora,2418322802022115,Video,undecided,2026-07-08,2026-07-13,True,49,7,,,,,,,,,,,,,,,,,,,,,,,,,52,50,51,51,49,49
105478174979714,Loora,957241043876808,Video,winner,2026-05-27,2026-05-27,False,50,15,50,,,,,,,,,,,,,,,,,,,,,,,,,,,,,
936721566182539,Loora: AI English Tutor,3217172991801670,Video,winner,2026-05-27,2026-05-27,False,1,43,1,,,,,,,,,,,,,,,,,,,,,,,,,,,,,
936721566182539,Loora: AI English Tutor,1312246001030850,Video,winner,2026-06-11,2026-06-23,False,1,29,,,1,1,1,1,1,1,1,1,1,,,,,,,,,,,,,,,,,,,
936721566182539,Loora: AI English Tutor,27423307387277285,Video,strong_winner,2026-06-24,2026-07-13,True,1,65,,,,,,,,,,,,1,1,1,1,1,1,1,1,1,1,1,1,1,1,1,1,1,1,1
936721566182539,Loora: AI English Tutor,2216087012537934,Video,loser,2026-06-15,2026-06-17,False,2,4,,,,,,,2,2,2,,,,,,,,,,,,,,,,,,,,,
936721566182539,Loora: AI English Tutor,2337129586816797,Video,undecided,2026-07-09,2026-07-13,True,2,6,,,,,,,,,,,,,,,,,,,,,,,,,,2,2,2,3,3
936721566182539,Loora: AI English Tutor,2299097647495324,Video,undecided,2026-07-10,2026-07-13,True,2,6,,,,,,,,,,,,,,,,,,,,,,,,,,,3,3,2,2
936721566182539,Loora: AI English Tutor,4596613803998320,Video,loser,2026-06-15,2026-06-17,False,3,4,,,,,,,3,4,4,,,,,,,,,,,,,,,,,,,,,
936721566182539,Loora: AI English Tutor,965883689761456,Video,loser,2026-06-15,2026-06-17,False,3,4,,,,,,,4,3,3,,,,,,,,,,,,,,,,,,,,,
936721566182539,Loora: AI English Tutor,1257067016406614,Video,undecided,2026-07-10,2026-07-13,True,4,6,,,,,,,,,,,,,,,,,,,,,,,,,,,4,4,4,4
