pipeline,competitor,script_group_id,group_size,ads,winners,win_ratio,replication_types
facebook,mysivi,mysivi-g0000,114,114,49,0.43,character_variant;original;reworded_replica;translation_replica
facebook,mysivi,mysivi-g0001,112,112,64,0.571,exact_replica;original;translation_replica;visual_variant
facebook,mysivi,mysivi-g0002,100,100,48,0.48,exact_replica;original;reworded_replica;translation_replica
facebook,mysivi,mysivi-g0003,67,67,33,0.493,character_variant;exact_replica;original;translation_replica
facebook,mysivi,mysivi-g0004,44,44,25,0.568,exact_replica;original;reworded_replica;translation_replica;visual_variant
facebook,mysivi,mysivi-g0005,38,38,10,0.263,character_variant;exact_replica;original;reworded_replica;translation_replica;visual_variant
facebook,mysivi,mysivi-g0006,36,36,8,0.222,exact_replica;original;reworded_replica;translation_replica
facebook,mysivi,mysivi-g0007,35,35,13,0.371,exact_replica;original;translation_replica
facebook,mysivi,mysivi-g0008,34,34,15,0.441,exact_replica;original;translation_replica
facebook,mysivi,mysivi-g0009,31,31,11,0.355,exact_replica;original;translation_replica
facebook,mysivi,mysivi-g0010,26,26,11,0.423,exact_replica;original;reworded_replica;translation_replica
facebook,mysivi,mysivi-g0011,25,25,11,0.44,exact_replica;original;translation_replica
facebook,mysivi,mysivi-g0012,25,25,12,0.48,exact_replica;original;translation_replica
facebook,mysivi,mysivi-g0013,23,23,11,0.478,exact_replica;original;reworded_replica;translation_replica
facebook,mysivi,mysivi-g0014,21,21,11,0.524,original;translation_replica;visual_variant
facebook,mysivi,mysivi-g0015,21,21,12,0.571,exact_replica;original;translation_replica;visual_variant
facebook,mysivi,mysivi-g0016,21,21,4,0.19,exact_replica;original;translation_replica
facebook,mysivi,mysivi-g0017,20,20,5,0.25,exact_replica;original;translation_replica
facebook,mysivi,mysivi-g0018,19,19,10,0.526,exact_replica;original;translation_replica
facebook,mysivi,mysivi-g0019,19,19,11,0.579,exact_replica;original;reworded_replica;translation_replica
facebook,mysivi,mysivi-g0020,19,19,6,0.316,exact_replica;original;reworded_replica;translation_replica
facebook,mysivi,mysivi-g0021,17,17,6,0.353,exact_replica;original;translation_replica
facebook,mysivi,mysivi-g0022,17,17,10,0.588,exact_replica;original;translation_replica
facebook,mysivi,mysivi-g0023,17,17,3,0.176,exact_replica;original;translation_replica;visual_variant
facebook,mysivi,mysivi-g0024,16,16,9,0.562,exact_replica;original;reworded_replica;translation_replica
facebook,mysivi,mysivi-g0025,15,15,0,0.0,exact_replica;original;reworded_replica;translation_replica
facebook,mysivi,mysivi-g0026,15,15,5,0.333,exact_replica;original;translation_replica
facebook,mysivi,mysivi-g0027,15,15,11,0.733,exact_replica;original;translation_replica
facebook,mysivi,mysivi-g0028,15,15,2,0.133,exact_replica;original;reworded_replica;translation_replica
facebook,mysivi,mysivi-g0029,14,14,4,0.286,exact_replica;original;translation_replica
facebook,mysivi,mysivi-g0030,13,13,8,0.615,exact_replica;original;translation_replica
facebook,mysivi,mysivi-g0031,13,13,3,0.231,character_variant;exact_replica;original;translation_replica
facebook,mysivi,mysivi-g0032,13,13,6,0.462,exact_replica;original;translation_replica
facebook,mysivi,mysivi-g0033,12,12,1,0.083,exact_replica;original
facebook,mysivi,mysivi-g0034,12,12,5,0.417,exact_replica;original;reworded_replica;translation_replica
facebook,mysivi,mysivi-g0035,12,12,0,0.0,exact_replica;original;reworded_replica;translation_replica
facebook,mysivi,mysivi-g0036,11,11,4,0.364,exact_replica;original;reworded_replica;translation_replica
facebook,mysivi,mysivi-g0037,11,11,7,0.636,exact_replica;original;translation_replica
facebook,mysivi,mysivi-g0038,11,11,6,0.545,exact_replica;original;translation_replica
facebook,mysivi,mysivi-g0039,11,11,1,0.091,exact_replica;original;translation_replica
facebook,mysivi,mysivi-g0040,11,11,0,0.0,original;translation_replica
facebook,mysivi,mysivi-g0041,10,10,3,0.3,original;reworded_replica;translation_replica
facebook,mysivi,mysivi-g0042,10,10,9,0.9,character_variant;exact_replica;original
facebook,mysivi,mysivi-g0043,10,10,4,0.4,exact_replica;original;translation_replica
facebook,mysivi,mysivi-g0044,10,10,0,0.0,original;visual_variant
facebook,mysivi,mysivi-g0045,10,10,0,0.0,exact_replica;original
facebook,mysivi,mysivi-g0046,9,9,7,0.778,exact_replica;original;translation_replica
facebook,mysivi,mysivi-g0047,9,9,8,0.889,exact_replica;original;visual_variant
facebook,mysivi,mysivi-g0048,9,9,0,0.0,exact_replica;original
facebook,mysivi,mysivi-g0049,8,8,6,0.75,original;translation_replica
facebook,mysivi,mysivi-g0050,8,8,4,0.5,exact_replica;original;reworded_replica;translation_replica
facebook,mysivi,mysivi-g0051,8,8,3,0.375,exact_replica;original;reworded_replica;translation_replica
facebook,mysivi,mysivi-g0052,8,8,0,0.0,exact_replica;original
facebook,mysivi,mysivi-g0053,8,8,0,0.0,exact_replica;original
facebook,mysivi,mysivi-g0054,8,8,3,0.375,exact_replica;original
facebook,mysivi,mysivi-g0055,8,8,1,0.125,exact_replica;original;translation_replica
facebook,mysivi,mysivi-g0056,8,8,6,0.75,exact_replica;original
facebook,mysivi,mysivi-g0057,8,8,0,0.0,exact_replica;original
facebook,mysivi,mysivi-g0058,8,8,0,0.0,exact_replica;original
facebook,mysivi,mysivi-g0059,8,8,0,0.0,exact_replica;original;translation_replica;visual_variant
facebook,mysivi,mysivi-g0060,8,8,0,0.0,exact_replica;original
facebook,mysivi,mysivi-g0061,7,7,7,1.0,exact_replica;original
facebook,mysivi,mysivi-g0062,7,7,0,0.0,exact_replica;original
facebook,mysivi,mysivi-g0063,7,7,0,0.0,exact_replica;original
facebook,mysivi,mysivi-g0064,7,7,0,0.0,exact_replica;original
facebook,mysivi,mysivi-g0065,7,7,0,0.0,exact_replica;original
facebook,mysivi,mysivi-g0066,7,7,0,0.0,exact_replica;original
facebook,mysivi,mysivi-g0067,7,7,2,0.286,exact_replica;original
facebook,mysivi,mysivi-g0068,7,7,4,0.571,exact_replica;original;visual_variant
facebook,mysivi,mysivi-g0069,7,7,1,0.143,original;reworded_replica
facebook,mysivi,mysivi-g0070,7,7,0,0.0,exact_replica;original
facebook,mysivi,mysivi-g0071,7,7,4,0.571,exact_replica;original
facebook,mysivi,mysivi-g0072,7,7,4,0.571,original;translation_replica
facebook,mysivi,mysivi-g0073,7,7,0,0.0,exact_replica;original
facebook,mysivi,mysivi-g0074,7,7,1,0.143,exact_replica;original;translation_replica
facebook,mysivi,mysivi-g0075,6,6,3,0.5,exact_replica;original;translation_replica
facebook,mysivi,mysivi-g0076,6,6,5,0.833,exact_replica;original;translation_replica
facebook,mysivi,mysivi-g0077,6,6,4,0.667,exact_replica;original;reworded_replica
facebook,mysivi,mysivi-g0078,6,6,0,0.0,exact_replica;original
facebook,mysivi,mysivi-g0079,6,6,1,0.167,exact_replica;original
facebook,mysivi,mysivi-g0080,6,6,3,0.5,original;translation_replica
facebook,mysivi,mysivi-g0081,6,6,1,0.167,exact_replica;original;reworded_replica
facebook,mysivi,mysivi-g0082,6,6,2,0.333,exact_replica;original
facebook,mysivi,mysivi-g0083,6,6,0,0.0,exact_replica;original
facebook,mysivi,mysivi-g0084,6,6,5,0.833,exact_replica;original
facebook,mysivi,mysivi-g0085,6,6,0,0.0,exact_replica;original
facebook,mysivi,mysivi-g0086,6,6,0,0.0,exact_replica;original
facebook,mysivi,mysivi-g0087,6,6,0,0.0,exact_replica;original
facebook,mysivi,mysivi-g0088,6,6,0,0.0,exact_replica;original
facebook,mysivi,mysivi-g0089,6,6,0,0.0,exact_replica;original
facebook,mysivi,mysivi-g0090,5,5,4,0.8,original;translation_replica
facebook,mysivi,mysivi-g0091,5,5,4,0.8,exact_replica;original;reworded_replica
facebook,mysivi,mysivi-g0092,5,5,0,0.0,exact_replica;original
facebook,mysivi,mysivi-g0093,5,5,0,0.0,exact_replica;original
facebook,mysivi,mysivi-g0094,5,5,1,0.2,exact_replica;original
facebook,mysivi,mysivi-g0095,5,5,0,0.0,exact_replica;original
facebook,mysivi,mysivi-g0096,5,5,0,0.0,exact_replica;original
facebook,mysivi,mysivi-g0097,5,5,3,0.6,exact_replica;original
facebook,mysivi,mysivi-g0098,5,5,1,0.2,exact_replica;original;translation_replica
facebook,mysivi,mysivi-g0099,5,5,1,0.2,exact_replica;original
facebook,mysivi,mysivi-g0100,5,5,0,0.0,exact_replica;original
facebook,mysivi,mysivi-g0101,5,5,3,0.6,exact_replica;original
facebook,mysivi,mysivi-g0102,5,5,4,0.8,original;translation_replica
facebook,mysivi,mysivi-g0103,5,5,1,0.2,exact_replica;original;reworded_replica;translation_replica
facebook,mysivi,mysivi-g0104,5,5,5,1.0,exact_replica;original
facebook,mysivi,mysivi-g0105,5,5,2,0.4,character_variant;exact_replica;original;translation_replica
facebook,mysivi,mysivi-g0106,5,5,1,0.2,original;translation_replica
facebook,mysivi,mysivi-g0107,5,5,3,0.6,character_variant;exact_replica;original;reworded_replica;translation_replica
facebook,mysivi,mysivi-g0108,5,5,1,0.2,exact_replica;original
facebook,mysivi,mysivi-g0109,5,5,1,0.2,exact_replica;original
facebook,mysivi,mysivi-g0110,5,5,0,0.0,exact_replica;original
facebook,mysivi,mysivi-g0111,5,5,5,1.0,exact_replica;original;reworded_replica
facebook,mysivi,mysivi-g0112,5,5,5,1.0,exact_replica;original
facebook,mysivi,mysivi-g0113,5,5,1,0.2,exact_replica;original
facebook,mysivi,mysivi-g0114,5,5,0,0.0,exact_replica;original;reworded_replica
facebook,mysivi,mysivi-g0115,5,5,3,0.6,exact_replica;original
facebook,mysivi,mysivi-g0116,5,5,0,0.0,exact_replica;original
facebook,mysivi,mysivi-g0117,5,5,0,0.0,exact_replica;original
facebook,mysivi,mysivi-g0118,5,5,0,0.0,exact_replica;original
facebook,mysivi,mysivi-g0119,5,5,0,0.0,exact_replica;original
facebook,mysivi,mysivi-g0120,5,5,0,0.0,exact_replica;original
facebook,mysivi,mysivi-g0121,5,5,0,0.0,exact_replica;original
facebook,mysivi,mysivi-g0122,5,5,0,0.0,exact_replica;original
facebook,mysivi,mysivi-g0123,5,5,0,0.0,exact_replica;original
facebook,mysivi,mysivi-g0124,5,5,0,0.0,exact_replica;original
facebook,mysivi,mysivi-g0125,5,5,0,0.0,exact_replica;original
facebook,mysivi,mysivi-g0126,4,4,4,1.0,exact_replica;original
facebook,mysivi,mysivi-g0127,4,4,3,0.75,exact_replica;original;reworded_replica
facebook,mysivi,mysivi-g0128,4,4,2,0.5,exact_replica;original;reworded_replica
facebook,mysivi,mysivi-g0129,4,4,1,0.25,original;visual_variant
facebook,mysivi,mysivi-g0130,4,4,3,0.75,original;reworded_replica
facebook,mysivi,mysivi-g0131,4,4,2,0.5,exact_replica;original
facebook,mysivi,mysivi-g0132,4,4,3,0.75,exact_replica;original
facebook,mysivi,mysivi-g0133,4,4,2,0.5,exact_replica;original;translation_replica;visual_variant
facebook,mysivi,mysivi-g0134,4,4,1,0.25,exact_replica;original
facebook,mysivi,mysivi-g0135,4,4,2,0.5,exact_replica;original
facebook,mysivi,mysivi-g0136,4,4,4,1.0,exact_replica;original
facebook,mysivi,mysivi-g0137,4,4,4,1.0,exact_replica;original;reworded_replica
facebook,mysivi,mysivi-g0138,4,4,2,0.5,exact_replica;original
facebook,mysivi,mysivi-g0139,4,4,3,0.75,character_variant;exact_replica;original
facebook,mysivi,mysivi-g0140,4,4,1,0.25,exact_replica;original
facebook,mysivi,mysivi-g0141,4,4,1,0.25,exact_replica;original;reworded_replica
facebook,mysivi,mysivi-g0142,4,4,0,0.0,exact_replica;original
facebook,mysivi,mysivi-g0143,4,4,1,0.25,exact_replica;original
facebook,mysivi,mysivi-g0144,4,4,1,0.25,exact_replica;original
facebook,mysivi,mysivi-g0145,4,4,2,0.5,exact_replica;original
facebook,mysivi,mysivi-g0146,4,4,3,0.75,exact_replica;original
facebook,mysivi,mysivi-g0147,4,4,2,0.5,exact_replica;original
facebook,mysivi,mysivi-g0148,4,4,1,0.25,exact_replica;original
facebook,mysivi,mysivi-g0149,4,4,0,0.0,exact_replica;original;reworded_replica
facebook,mysivi,mysivi-g0150,4,4,0,0.0,exact_replica;original
facebook,mysivi,mysivi-g0151,4,4,1,0.25,exact_replica;original
facebook,mysivi,mysivi-g0152,4,4,0,0.0,original;translation_replica
facebook,mysivi,mysivi-g0153,4,4,0,0.0,exact_replica;original;translation_replica
facebook,mysivi,mysivi-g0154,4,4,0,0.0,exact_replica;original
facebook,mysivi,mysivi-g0155,4,4,0,0.0,exact_replica;original
facebook,mysivi,mysivi-g0156,4,4,3,0.75,exact_replica;original
facebook,mysivi,mysivi-g0157,4,4,3,0.75,character_variant;exact_replica;original
facebook,mysivi,mysivi-g0158,4,4,1,0.25,exact_replica;original
facebook,mysivi,mysivi-g0159,4,4,0,0.0,original;translation_replica
facebook,mysivi,mysivi-g0160,4,4,0,0.0,original;translation_replica
facebook,mysivi,mysivi-g0161,4,4,2,0.5,original;reworded_replica
facebook,mysivi,mysivi-g0162,4,4,2,0.5,exact_replica;original
facebook,mysivi,mysivi-g0163,4,4,2,0.5,exact_replica;original
facebook,mysivi,mysivi-g0164,4,4,0,0.0,exact_replica;original
facebook,mysivi,mysivi-g0165,4,4,1,0.25,exact_replica;original;translation_replica
facebook,mysivi,mysivi-g0166,4,4,1,0.25,original;translation_replica
facebook,mysivi,mysivi-g0167,4,4,1,0.25,exact_replica;original
facebook,mysivi,mysivi-g0168,4,4,1,0.25,original;translation_replica;visual_variant
facebook,mysivi,mysivi-g0169,4,4,1,0.25,original;translation_replica
facebook,mysivi,mysivi-g0170,4,4,2,0.5,character_variant;exact_replica;original
facebook,mysivi,mysivi-g0171,4,4,0,0.0,exact_replica;original
facebook,mysivi,mysivi-g0172,4,4,0,0.0,exact_replica;original
facebook,mysivi,mysivi-g0173,3,3,3,1.0,exact_replica;original;reworded_replica
facebook,mysivi,mysivi-g0174,3,3,1,0.333,original;reworded_replica;translation_replica
facebook,mysivi,mysivi-g0175,3,3,1,0.333,original;translation_replica
facebook,mysivi,mysivi-g0176,3,3,3,1.0,exact_replica;original
facebook,mysivi,mysivi-g0177,3,3,0,0.0,exact_replica;original
facebook,mysivi,mysivi-g0178,3,3,1,0.333,original;reworded_replica;translation_replica
facebook,mysivi,mysivi-g0179,3,3,1,0.333,exact_replica;original
facebook,mysivi,mysivi-g0180,3,3,2,0.667,exact_replica;original
facebook,mysivi,mysivi-g0181,3,3,0,0.0,exact_replica;original
facebook,mysivi,mysivi-g0182,3,3,2,0.667,exact_replica;original
facebook,mysivi,mysivi-g0183,3,3,2,0.667,exact_replica;original
facebook,mysivi,mysivi-g0184,3,3,0,0.0,exact_replica;original
facebook,mysivi,mysivi-g0185,3,3,2,0.667,exact_replica;original;translation_replica
facebook,mysivi,mysivi-g0186,3,3,2,0.667,exact_replica;original;translation_replica
facebook,mysivi,mysivi-g0187,3,3,1,0.333,exact_replica;original;reworded_replica
facebook,mysivi,mysivi-g0188,3,3,2,0.667,exact_replica;original
facebook,mysivi,mysivi-g0189,3,3,2,0.667,original;reworded_replica
facebook,mysivi,mysivi-g0190,3,3,1,0.333,exact_replica;original
facebook,mysivi,mysivi-g0191,3,3,1,0.333,exact_replica;original
facebook,mysivi,mysivi-g0192,3,3,1,0.333,exact_replica;original
facebook,mysivi,mysivi-g0193,3,3,2,0.667,exact_replica;original
facebook,mysivi,mysivi-g0194,3,3,1,0.333,exact_replica;original;reworded_replica
facebook,mysivi,mysivi-g0195,3,3,2,0.667,exact_replica;original
facebook,mysivi,mysivi-g0196,3,3,2,0.667,exact_replica;original
facebook,mysivi,mysivi-g0197,3,3,0,0.0,exact_replica;original
facebook,mysivi,mysivi-g0198,3,3,2,0.667,exact_replica;original
facebook,mysivi,mysivi-g0199,3,3,2,0.667,exact_replica;original
facebook,mysivi,mysivi-g0200,3,3,3,1.0,original;visual_variant
facebook,mysivi,mysivi-g0201,3,3,0,0.0,exact_replica;original
facebook,mysivi,mysivi-g0202,3,3,1,0.333,character_variant;original
facebook,mysivi,mysivi-g0203,3,3,0,0.0,exact_replica;original
facebook,mysivi,mysivi-g0204,3,3,0,0.0,exact_replica;original;translation_replica
facebook,mysivi,mysivi-g0205,3,3,0,0.0,exact_replica;original
facebook,mysivi,mysivi-g0206,3,3,0,0.0,exact_replica;original
facebook,mysivi,mysivi-g0207,3,3,0,0.0,exact_replica;original
facebook,mysivi,mysivi-g0208,3,3,0,0.0,exact_replica;original
facebook,mysivi,mysivi-g0209,3,3,0,0.0,exact_replica;original
facebook,mysivi,mysivi-g0210,3,3,0,0.0,exact_replica;original
facebook,mysivi,mysivi-g0211,3,3,0,0.0,exact_replica;original
facebook,mysivi,mysivi-g0212,3,3,0,0.0,exact_replica;original
facebook,mysivi,mysivi-g0213,3,3,0,0.0,exact_replica;original
facebook,mysivi,mysivi-g0214,3,3,0,0.0,exact_replica;original
facebook,mysivi,mysivi-g0215,2,2,2,1.0,original;translation_replica
facebook,mysivi,mysivi-g0216,2,2,1,0.5,original;translation_replica
facebook,mysivi,mysivi-g0217,2,2,1,0.5,exact_replica;original
facebook,mysivi,mysivi-g0218,2,2,2,1.0,exact_replica;original
facebook,mysivi,mysivi-g0219,2,2,0,0.0,exact_replica;original
facebook,mysivi,mysivi-g0220,2,2,0,0.0,exact_replica;original
facebook,mysivi,mysivi-g0221,2,2,0,0.0,exact_replica;original
facebook,mysivi,mysivi-g0222,2,2,0,0.0,exact_replica;original
facebook,mysivi,mysivi-g0223,2,2,0,0.0,exact_replica;original
facebook,mysivi,mysivi-g0224,2,2,1,0.5,exact_replica;original
facebook,mysivi,mysivi-g0225,2,2,2,1.0,original;reworded_replica
facebook,mysivi,mysivi-g0226,2,2,1,0.5,exact_replica;original
facebook,mysivi,mysivi-g0227,2,2,0,0.0,exact_replica;original
facebook,mysivi,mysivi-g0228,2,2,2,1.0,exact_replica;original
facebook,mysivi,mysivi-g0229,2,2,0,0.0,exact_replica;original
facebook,mysivi,mysivi-g0230,2,2,2,1.0,exact_replica;original
facebook,mysivi,mysivi-g0231,2,2,1,0.5,exact_replica;original
facebook,mysivi,mysivi-g0232,2,2,2,1.0,exact_replica;original
facebook,mysivi,mysivi-g0233,2,2,0,0.0,exact_replica;original
facebook,mysivi,mysivi-g0234,2,2,0,0.0,character_variant;original
facebook,mysivi,mysivi-g0235,2,2,0,0.0,exact_replica;original
facebook,mysivi,mysivi-g0236,2,2,0,0.0,exact_replica;original
facebook,mysivi,mysivi-g0237,2,2,0,0.0,original;reworded_replica
facebook,mysivi,mysivi-g0238,2,2,1,0.5,original;translation_replica
facebook,mysivi,mysivi-g0239,2,2,1,0.5,original;translation_replica
facebook,mysivi,mysivi-g0240,2,2,0,0.0,exact_replica;original
facebook,mysivi,mysivi-g0241,2,2,0,0.0,exact_replica;original
facebook,mysivi,mysivi-g0242,2,2,0,0.0,exact_replica;original
facebook,mysivi,mysivi-g0243,2,2,0,0.0,exact_replica;original
facebook,mysivi,mysivi-g0244,2,2,0,0.0,exact_replica;original
facebook,mysivi,mysivi-g0245,2,2,0,0.0,exact_replica;original
facebook,mysivi,mysivi-g0246,2,2,2,1.0,original;reworded_replica
facebook,mysivi,mysivi-g0247,2,2,2,1.0,character_variant;original
facebook,mysivi,mysivi-g0248,2,2,0,0.0,exact_replica;original
facebook,mysivi,mysivi-g0249,2,2,1,0.5,exact_replica;original
facebook,mysivi,mysivi-g0250,2,2,2,1.0,exact_replica;original
facebook,mysivi,mysivi-g0251,2,2,2,1.0,original;reworded_replica
facebook,mysivi,mysivi-g0252,2,2,0,0.0,exact_replica;original
facebook,mysivi,mysivi-g0253,2,2,0,0.0,exact_replica;original
facebook,mysivi,mysivi-g0254,2,2,0,0.0,exact_replica;original
facebook,mysivi,mysivi-g0255,2,2,1,0.5,exact_replica;original
facebook,mysivi,mysivi-g0256,2,2,0,0.0,exact_replica;original
facebook,mysivi,mysivi-g0257,2,2,0,0.0,original;visual_variant
facebook,mysivi,mysivi-g0258,2,2,1,0.5,exact_replica;original
facebook,mysivi,mysivi-g0259,2,2,2,1.0,exact_replica;original
facebook,mysivi,mysivi-g0260,2,2,0,0.0,exact_replica;original
facebook,mysivi,mysivi-g0261,2,2,0,0.0,exact_replica;original
facebook,mysivi,mysivi-g0262,2,2,0,0.0,exact_replica;original
facebook,mysivi,mysivi-g0263,2,2,0,0.0,exact_replica;original
facebook,mysivi,mysivi-g0264,2,2,1,0.5,exact_replica;original
facebook,mysivi,mysivi-g0265,2,2,1,0.5,original;translation_replica
facebook,mysivi,mysivi-g0266,2,2,1,0.5,exact_replica;original
facebook,mysivi,mysivi-g0267,2,2,0,0.0,exact_replica;original
facebook,mysivi,mysivi-g0268,2,2,1,0.5,exact_replica;original
facebook,mysivi,mysivi-g0269,2,2,0,0.0,exact_replica;original
facebook,mysivi,mysivi-g0270,2,2,1,0.5,original;reworded_replica
facebook,mysivi,mysivi-g0271,2,2,0,0.0,exact_replica;original
facebook,mysivi,mysivi-g0272,2,2,0,0.0,exact_replica;original
facebook,mysivi,mysivi-g0273,2,2,0,0.0,exact_replica;original
facebook,mysivi,mysivi-g0274,1,1,1,1.0,unique
facebook,mysivi,mysivi-g0275,1,1,1,1.0,unique
facebook,mysivi,mysivi-g0276,1,1,0,0.0,unique
facebook,mysivi,mysivi-g0277,1,1,0,0.0,unique
facebook,mysivi,mysivi-g0278,1,1,0,0.0,unique
facebook,mysivi,mysivi-g0279,1,1,0,0.0,unique
facebook,mysivi,mysivi-g0280,1,1,1,1.0,unique
facebook,mysivi,mysivi-g0281,1,1,0,0.0,unique
facebook,mysivi,mysivi-g0282,1,1,0,0.0,unique
facebook,mysivi,mysivi-g0283,1,1,0,0.0,unique
facebook,mysivi,mysivi-g0284,1,1,0,0.0,unique
facebook,mysivi,mysivi-g0285,1,1,0,0.0,unique
facebook,mysivi,mysivi-g0286,1,1,1,1.0,unique
facebook,mysivi,mysivi-g0287,1,1,0,0.0,unique
facebook,mysivi,mysivi-g0288,1,1,1,1.0,unique
facebook,mysivi,mysivi-g0289,1,1,1,1.0,unique
facebook,mysivi,mysivi-g0290,1,1,1,1.0,unique
facebook,mysivi,mysivi-g0291,1,1,0,0.0,unique
facebook,mysivi,mysivi-g0292,1,1,1,1.0,unique
facebook,mysivi,mysivi-g0293,1,1,1,1.0,unique
facebook,mysivi,mysivi-g0294,1,1,0,0.0,unique
facebook,mysivi,mysivi-g0295,1,1,0,0.0,unique
facebook,mysivi,mysivi-g0296,1,1,0,0.0,unique
facebook,mysivi,mysivi-g0297,1,1,1,1.0,unique
facebook,mysivi,mysivi-g0298,1,1,1,1.0,unique
facebook,mysivi,mysivi-g0299,1,1,0,0.0,unique
facebook,mysivi,mysivi-g0300,1,1,0,0.0,unique
facebook,mysivi,mysivi-g0301,1,1,0,0.0,unique
facebook,mysivi,mysivi-g0302,1,1,0,0.0,unique
facebook,mysivi,mysivi-g0303,1,1,0,0.0,unique
facebook,mysivi,mysivi-g0304,1,1,0,0.0,unique
facebook,mysivi,mysivi-g0305,1,1,0,0.0,unique
facebook,mysivi,mysivi-g0306,1,1,0,0.0,unique
facebook,mysivi,mysivi-g0307,1,1,1,1.0,unique
facebook,mysivi,mysivi-g0308,1,1,0,0.0,unique
facebook,mysivi,mysivi-g0309,1,1,0,0.0,unique
facebook,mysivi,mysivi-g0310,1,1,0,0.0,unique
facebook,mysivi,mysivi-g0311,1,1,0,0.0,unique
facebook,mysivi,mysivi-g0312,1,1,0,0.0,unique
facebook,mysivi,mysivi-g0313,1,1,0,0.0,unique
facebook,mysivi,mysivi-g0314,1,1,1,1.0,unique
facebook,mysivi,mysivi-g0315,1,1,0,0.0,unique
facebook,mysivi,mysivi-g0316,1,1,0,0.0,unique
facebook,mysivi,mysivi-g0317,1,1,0,0.0,unique
facebook,mysivi,mysivi-g0318,1,1,0,0.0,unique
facebook,mysivi,mysivi-g0319,1,1,1,1.0,unique
facebook,mysivi,mysivi-g0320,1,1,0,0.0,unique
facebook,mysivi,mysivi-g0321,1,1,0,0.0,unique
facebook,mysivi,mysivi-g0322,1,1,0,0.0,unique
facebook,mysivi,mysivi-g0323,1,1,0,0.0,unique
facebook,mysivi,mysivi-g0324,1,1,1,1.0,unique
facebook,mysivi,mysivi-g0325,1,1,0,0.0,unique
facebook,mysivi,mysivi-g0326,1,1,0,0.0,unique
facebook,mysivi,mysivi-g0327,1,1,0,0.0,unique
facebook,mysivi,mysivi-g0328,1,1,0,0.0,unique
facebook,mysivi,mysivi-g0329,1,1,0,0.0,unique
facebook,mysivi,mysivi-g0330,1,1,0,0.0,unique
facebook,mysivi,mysivi-g0331,1,1,0,0.0,unique
facebook,mysivi,mysivi-g0332,1,1,1,1.0,unique
facebook,mysivi,mysivi-g0333,1,1,0,0.0,unique
facebook,mysivi,mysivi-g0334,1,1,0,0.0,unique
facebook,mysivi,mysivi-g0335,1,1,0,0.0,unique
facebook,mysivi,mysivi-g0336,1,1,0,0.0,unique
facebook,mysivi,mysivi-g0337,1,1,0,0.0,unique
facebook,mysivi,mysivi-g0338,1,1,0,0.0,unique
facebook,mysivi,mysivi-g0339,1,1,0,0.0,unique
facebook,mysivi,mysivi-g0340,1,1,0,0.0,unique
facebook,mysivi,mysivi-g0341,1,1,0,0.0,unique
facebook,mysivi,mysivi-g0342,1,1,0,0.0,unique
facebook,mysivi,mysivi-g0343,1,1,0,0.0,unique
facebook,mysivi,mysivi-g0344,1,1,0,0.0,unique
facebook,mysivi,mysivi-g0345,1,1,0,0.0,unique
facebook,mysivi,mysivi-g0346,1,1,0,0.0,unique
facebook,mysivi,mysivi-g0347,1,1,0,0.0,unique
facebook,mysivi,mysivi-g0348,1,1,0,0.0,unique
facebook,mysivi,mysivi-g0349,1,1,0,0.0,unique
facebook,mysivi,mysivi-g0350,1,1,0,0.0,unique
facebook,mysivi,mysivi-g0351,1,1,0,0.0,unique
facebook,mysivi,mysivi-g0352,1,1,0,0.0,unique
facebook,mysivi,mysivi-g0353,1,1,0,0.0,unique
facebook,mysivi,mysivi-g0354,1,1,0,0.0,unique
facebook,mysivi,mysivi-g0355,1,1,0,0.0,unique
facebook,mysivi,mysivi-g0356,1,1,0,0.0,unique
facebook,mysivi,mysivi-g0357,1,1,1,1.0,unique
facebook,mysivi,mysivi-g0358,1,1,0,0.0,unique
facebook,mysivi,mysivi-g0359,1,1,0,0.0,unique
facebook,mysivi,mysivi-g0360,1,1,0,0.0,unique
facebook,mysivi,mysivi-g0361,1,1,1,1.0,unique
facebook,mysivi,mysivi-g0362,1,1,1,1.0,unique
facebook,mysivi,mysivi-g0363,1,1,0,0.0,unique
facebook,mysivi,mysivi-g0364,1,1,0,0.0,unique
facebook,mysivi,mysivi-g0365,1,1,1,1.0,unique
facebook,mysivi,mysivi-g0366,1,1,0,0.0,unique
facebook,mysivi,mysivi-g0367,1,1,1,1.0,unique
facebook,mysivi,mysivi-g0368,1,1,0,0.0,unique
facebook,mysivi,mysivi-g0369,1,1,0,0.0,unique
facebook,mysivi,mysivi-g0370,1,1,1,1.0,unique
facebook,mysivi,mysivi-g0371,1,1,0,0.0,unique
facebook,mysivi,mysivi-g0372,1,1,0,0.0,unique
facebook,mysivi,mysivi-g0373,1,1,0,0.0,unique
facebook,mysivi,mysivi-g0374,1,1,0,0.0,unique
facebook,mysivi,mysivi-g0375,1,1,1,1.0,unique
facebook,mysivi,mysivi-g0376,1,1,0,0.0,unique
facebook,mysivi,mysivi-g0377,1,1,0,0.0,unique
facebook,mysivi,mysivi-g0378,1,1,0,0.0,unique
facebook,mysivi,mysivi-g0379,1,1,1,1.0,unique
facebook,mysivi,mysivi-g0380,1,1,0,0.0,unique
facebook,mysivi,mysivi-g0381,1,1,0,0.0,unique
facebook,mysivi,mysivi-g0382,1,1,0,0.0,unique
facebook,mysivi,mysivi-g0383,1,1,0,0.0,unique
facebook,mysivi,mysivi-g0384,1,1,1,1.0,unique
facebook,mysivi,mysivi-g0385,1,1,0,0.0,unique
facebook,mysivi,mysivi-g0386,1,1,0,0.0,unique
facebook,mysivi,mysivi-g0387,1,1,0,0.0,unique
facebook,mysivi,mysivi-g0388,1,1,1,1.0,unique
facebook,mysivi,mysivi-g0389,1,1,0,0.0,unique
facebook,mysivi,mysivi-g0390,1,1,1,1.0,unique
facebook,mysivi,mysivi-g0391,1,1,0,0.0,unique
facebook,mysivi,mysivi-g0392,1,1,0,0.0,unique
facebook,mysivi,mysivi-g0393,1,1,0,0.0,unique
facebook,mysivi,mysivi-g0394,1,1,0,0.0,unique
facebook,mysivi,mysivi-g0395,1,1,0,0.0,unique
facebook,mysivi,mysivi-g0396,1,1,0,0.0,unique
facebook,mysivi,mysivi-g0397,1,1,1,1.0,unique
facebook,mysivi,mysivi-g0398,1,1,1,1.0,unique
facebook,mysivi,mysivi-g0399,1,1,0,0.0,unique
facebook,mysivi,mysivi-g0400,1,1,0,0.0,unique
facebook,mysivi,mysivi-g0401,1,1,0,0.0,unique
facebook,mysivi,mysivi-g0402,1,1,1,1.0,unique
facebook,mysivi,mysivi-g0403,1,1,0,0.0,unique
facebook,mysivi,mysivi-g0404,1,1,1,1.0,unique
facebook,mysivi,mysivi-g0405,1,1,0,0.0,unique
facebook,mysivi,mysivi-g0406,1,1,1,1.0,unique
facebook,mysivi,mysivi-g0407,1,1,1,1.0,unique
facebook,mysivi,mysivi-g0408,1,1,0,0.0,unique
facebook,mysivi,mysivi-g0409,1,1,0,0.0,unique
facebook,mysivi,mysivi-g0410,1,1,0,0.0,unique
facebook,mysivi,mysivi-g0411,1,1,0,0.0,unique
facebook,mysivi,mysivi-g0412,1,1,0,0.0,unique
facebook,mysivi,mysivi-g0413,1,1,0,0.0,unique
facebook,mysivi,mysivi-g0414,1,1,0,0.0,unique
facebook,mysivi,mysivi-g0415,1,1,0,0.0,unique
facebook,mysivi,mysivi-g0416,1,1,0,0.0,unique
facebook,mysivi,mysivi-g0417,1,1,0,0.0,unique
facebook,mysivi,mysivi-g0418,1,1,0,0.0,unique
facebook,mysivi,mysivi-g0419,1,1,1,1.0,unique
facebook,mysivi,mysivi-g0420,1,1,1,1.0,unique
facebook,mysivi,mysivi-g0421,1,1,0,0.0,unique
facebook,mysivi,mysivi-g0422,1,1,1,1.0,unique
facebook,mysivi,mysivi-g0423,1,1,1,1.0,unique
facebook,mysivi,mysivi-g0424,1,1,0,0.0,unique
facebook,mysivi,mysivi-g0425,1,1,0,0.0,unique
facebook,mysivi,mysivi-g0426,1,1,0,0.0,unique
facebook,mysivi,mysivi-g0427,1,1,1,1.0,unique
facebook,mysivi,mysivi-g0428,1,1,0,0.0,unique
facebook,mysivi,mysivi-g0429,1,1,0,0.0,unique
facebook,mysivi,mysivi-g0430,1,1,1,1.0,unique
facebook,mysivi,mysivi-g0431,1,1,0,0.0,unique
facebook,mysivi,mysivi-g0432,1,1,0,0.0,unique
facebook,mysivi,mysivi-g0433,1,1,0,0.0,unique
facebook,mysivi,mysivi-g0434,1,1,0,0.0,unique
facebook,mysivi,mysivi-g0435,1,1,0,0.0,unique
facebook,mysivi,mysivi-g0436,1,1,0,0.0,unique
facebook,mysivi,mysivi-g0437,1,1,1,1.0,unique
facebook,mysivi,mysivi-g0438,1,1,0,0.0,unique
facebook,mysivi,mysivi-g0439,1,1,0,0.0,unique
facebook,mysivi,mysivi-g0440,1,1,1,1.0,unique
facebook,mysivi,mysivi-g0441,1,1,0,0.0,unique
facebook,mysivi,mysivi-g0442,1,1,0,0.0,unique
facebook,mysivi,mysivi-g0443,1,1,0,0.0,unique
facebook,mysivi,mysivi-g0444,1,1,0,0.0,unique
facebook,mysivi,mysivi-g0445,1,1,0,0.0,unique
facebook,mysivi,mysivi-g0446,1,1,1,1.0,unique
facebook,mysivi,mysivi-g0447,1,1,1,1.0,unique
facebook,mysivi,mysivi-g0448,1,1,0,0.0,unique
facebook,mysivi,mysivi-g0449,1,1,1,1.0,unique
facebook,mysivi,mysivi-g0450,1,1,0,0.0,unique
facebook,mysivi,mysivi-g0451,1,1,0,0.0,unique
facebook,mysivi,mysivi-g0452,1,1,0,0.0,unique
facebook,mysivi,mysivi-g0453,1,1,0,0.0,unique
facebook,mysivi,mysivi-g0454,1,1,0,0.0,unique
facebook,mysivi,mysivi-g0455,1,1,0,0.0,unique
facebook,mysivi,mysivi-g0456,1,1,0,0.0,unique
facebook,mysivi,mysivi-g0457,1,1,0,0.0,unique
facebook,mysivi,mysivi-g0458,1,1,0,0.0,unique
facebook,mysivi,mysivi-g0459,1,1,0,0.0,unique
facebook,mysivi,mysivi-g0460,1,1,0,0.0,unique
facebook,mysivi,mysivi-g0461,1,1,0,0.0,unique
facebook,mysivi,mysivi-g0462,1,1,0,0.0,unique
facebook,mysivi,mysivi-g0463,1,1,0,0.0,unique
facebook,mysivi,mysivi-g0464,1,1,0,0.0,unique
facebook,mysivi,mysivi-g0465,1,1,0,0.0,unique
facebook,mysivi,mysivi-g0466,1,1,0,0.0,unique
facebook,mysivi,mysivi-g0467,1,1,0,0.0,unique
facebook,mysivi,mysivi-g0468,1,1,0,0.0,unique
facebook,mysivi,mysivi-g0469,1,1,0,0.0,unique
facebook,mysivi,mysivi-g0470,1,1,0,0.0,unique
facebook,mysivi,mysivi-g0471,1,1,0,0.0,unique
facebook,mysivi,mysivi-g0472,1,1,0,0.0,unique
facebook,mysivi,mysivi-g0473,1,1,0,0.0,unique
facebook,mysivi,mysivi-g0474,1,1,0,0.0,unique
facebook,mysivi,mysivi-g0475,1,1,0,0.0,unique
facebook,mysivi,mysivi-g0476,1,1,0,0.0,unique
facebook,mysivi,mysivi-g0477,1,1,0,0.0,unique
facebook,mysivi,mysivi-g0478,1,1,0,0.0,unique
facebook,mysivi,mysivi-g0479,1,1,0,0.0,unique
facebook,mysivi,mysivi-g0480,1,1,0,0.0,unique
facebook,mysivi,mysivi-g0481,1,1,0,0.0,unique
facebook,mysivi,mysivi-g0482,1,1,0,0.0,unique
facebook,mysivi,mysivi-g0483,1,1,0,0.0,unique
facebook,mysivi,mysivi-g0484,1,1,0,0.0,unique
facebook,mysivi,mysivi-g0485,1,1,0,0.0,unique
facebook,mysivi,mysivi-g0486,1,1,0,0.0,unique
facebook,mysivi,mysivi-g0487,1,1,0,0.0,unique
facebook,mysivi,mysivi-g0488,1,1,0,0.0,unique
facebook,mysivi,mysivi-g0489,1,1,0,0.0,unique
facebook,mysivi,mysivi-g0490,1,1,0,0.0,unique
facebook,mysivi,mysivi-g0491,1,1,0,0.0,unique
facebook,mysivi,mysivi-g0492,1,1,0,0.0,unique
facebook,mysivi,mysivi-g0493,1,1,0,0.0,unique
facebook,mysivi,mysivi-g0494,1,1,0,0.0,unique
facebook,mysivi,mysivi-g0495,1,1,0,0.0,unique
facebook,mysivi,mysivi-g0496,1,1,0,0.0,unique
facebook,mysivi,mysivi-g0497,1,1,0,0.0,unique
facebook,mysivi,mysivi-g0498,1,1,0,0.0,unique
facebook,mysivi,mysivi-g0499,1,1,0,0.0,unique
facebook,mysivi,mysivi-g0500,1,1,0,0.0,unique
facebook,mysivi,mysivi-g0501,1,1,0,0.0,unique
facebook,mysivi,mysivi-g0502,1,1,0,0.0,unique
facebook,mysivi,mysivi-g0503,1,1,0,0.0,unique
facebook,mysivi,mysivi-g0504,1,1,0,0.0,unique
facebook,mysivi,mysivi-g0505,1,1,0,0.0,unique
facebook,mysivi,mysivi-g0506,1,1,0,0.0,unique
facebook,mysivi,mysivi-g0507,1,1,0,0.0,unique
facebook,mysivi,mysivi-g0508,1,1,0,0.0,unique
facebook,mysivi,mysivi-g0509,1,1,0,0.0,unique
facebook,mysivi,mysivi-g0510,1,1,0,0.0,unique
facebook,mysivi,mysivi-g0511,1,1,0,0.0,unique
facebook,mysivi,mysivi-g0512,1,1,0,0.0,unique
facebook,mysivi,mysivi-g0513,1,1,0,0.0,unique
facebook,mysivi,mysivi-g0514,1,1,0,0.0,unique
facebook,mysivi,mysivi-g0515,1,1,0,0.0,unique
facebook,mysivi,mysivi-g0516,1,1,0,0.0,unique
facebook,mysivi,mysivi-g0517,1,1,0,0.0,unique
facebook,mysivi,mysivi-g0518,1,1,0,0.0,unique
facebook,mysivi,mysivi-g0519,1,1,0,0.0,unique
facebook,mysivi,mysivi-g0520,1,1,0,0.0,unique
facebook,mysivi,mysivi-g0521,1,1,0,0.0,unique
facebook,mysivi,mysivi-g0522,1,1,0,0.0,unique
facebook,mysivi,mysivi-g0523,1,1,0,0.0,unique
facebook,mysivi,mysivi-g0524,1,1,0,0.0,unique
facebook,mysivi,mysivi-g0525,1,1,0,0.0,unique
facebook,mysivi,mysivi-g0526,1,1,0,0.0,unique
facebook,mysivi,mysivi-g0527,1,1,0,0.0,unique
facebook,mysivi,mysivi-g0528,1,1,0,0.0,unique
facebook,mysivi,mysivi-g0529,1,1,0,0.0,unique
facebook,mysivi,mysivi-g0530,1,1,0,0.0,unique
facebook,mysivi,mysivi-g0531,1,1,0,0.0,unique
facebook,mysivi,mysivi-g0532,1,1,0,0.0,unique
facebook,mysivi,mysivi-g0533,1,1,0,0.0,unique
facebook,mysivi,mysivi-g0534,1,1,0,0.0,unique
facebook,mysivi,mysivi-g0535,1,1,0,0.0,unique
facebook,mysivi,mysivi-g0536,1,1,0,0.0,unique
facebook,mysivi,mysivi-g0537,1,1,0,0.0,unique
facebook,mysivi,mysivi-g0538,1,1,0,0.0,unique
facebook,mysivi,mysivi-g0539,1,1,0,0.0,unique
facebook,mysivi,mysivi-g0540,1,1,0,0.0,unique
facebook,mysivi,mysivi-g0541,1,1,0,0.0,unique
facebook,mysivi,mysivi-g0542,1,1,0,0.0,unique
facebook,mysivi,mysivi-g0543,1,1,1,1.0,unique
