pipeline,competitor,script_group_id,original_ad_id,original_first_seen,replica_ad_id,replication_type,replica_first_seen,days_to_replica,original_is_winner,replica_is_winner
facebook,pw-talk,pw-talk-g0000,1542662291202539,2026-06-15,1290451376083367,exact_replica,2026-06-16,1,True,True
facebook,pw-talk,pw-talk-g0000,1542662291202539,2026-06-15,1551214316696728,reworded_replica,2026-06-16,1,True,False
facebook,pw-talk,pw-talk-g0000,1542662291202539,2026-06-15,1673722073879679,reworded_replica,2026-06-16,1,True,False
facebook,pw-talk,pw-talk-g0000,1542662291202539,2026-06-15,4032411253724650,reworded_replica,2026-06-16,1,True,False
facebook,pw-talk,pw-talk-g0000,1542662291202539,2026-06-15,856074337114553,visual_variant,2026-06-16,1,True,False
facebook,pw-talk,pw-talk-g0000,1542662291202539,2026-06-15,794561180289136,reworded_replica,2026-06-17,2,True,True
facebook,pw-talk,pw-talk-g0001,1271072245182250,2026-06-15,1281960683918283,visual_variant,2026-06-15,0,True,True
facebook,pw-talk,pw-talk-g0001,1271072245182250,2026-06-15,941613088747926,visual_variant,2026-06-15,0,True,True
facebook,pw-talk,pw-talk-g0001,1271072245182250,2026-06-15,1538536904371801,visual_variant,2026-06-16,1,True,True
facebook,pw-talk,pw-talk-g0001,1271072245182250,2026-06-15,2012900123438878,visual_variant,2026-06-16,1,True,True
facebook,pw-talk,pw-talk-g0001,1271072245182250,2026-06-15,26910824648598388,visual_variant,2026-06-16,1,True,True
facebook,pw-talk,pw-talk-g0002,982593771083391,2026-06-15,873558985758115,visual_variant,2026-06-16,1,True,True
facebook,pw-talk,pw-talk-g0002,982593771083391,2026-06-15,1513314403857875,reworded_replica,2026-06-16,1,True,False
facebook,pw-talk,pw-talk-g0002,982593771083391,2026-06-15,1694533281791470,visual_variant,2026-06-16,1,True,True
facebook,pw-talk,pw-talk-g0002,982593771083391,2026-06-15,990621093352631,reworded_replica,2026-06-16,1,True,True
facebook,pw-talk,pw-talk-g0002,982593771083391,2026-06-15,1586731656353958,reworded_replica,2026-06-16,1,True,False
facebook,pw-talk,pw-talk-g0003,1165795875730721,2026-06-22,1545955853653859,reworded_replica,2026-06-22,0,False,False
facebook,pw-talk,pw-talk-g0003,1165795875730721,2026-06-22,1337220371117503,reworded_replica,2026-06-22,0,False,False
facebook,pw-talk,pw-talk-g0003,1165795875730721,2026-06-22,1833591784277010,reworded_replica,2026-06-22,0,False,False
facebook,pw-talk,pw-talk-g0004,1017025177512749,2026-06-16,2490566491402542,reworded_replica,2026-06-16,0,True,True
facebook,pw-talk,pw-talk-g0004,1017025177512749,2026-06-16,1343483664648943,reworded_replica,2026-06-16,0,True,True
facebook,pw-talk,pw-talk-g0005,1244804194191792,2026-06-16,1410583254158330,reworded_replica,2026-06-16,0,True,True
facebook,pw-talk,pw-talk-g0005,1244804194191792,2026-06-16,1477133837198003,reworded_replica,2026-06-17,1,True,True
facebook,pw-talk,pw-talk-g0006,1359488312753507,2026-06-16,1922940892437204,exact_replica,2026-06-16,0,True,True
facebook,pw-talk,pw-talk-g0006,1359488312753507,2026-06-16,25708460672174884,exact_replica,2026-06-16,0,True,True
facebook,pw-talk,pw-talk-g0007,26964483843185846,2026-06-15,1383764603589213,reworded_replica,2026-06-16,1,True,True
facebook,pw-talk,pw-talk-g0007,26964483843185846,2026-06-15,1557206485797910,reworded_replica,2026-06-16,1,True,True
facebook,pw-talk,pw-talk-g0008,1484396486622158,2026-06-16,990103036720803,exact_replica,2026-06-16,0,False,True
facebook,pw-talk,pw-talk-g0008,1484396486622158,2026-06-16,1419619376634665,exact_replica,2026-06-17,1,False,True
facebook,pw-talk,pw-talk-g0009,1545545373757343,2026-06-15,1440487231130234,exact_replica,2026-06-16,1,True,False
facebook,pw-talk,pw-talk-g0009,1545545373757343,2026-06-15,1697902834684350,exact_replica,2026-06-16,1,True,True
facebook,pw-talk,pw-talk-g0010,1459802412348522,2026-06-15,2044839999773285,exact_replica,2026-06-16,1,True,True
facebook,pw-talk,pw-talk-g0010,1459802412348522,2026-06-15,958573573586121,exact_replica,2026-06-16,1,True,True
facebook,pw-talk,pw-talk-g0011,1481417903730539,2026-06-22,3300601286799572,character_variant,2026-06-22,0,False,False
facebook,pw-talk,pw-talk-g0011,1481417903730539,2026-06-22,1995190501114135,character_variant,2026-06-22,0,False,False
facebook,pw-talk,pw-talk-g0012,1500684418055839,2026-06-16,718234571379170,visual_variant,2026-06-16,0,True,True
facebook,pw-talk,pw-talk-g0012,1500684418055839,2026-06-16,824600273417843,exact_replica,2026-06-16,0,True,False
facebook,pw-talk,pw-talk-g0013,1532066918300938,2026-06-16,863233420161856,reworded_replica,2026-06-16,0,False,False
facebook,pw-talk,pw-talk-g0013,1532066918300938,2026-06-16,969397399258262,visual_variant,2026-06-16,0,False,True
facebook,pw-talk,pw-talk-g0014,1713215196773751,2026-06-22,3004045323138221,reworded_replica,2026-06-22,0,False,False
facebook,pw-talk,pw-talk-g0014,1713215196773751,2026-06-22,2468284430277467,reworded_replica,2026-06-22,0,False,False
facebook,pw-talk,pw-talk-g0015,1716360766456463,2026-06-16,823893853913277,exact_replica,2026-06-16,0,False,False
facebook,pw-talk,pw-talk-g0015,1716360766456463,2026-06-16,1975446566468610,exact_replica,2026-06-17,1,False,False
facebook,pw-talk,pw-talk-g0016,1724197118748377,2026-06-15,910631738693945,reworded_replica,2026-06-16,1,True,True
facebook,pw-talk,pw-talk-g0016,1724197118748377,2026-06-15,27245669081785604,exact_replica,2026-06-17,2,True,False
facebook,pw-talk,pw-talk-g0017,1888603368477515,2026-06-15,954609790259093,exact_replica,2026-06-15,0,True,True
facebook,pw-talk,pw-talk-g0017,1888603368477515,2026-06-15,962920393089241,exact_replica,2026-06-16,1,True,True
facebook,pw-talk,pw-talk-g0018,1001221348906871,2026-06-16,874203262356382,reworded_replica,2026-06-16,0,False,False
facebook,pw-talk,pw-talk-g0019,1032008312493950,2026-06-16,3482915095217476,visual_variant,2026-06-16,0,False,False
facebook,pw-talk,pw-talk-g0020,1274208157485689,2026-06-16,1810610246280277,exact_replica,2026-06-16,0,True,True
facebook,pw-talk,pw-talk-g0021,1319590739598224,2026-06-16,1378914400744740,exact_replica,2026-06-16,0,False,False
facebook,pw-talk,pw-talk-g0022,1324708162884438,2026-06-15,1656226372193192,exact_replica,2026-06-17,2,True,True
facebook,pw-talk,pw-talk-g0023,1448807829637445,2026-06-16,955183070649190,reworded_replica,2026-06-16,0,True,True
facebook,pw-talk,pw-talk-g0024,1476773330606036,2026-06-16,1744948076945550,reworded_replica,2026-06-16,0,True,True
facebook,pw-talk,pw-talk-g0025,2147829419384950,2026-06-15,1537961454587719,exact_replica,2026-06-17,2,True,True
