pipeline,competitor,ad_id,stopped_on,last_seen,first_seen
facebook,speakx,1008847321469743,2026-06-04,2026-05-26,2026-05-26
facebook,speakx,1030503980140114,2026-06-04,2026-05-26,2026-05-26
facebook,speakx,1166838812014048,2026-06-04,2026-05-26,2026-05-26
facebook,speakx,1182441817236590,2026-06-04,2026-05-26,2026-05-26
facebook,speakx,1201463028826137,2026-06-04,2026-05-26,2026-05-26
facebook,speakx,1224354406554260,2026-06-04,2026-05-26,2026-05-26
facebook,speakx,1242925180598225,2026-06-04,2026-05-26,2026-05-26
facebook,speakx,1261894342696646,2026-06-04,2026-05-26,2026-05-26
facebook,speakx,1263424899236990,2026-06-04,2026-05-26,2026-05-26
facebook,speakx,1277243397882538,2026-06-04,2026-05-26,2026-05-26
facebook,speakx,1279276767638086,2026-06-04,2026-05-26,2026-05-26
facebook,speakx,1281577630753736,2026-06-04,2026-05-26,2026-05-26
facebook,speakx,1282823553919831,2026-06-04,2026-05-26,2026-05-26
facebook,speakx,1293067956117881,2026-06-04,2026-05-26,2026-05-26
facebook,speakx,1293999789370021,2026-06-04,2026-05-26,2026-05-26
facebook,speakx,1301259608777420,2026-06-04,2026-05-26,2026-05-26
facebook,speakx,1306098638255345,2026-06-04,2026-05-26,2026-05-26
facebook,speakx,1327836129169546,2026-06-04,2026-05-26,2026-05-26
facebook,speakx,1349370937055281,2026-06-04,2026-05-26,2026-05-26
facebook,speakx,1366359718626426,2026-06-04,2026-05-26,2026-05-26
facebook,speakx,1382923387003958,2026-06-04,2026-05-26,2026-05-26
facebook,speakx,1384125720047598,2026-06-04,2026-05-26,2026-05-26
facebook,speakx,1386304936584896,2026-06-04,2026-05-26,2026-05-26
facebook,speakx,1420564419556783,2026-06-04,2026-05-26,2026-05-26
facebook,speakx,1429462188410527,2026-06-04,2026-05-26,2026-05-26
facebook,speakx,1446240430854536,2026-06-04,2026-05-26,2026-05-26
facebook,speakx,1447298590404255,2026-06-04,2026-05-26,2026-05-26
facebook,speakx,1467213678402110,2026-06-04,2026-05-26,2026-05-26
facebook,speakx,1468615711427185,2026-06-04,2026-05-26,2026-05-26
facebook,speakx,1470861051315043,2026-06-04,2026-05-26,2026-05-26
facebook,speakx,1476659844143221,2026-06-04,2026-05-26,2026-05-26
facebook,speakx,1477183203777341,2026-06-04,2026-05-26,2026-05-26
facebook,speakx,1478426623765158,2026-06-04,2026-05-26,2026-05-26
facebook,speakx,1480436776901571,2026-06-04,2026-05-26,2026-05-26
facebook,speakx,1482004609604227,2026-06-04,2026-05-26,2026-05-26
facebook,speakx,1483250163405257,2026-06-04,2026-05-26,2026-05-26
facebook,speakx,1498207608381120,2026-06-04,2026-05-26,2026-05-26
facebook,speakx,1511111056828106,2026-06-04,2026-05-26,2026-05-26
facebook,speakx,1531687464577242,2026-06-04,2026-05-26,2026-05-26
facebook,speakx,1542208837423364,2026-06-04,2026-05-26,2026-05-26
facebook,speakx,1566297197911206,2026-06-04,2026-05-26,2026-05-26
facebook,speakx,1569837701108499,2026-06-04,2026-05-26,2026-05-26
facebook,speakx,1573817090586316,2026-06-04,2026-05-26,2026-05-26
facebook,speakx,1598934404482182,2026-06-04,2026-05-26,2026-05-26
facebook,speakx,1598944374618214,2026-06-04,2026-05-26,2026-05-26
facebook,speakx,1606416436942554,2026-06-04,2026-05-26,2026-05-26
facebook,speakx,1615741946275334,2026-06-04,2026-05-26,2026-05-26
facebook,speakx,1624410095245730,2026-06-04,2026-05-26,2026-05-26
facebook,speakx,1627007201772082,2026-06-04,2026-05-26,2026-05-26
facebook,speakx,1631492917935092,2026-06-04,2026-05-26,2026-05-26
facebook,speakx,1655535008789619,2026-06-04,2026-05-26,2026-05-26
facebook,speakx,1666733754369589,2026-06-04,2026-05-26,2026-05-26
facebook,speakx,1668568907754755,2026-06-04,2026-05-26,2026-05-26
facebook,speakx,1670382757639077,2026-06-04,2026-05-26,2026-05-26
facebook,speakx,1672373224199119,2026-06-04,2026-05-26,2026-05-26
facebook,speakx,1674695527105346,2026-06-04,2026-05-26,2026-05-26
facebook,speakx,1682994332739683,2026-06-04,2026-05-26,2026-05-26
facebook,speakx,1685482815926044,2026-06-04,2026-05-26,2026-05-26
facebook,speakx,1685505725983692,2026-06-04,2026-05-26,2026-05-26
facebook,speakx,1686360975738216,2026-06-04,2026-05-26,2026-05-26
facebook,speakx,1687496652376090,2026-06-04,2026-05-26,2026-05-26
facebook,speakx,1694023131623811,2026-06-04,2026-05-26,2026-05-26
facebook,speakx,1696524301725159,2026-06-04,2026-05-26,2026-05-26
facebook,speakx,1722146582095771,2026-06-04,2026-05-26,2026-05-26
facebook,speakx,1816385469321451,2026-06-04,2026-05-26,2026-05-26
facebook,speakx,1824295468237331,2026-06-04,2026-05-26,2026-05-26
facebook,speakx,1846567089393685,2026-06-04,2026-05-26,2026-05-26
facebook,speakx,1857730538277430,2026-06-04,2026-05-26,2026-05-26
facebook,speakx,1865042314101385,2026-06-04,2026-05-26,2026-05-26
facebook,speakx,1871665510183650,2026-06-04,2026-05-26,2026-05-26
facebook,speakx,1953642172029834,2026-06-04,2026-05-26,2026-05-26
facebook,speakx,2004608190130920,2026-06-04,2026-05-26,2026-05-26
facebook,speakx,2033981820847254,2026-06-04,2026-05-26,2026-05-26
facebook,speakx,2047136142819030,2026-06-04,2026-05-26,2026-05-26
facebook,speakx,2105293576950861,2026-06-04,2026-05-26,2026-05-26
facebook,speakx,2161668907979676,2026-06-04,2026-05-26,2026-05-26
facebook,speakx,2163947724344247,2026-06-04,2026-05-26,2026-05-26
facebook,speakx,2165128834325739,2026-06-04,2026-05-26,2026-05-26
facebook,speakx,2170637817088886,2026-06-04,2026-05-26,2026-05-26
facebook,speakx,2185353608668047,2026-06-04,2026-05-26,2026-05-26
facebook,speakx,2191004834982270,2026-06-04,2026-05-26,2026-05-26
facebook,speakx,2203881063685200,2026-06-04,2026-05-26,2026-05-26
facebook,speakx,2204005596804828,2026-06-04,2026-05-26,2026-05-26
facebook,speakx,2216320602522093,2026-06-04,2026-05-26,2026-05-26
facebook,speakx,2235801616953885,2026-06-04,2026-05-26,2026-05-26
facebook,speakx,2331531480702586,2026-06-04,2026-05-26,2026-05-26
facebook,speakx,2337690173390963,2026-06-04,2026-05-26,2026-05-26
facebook,speakx,2393357557844949,2026-06-04,2026-05-26,2026-05-26
facebook,speakx,2405709006591713,2026-06-04,2026-05-26,2026-05-26
facebook,speakx,2429663597501268,2026-06-04,2026-05-26,2026-05-26
facebook,speakx,2442362952880772,2026-06-04,2026-05-26,2026-05-26
facebook,speakx,2468043330284583,2026-06-04,2026-05-26,2026-05-26
facebook,speakx,2528750337543867,2026-06-04,2026-05-26,2026-05-26
facebook,speakx,25689263567435851,2026-06-04,2026-05-26,2026-05-26
facebook,speakx,2677142752658813,2026-06-04,2026-05-26,2026-05-26
facebook,speakx,26831805176478505,2026-06-04,2026-05-26,2026-05-26
facebook,speakx,26864506773237930,2026-06-04,2026-05-26,2026-05-26
facebook,speakx,2718857995158689,2026-06-04,2026-05-26,2026-05-26
facebook,speakx,2809428052749261,2026-06-04,2026-05-26,2026-05-26
facebook,speakx,2850844975268677,2026-06-04,2026-05-26,2026-05-26
facebook,speakx,3003093209899598,2026-06-04,2026-05-26,2026-05-26
facebook,speakx,3034428376940626,2026-06-04,2026-05-26,2026-05-26
facebook,speakx,3226076084220389,2026-06-04,2026-05-26,2026-05-26
facebook,speakx,3357549721086679,2026-06-04,2026-05-26,2026-05-26
facebook,speakx,3391983870966275,2026-06-04,2026-05-26,2026-05-26
facebook,speakx,35711967805116200,2026-06-04,2026-05-26,2026-05-26
facebook,speakx,4025885004370334,2026-06-04,2026-05-26,2026-05-26
facebook,speakx,4214340422164193,2026-06-04,2026-05-26,2026-05-26
facebook,speakx,4438025873093504,2026-06-04,2026-05-26,2026-05-26
facebook,speakx,4446530095614785,2026-06-04,2026-05-26,2026-05-26
facebook,speakx,4487212464857580,2026-06-04,2026-05-26,2026-05-26
facebook,speakx,767982765971645,2026-06-04,2026-05-26,2026-05-26
facebook,speakx,802134739188636,2026-06-04,2026-05-26,2026-05-26
facebook,speakx,810679145097987,2026-06-04,2026-05-26,2026-05-26
facebook,speakx,812647415013944,2026-06-04,2026-05-26,2026-05-26
facebook,speakx,813412201592967,2026-06-04,2026-05-26,2026-05-26
facebook,speakx,822646964213690,2026-06-04,2026-05-26,2026-05-26
facebook,speakx,831865046236591,2026-06-04,2026-05-26,2026-05-26
facebook,speakx,838145219358586,2026-06-04,2026-05-26,2026-05-26
facebook,speakx,839466612486237,2026-06-04,2026-05-26,2026-05-26
facebook,speakx,842899398339565,2026-06-04,2026-05-26,2026-05-26
facebook,speakx,858959107181092,2026-06-04,2026-05-26,2026-05-26
facebook,speakx,880800171143322,2026-06-04,2026-05-26,2026-05-26
facebook,speakx,884905214442278,2026-06-04,2026-05-26,2026-05-26
facebook,speakx,891251400369366,2026-06-04,2026-05-26,2026-05-26
facebook,speakx,903649205408344,2026-06-04,2026-05-26,2026-05-26
facebook,speakx,906995315729188,2026-06-04,2026-05-26,2026-05-26
facebook,speakx,918714334465060,2026-06-04,2026-05-26,2026-05-26
facebook,speakx,922333753982552,2026-06-04,2026-05-26,2026-05-26
facebook,speakx,931187749685280,2026-06-04,2026-05-26,2026-05-26
facebook,speakx,931857945993685,2026-06-04,2026-05-26,2026-05-26
facebook,speakx,931936369278461,2026-06-04,2026-05-26,2026-05-26
facebook,speakx,937087548666909,2026-06-04,2026-05-26,2026-05-26
facebook,speakx,940578045564403,2026-06-04,2026-05-26,2026-05-26
facebook,speakx,942092611562781,2026-06-04,2026-05-26,2026-05-26
facebook,speakx,950441070968656,2026-06-04,2026-05-26,2026-05-26
facebook,speakx,953292117697900,2026-06-04,2026-05-26,2026-05-26
facebook,speakx,953470727433696,2026-06-04,2026-05-26,2026-05-26
facebook,speakx,954809496875720,2026-06-04,2026-05-26,2026-05-26
facebook,speakx,958273773623414,2026-06-04,2026-05-26,2026-05-26
facebook,speakx,958926196946861,2026-06-04,2026-05-26,2026-05-26
facebook,speakx,960506216864353,2026-06-04,2026-05-26,2026-05-26
facebook,speakx,962132652878187,2026-06-04,2026-05-26,2026-05-26
facebook,speakx,965390732957236,2026-06-04,2026-05-26,2026-05-26
facebook,speakx,965434199345665,2026-06-04,2026-05-26,2026-05-26
facebook,speakx,967017965779261,2026-06-04,2026-05-26,2026-05-26
facebook,speakx,970516062537557,2026-06-04,2026-05-26,2026-05-26
facebook,speakx,982953024519886,2026-06-04,2026-05-26,2026-05-26
facebook,speakx,983234034190027,2026-06-04,2026-05-26,2026-05-26
facebook,speakx,984918357242547,2026-06-04,2026-05-26,2026-05-26
facebook,speakx,993529143162192,2026-06-04,2026-05-26,2026-05-26
facebook,speakx,995718232905948,2026-06-04,2026-05-26,2026-05-26
facebook,speakx,999336602437836,2026-06-04,2026-05-26,2026-05-26
facebook,speakx,1025052986513701,2026-06-11,2026-06-04,2026-05-26
facebook,speakx,1026640269709018,2026-06-11,2026-06-04,2026-05-26
facebook,speakx,1294983332740325,2026-06-11,2026-06-04,2026-05-26
facebook,speakx,1318836490216975,2026-06-11,2026-06-04,2026-06-04
facebook,speakx,1333107758784573,2026-06-11,2026-06-04,2026-06-04
facebook,speakx,1342031744648586,2026-06-11,2026-06-04,2026-05-26
facebook,speakx,1348762350434051,2026-06-11,2026-06-04,2026-05-26
facebook,speakx,1385223413421257,2026-06-11,2026-06-04,2026-06-04
facebook,speakx,1416378913857622,2026-06-11,2026-06-04,2026-05-26
facebook,speakx,1494320365675491,2026-06-11,2026-06-04,2026-05-26
facebook,speakx,1529888078840502,2026-06-11,2026-06-04,2026-06-04
facebook,speakx,1534214218051412,2026-06-11,2026-06-04,2026-06-04
facebook,speakx,1566808484881295,2026-06-11,2026-06-04,2026-06-04
facebook,speakx,1598629301201879,2026-06-11,2026-06-04,2026-05-26
facebook,speakx,1607956950303032,2026-06-11,2026-06-04,2026-05-26
facebook,speakx,1616518609443578,2026-06-11,2026-06-04,2026-06-04
facebook,speakx,1635365307514500,2026-06-11,2026-06-04,2026-06-04
facebook,speakx,1641975910360142,2026-06-11,2026-06-04,2026-05-26
facebook,speakx,1662266588372476,2026-06-11,2026-06-04,2026-06-04
facebook,speakx,1671433074080008,2026-06-11,2026-06-04,2026-05-26
facebook,speakx,1702346954551106,2026-06-11,2026-06-04,2026-05-26
facebook,speakx,1804477307581471,2026-06-11,2026-06-04,2026-06-04
facebook,speakx,1913593379351763,2026-06-11,2026-06-04,2026-05-26
facebook,speakx,1970602930490694,2026-06-11,2026-06-04,2026-06-04
facebook,speakx,2030240231207465,2026-06-11,2026-06-04,2026-05-26
facebook,speakx,2048236592746332,2026-06-11,2026-06-04,2026-05-26
facebook,speakx,2077159863678503,2026-06-11,2026-06-04,2026-06-04
facebook,speakx,2205572380178415,2026-06-11,2026-06-04,2026-06-04
facebook,speakx,2217341015763503,2026-06-11,2026-06-04,2026-05-26
facebook,speakx,2284848355255499,2026-06-11,2026-06-04,2026-06-04
facebook,speakx,26440235635678026,2026-06-11,2026-06-04,2026-05-26
facebook,speakx,26968972736117345,2026-06-11,2026-06-04,2026-06-04
facebook,speakx,3443849799125735,2026-06-11,2026-06-04,2026-05-26
facebook,speakx,37337901365796958,2026-06-11,2026-06-04,2026-06-04
facebook,speakx,4514909948796940,2026-06-11,2026-06-04,2026-06-04
facebook,speakx,861281100343417,2026-06-11,2026-06-04,2026-05-26
facebook,speakx,937743845921852,2026-06-11,2026-06-04,2026-05-26
facebook,speakx,951439150997123,2026-06-11,2026-06-04,2026-05-26
facebook,speakx,969146279157123,2026-06-11,2026-06-04,2026-05-26
facebook,speakx,978342788423757,2026-06-11,2026-06-04,2026-06-04
facebook,speakx,989290027036103,2026-06-11,2026-06-04,2026-06-04
facebook,speakx,1022215520148720,2026-06-12,2026-06-11,2026-06-11
facebook,speakx,1043816578143680,2026-06-12,2026-06-11,2026-06-11
facebook,speakx,1254624717727521,2026-06-12,2026-06-11,2026-06-11
facebook,speakx,1266496608888651,2026-06-12,2026-06-11,2026-06-11
facebook,speakx,1515357813295706,2026-06-12,2026-06-11,2026-06-11
facebook,speakx,2076389589888535,2026-06-12,2026-06-11,2026-06-11
facebook,speakx,2112384796824897,2026-06-12,2026-06-11,2026-06-11
facebook,speakx,4807246549502326,2026-06-12,2026-06-11,2026-06-04
facebook,speakx,1033816292419500,2026-06-13,2026-06-12,2026-06-12
facebook,speakx,1013212574970448,2026-06-14,2026-06-13,2026-06-12
facebook,speakx,1362357932437068,2026-06-14,2026-06-13,2026-06-12
facebook,speakx,1692395758675404,2026-06-14,2026-06-13,2026-06-04
facebook,speakx,1701137244411815,2026-06-14,2026-06-13,2026-06-12
facebook,speakx,1945016303042855,2026-06-14,2026-06-13,2026-06-04
facebook,speakx,1983198572319105,2026-06-14,2026-06-13,2026-06-12
facebook,speakx,2009437412992427,2026-06-14,2026-06-13,2026-06-12
facebook,speakx,2162968067812618,2026-06-14,2026-06-13,2026-05-26
facebook,speakx,2253803472091205,2026-06-14,2026-06-13,2026-06-12
facebook,speakx,4495689713987746,2026-06-14,2026-06-13,2026-06-04
facebook,speakx,4601170513445450,2026-06-14,2026-06-13,2026-06-12
facebook,speakx,983216337888875,2026-06-14,2026-06-13,2026-06-12
facebook,speakx,998550299423313,2026-06-14,2026-06-13,2026-06-12
facebook,speakx,1013684581594802,2026-06-15,2026-06-14,2026-06-12
facebook,speakx,4807246549502326,2026-06-15,2026-06-14,2026-06-04
facebook,speakx,1515357813295706,2026-06-16,2026-06-15,2026-06-11
facebook,speakx,1531246168408197,2026-06-16,2026-06-15,2026-06-12
facebook,speakx,1718380856161077,2026-06-16,2026-06-15,2026-06-13
facebook,speakx,1308818070876182,2026-06-17,2026-06-16,2026-06-12
facebook,speakx,2205072176896653,2026-06-17,2026-06-16,2026-06-04
facebook,speakx,27149779458007487,2026-06-17,2026-06-16,2026-06-12
facebook,speakx,1001955356099173,2026-06-22,2026-06-17,2026-06-11
facebook,speakx,1008374951703241,2026-06-22,2026-06-17,2026-06-11
facebook,speakx,1010201854756042,2026-06-22,2026-06-17,2026-06-11
facebook,speakx,1016408487631842,2026-06-22,2026-06-17,2026-06-11
facebook,speakx,1017963330951251,2026-06-22,2026-06-17,2026-06-11
facebook,speakx,1018113810666965,2026-06-22,2026-06-17,2026-06-12
facebook,speakx,1025990436670236,2026-06-22,2026-06-17,2026-06-13
facebook,speakx,1028166556448476,2026-06-22,2026-06-17,2026-06-13
facebook,speakx,1035528505819917,2026-06-22,2026-06-17,2026-06-13
facebook,speakx,1043103124812012,2026-06-22,2026-06-17,2026-06-04
facebook,speakx,1209738614498577,2026-06-22,2026-06-17,2026-06-11
facebook,speakx,1286607256921711,2026-06-22,2026-06-17,2026-06-17
facebook,speakx,1287946936434940,2026-06-22,2026-06-17,2026-06-04
facebook,speakx,1308281881491141,2026-06-22,2026-06-17,2026-06-11
facebook,speakx,1311019194506588,2026-06-22,2026-06-17,2026-06-11
facebook,speakx,1312577211049891,2026-06-22,2026-06-17,2026-06-17
facebook,speakx,1327506092053493,2026-06-22,2026-06-17,2026-06-11
facebook,speakx,1330425475878108,2026-06-22,2026-06-17,2026-06-17
facebook,speakx,1332278622154395,2026-06-22,2026-06-17,2026-06-11
facebook,speakx,1341044771217348,2026-06-22,2026-06-17,2026-06-11
facebook,speakx,1355959489761084,2026-06-22,2026-06-17,2026-06-04
facebook,speakx,1361766756008318,2026-06-22,2026-06-17,2026-06-04
facebook,speakx,1371947624756416,2026-06-22,2026-06-17,2026-06-11
facebook,speakx,1437925238368999,2026-06-22,2026-06-17,2026-06-15
facebook,speakx,1451452453663844,2026-06-22,2026-06-17,2026-06-11
facebook,speakx,1455497906349902,2026-06-22,2026-06-17,2026-06-04
facebook,speakx,1473297194097493,2026-06-22,2026-06-17,2026-06-11
facebook,speakx,1496154588035776,2026-06-22,2026-06-17,2026-06-04
facebook,speakx,1496676271648492,2026-06-22,2026-06-17,2026-06-13
facebook,speakx,1524055402758387,2026-06-22,2026-06-17,2026-06-04
facebook,speakx,1527023688816595,2026-06-22,2026-06-17,2026-06-11
facebook,speakx,1527222942372722,2026-06-22,2026-06-17,2026-06-04
facebook,speakx,1536798551167599,2026-06-22,2026-06-17,2026-06-11
facebook,speakx,1590372805977740,2026-06-22,2026-06-17,2026-06-13
facebook,speakx,1606018377805781,2026-06-22,2026-06-17,2026-06-11
facebook,speakx,1613759500749307,2026-06-22,2026-06-17,2026-06-17
facebook,speakx,1619112265859099,2026-06-22,2026-06-17,2026-06-17
facebook,speakx,1632127831228011,2026-06-22,2026-06-17,2026-06-11
facebook,speakx,1635261984214711,2026-06-22,2026-06-17,2026-06-13
facebook,speakx,1645428323393253,2026-06-22,2026-06-17,2026-06-11
facebook,speakx,1650498256245529,2026-06-22,2026-06-17,2026-06-04
facebook,speakx,1653131032409183,2026-06-22,2026-06-17,2026-06-11
facebook,speakx,1689862095613058,2026-06-22,2026-06-17,2026-06-04
facebook,speakx,1696016167950307,2026-06-22,2026-06-17,2026-06-11
facebook,speakx,1702445107451796,2026-06-22,2026-06-17,2026-06-17
facebook,speakx,1707722113596111,2026-06-22,2026-06-17,2026-06-04
facebook,speakx,1774406133527244,2026-06-22,2026-06-17,2026-06-11
facebook,speakx,1792147965089294,2026-06-22,2026-06-17,2026-06-13
facebook,speakx,1795514791415516,2026-06-22,2026-06-17,2026-06-04
facebook,speakx,1890571951655444,2026-06-22,2026-06-17,2026-06-04
facebook,speakx,1935452127101651,2026-06-22,2026-06-17,2026-06-11
facebook,speakx,1994437664508894,2026-06-22,2026-06-17,2026-06-17
facebook,speakx,2011866696882033,2026-06-22,2026-06-17,2026-06-04
facebook,speakx,2031030720821846,2026-06-22,2026-06-17,2026-06-17
facebook,speakx,2050501535881254,2026-06-22,2026-06-17,2026-06-04
facebook,speakx,2059459548034333,2026-06-22,2026-06-17,2026-06-17
facebook,speakx,2065465224040395,2026-06-22,2026-06-17,2026-06-04
facebook,speakx,2092553101321689,2026-06-22,2026-06-17,2026-06-11
facebook,speakx,2143158666473457,2026-06-22,2026-06-17,2026-06-11
facebook,speakx,2217549132503972,2026-06-22,2026-06-17,2026-06-17
facebook,speakx,2388442184983530,2026-06-22,2026-06-17,2026-06-13
facebook,speakx,2420249835122409,2026-06-22,2026-06-17,2026-06-11
facebook,speakx,2443712506142477,2026-06-22,2026-06-17,2026-06-04
facebook,speakx,2518993185212523,2026-06-22,2026-06-17,2026-06-11
facebook,speakx,26934517899574318,2026-06-22,2026-06-17,2026-06-13
facebook,speakx,27190286223915226,2026-06-22,2026-06-17,2026-06-13
facebook,speakx,27533535899632138,2026-06-22,2026-06-17,2026-06-11
facebook,speakx,27672248245738865,2026-06-22,2026-06-17,2026-06-17
facebook,speakx,28089870667280259,2026-06-22,2026-06-17,2026-06-17
facebook,speakx,2887194411625477,2026-06-22,2026-06-17,2026-06-04
facebook,speakx,3065782370284569,2026-06-22,2026-06-17,2026-06-17
facebook,speakx,36121185230830159,2026-06-22,2026-06-17,2026-06-11
facebook,speakx,3907189146244683,2026-06-22,2026-06-17,2026-06-04
facebook,speakx,3987052924921931,2026-06-22,2026-06-17,2026-06-04
facebook,speakx,3990092734455118,2026-06-22,2026-06-17,2026-06-17
facebook,speakx,4322078088052764,2026-06-22,2026-06-17,2026-06-04
facebook,speakx,4432264630363822,2026-06-22,2026-06-17,2026-06-04
facebook,speakx,4453895394857011,2026-06-22,2026-06-17,2026-06-13
facebook,speakx,4511383839140943,2026-06-22,2026-06-17,2026-06-04
facebook,speakx,767446326457622,2026-06-22,2026-06-17,2026-06-13
facebook,speakx,794762543589793,2026-06-22,2026-06-17,2026-06-04
facebook,speakx,802986049419170,2026-06-22,2026-06-17,2026-06-11
facebook,speakx,820194970971284,2026-06-22,2026-06-17,2026-06-04
facebook,speakx,830432456491902,2026-06-22,2026-06-17,2026-06-11
facebook,speakx,861317746449714,2026-06-22,2026-06-17,2026-06-04
facebook,speakx,875854235560274,2026-06-22,2026-06-17,2026-06-17
facebook,speakx,882770080862495,2026-06-22,2026-06-17,2026-06-17
facebook,speakx,884765954660063,2026-06-22,2026-06-17,2026-06-04
facebook,speakx,929060776855189,2026-06-22,2026-06-17,2026-06-04
facebook,speakx,965991376247034,2026-06-22,2026-06-17,2026-06-04
facebook,speakx,972418258831307,2026-06-22,2026-06-17,2026-06-04
facebook,speakx,972999335641391,2026-06-22,2026-06-17,2026-06-11
facebook,speakx,983037457947633,2026-06-22,2026-06-17,2026-06-04
facebook,speakx,985072957572062,2026-06-22,2026-06-17,2026-06-11
facebook,speakx,986517717608957,2026-06-22,2026-06-17,2026-06-13
facebook,speakx,993829903054464,2026-06-22,2026-06-17,2026-06-11
facebook,speakx,994360239650876,2026-06-22,2026-06-17,2026-06-13
facebook,speakx,997704165962187,2026-06-22,2026-06-17,2026-06-04
facebook,speakx,997953383090881,2026-06-22,2026-06-17,2026-06-11
facebook,speakx,1002400492791378,2026-06-24,2026-06-23,2026-06-23
facebook,speakx,1021419060465263,2026-06-24,2026-06-23,2026-06-22
facebook,speakx,1023169040228570,2026-06-24,2026-06-23,2026-06-23
facebook,speakx,1023443820344511,2026-06-24,2026-06-23,2026-06-11
facebook,speakx,1264668848807533,2026-06-24,2026-06-23,2026-06-11
facebook,speakx,1293621632927561,2026-06-24,2026-06-23,2026-06-23
facebook,speakx,1315260573546336,2026-06-24,2026-06-23,2026-06-11
facebook,speakx,1347442427544614,2026-06-24,2026-06-23,2026-06-23
facebook,speakx,1410814954213068,2026-06-24,2026-06-23,2026-06-23
facebook,speakx,1498890518001413,2026-06-24,2026-06-23,2026-06-23
facebook,speakx,1529888078840502,2026-06-24,2026-06-23,2026-06-04
facebook,speakx,1532929268504608,2026-06-24,2026-06-23,2026-06-23
facebook,speakx,1538015284461246,2026-06-24,2026-06-23,2026-06-23
facebook,speakx,1635169330918905,2026-06-24,2026-06-23,2026-06-23
facebook,speakx,1655986182354518,2026-06-24,2026-06-23,2026-06-13
facebook,speakx,1681006989507648,2026-06-24,2026-06-23,2026-06-11
facebook,speakx,1699245951288574,2026-06-24,2026-06-23,2026-06-23
facebook,speakx,1701137244411815,2026-06-24,2026-06-23,2026-06-12
facebook,speakx,2192604258204586,2026-06-24,2026-06-23,2026-06-23
facebook,speakx,3121491911373420,2026-06-24,2026-06-23,2026-06-23
facebook,speakx,3447639855395718,2026-06-24,2026-06-23,2026-06-23
facebook,speakx,37337901365796958,2026-06-24,2026-06-23,2026-06-04
facebook,speakx,4728728327449719,2026-06-24,2026-06-23,2026-06-23
facebook,speakx,709027778972260,2026-06-24,2026-06-23,2026-06-23
facebook,speakx,840537108879492,2026-06-24,2026-06-23,2026-06-23
facebook,speakx,866993049339352,2026-06-24,2026-06-23,2026-06-23
facebook,speakx,933124559783220,2026-06-24,2026-06-23,2026-06-23
facebook,speakx,976542395354747,2026-06-24,2026-06-23,2026-06-04
facebook,speakx,1357098709656712,2026-06-25,2026-06-24,2026-06-04
facebook,speakx,971854005467557,2026-06-25,2026-06-24,2026-06-12
facebook,speakx,1027447753065197,2026-06-26,2026-06-25,2026-06-04
facebook,speakx,1057542156838977,2026-06-28,2026-06-26,2026-06-12
facebook,speakx,1165796592370540,2026-06-28,2026-06-26,2026-06-12
facebook,speakx,1515349576107394,2026-06-28,2026-06-26,2026-06-12
facebook,speakx,1591966805893885,2026-06-28,2026-06-26,2026-06-12
facebook,speakx,1681602069650676,2026-06-28,2026-06-26,2026-06-12
facebook,speakx,2312156932524239,2026-06-28,2026-06-26,2026-06-12
facebook,speakx,2640130723049758,2026-06-28,2026-06-26,2026-06-12
facebook,speakx,864406799548908,2026-06-28,2026-06-26,2026-06-12
facebook,speakx,1000607919565492,2026-06-29,2026-06-28,2026-06-24
facebook,speakx,1018314074017098,2026-06-29,2026-06-28,2026-06-26
facebook,speakx,1020332987278380,2026-06-29,2026-06-28,2026-06-23
facebook,speakx,1026930139840138,2026-06-29,2026-06-28,2026-06-12
facebook,speakx,1033816292419500,2026-06-29,2026-06-28,2026-06-12
facebook,speakx,1034523755598603,2026-06-29,2026-06-28,2026-06-24
facebook,speakx,1037994698567525,2026-06-29,2026-06-28,2026-06-24
facebook,speakx,1297084372624612,2026-06-29,2026-06-28,2026-06-23
facebook,speakx,1305210145123671,2026-06-29,2026-06-28,2026-06-13
facebook,speakx,1326258122375578,2026-06-29,2026-06-28,2026-06-26
facebook,speakx,1330459208579843,2026-06-29,2026-06-28,2026-06-26
facebook,speakx,1354815406638108,2026-06-29,2026-06-28,2026-06-24
facebook,speakx,1368585215149014,2026-06-29,2026-06-28,2026-06-26
facebook,speakx,1371426394857560,2026-06-29,2026-06-28,2026-06-24
facebook,speakx,1410047180941589,2026-06-29,2026-06-28,2026-06-26
facebook,speakx,1436395304911998,2026-06-29,2026-06-28,2026-06-12
facebook,speakx,1441553177997385,2026-06-29,2026-06-28,2026-06-28
facebook,speakx,1455347879959920,2026-06-29,2026-06-28,2026-06-26
facebook,speakx,1473581078140211,2026-06-29,2026-06-28,2026-06-12
facebook,speakx,1485003256999347,2026-06-29,2026-06-28,2026-06-24
facebook,speakx,1492658115275135,2026-06-29,2026-06-28,2026-06-12
facebook,speakx,1511673067306037,2026-06-29,2026-06-28,2026-06-24
facebook,speakx,1519138156349576,2026-06-29,2026-06-28,2026-06-24
facebook,speakx,1522383285399526,2026-06-29,2026-06-28,2026-06-24
facebook,speakx,1529478111859234,2026-06-29,2026-06-28,2026-06-12
facebook,speakx,1579971257117495,2026-06-29,2026-06-28,2026-06-28
facebook,speakx,1673850550397278,2026-06-29,2026-06-28,2026-06-28
facebook,speakx,1697862294591383,2026-06-29,2026-06-28,2026-06-28
facebook,speakx,1719995149342353,2026-06-29,2026-06-28,2026-06-23
facebook,speakx,1729723791785930,2026-06-29,2026-06-28,2026-06-24
facebook,speakx,1736610194233163,2026-06-29,2026-06-28,2026-06-28
facebook,speakx,1749798796383077,2026-06-29,2026-06-28,2026-06-24
facebook,speakx,1767362847967603,2026-06-29,2026-06-28,2026-06-24
facebook,speakx,1785926192782164,2026-06-29,2026-06-28,2026-06-23
facebook,speakx,1925534617999869,2026-06-29,2026-06-28,2026-06-28
facebook,speakx,1936324417008435,2026-06-29,2026-06-28,2026-06-26
facebook,speakx,2006440593572751,2026-06-29,2026-06-28,2026-06-26
facebook,speakx,2006704783280061,2026-06-29,2026-06-28,2026-06-24
facebook,speakx,2057866215139903,2026-06-29,2026-06-28,2026-06-28
facebook,speakx,2073931916860972,2026-06-29,2026-06-28,2026-06-28
facebook,speakx,2088037832070282,2026-06-29,2026-06-28,2026-06-23
facebook,speakx,2103193720227930,2026-06-29,2026-06-28,2026-06-12
facebook,speakx,2184396842396439,2026-06-29,2026-06-28,2026-06-28
facebook,speakx,2209259943160202,2026-06-29,2026-06-28,2026-06-26
facebook,speakx,2214051986037784,2026-06-29,2026-06-28,2026-06-24
facebook,speakx,2333949223804215,2026-06-29,2026-06-28,2026-06-17
facebook,speakx,2413192029194999,2026-06-29,2026-06-28,2026-06-26
facebook,speakx,2433488863824147,2026-06-29,2026-06-28,2026-06-24
facebook,speakx,2525386577875029,2026-06-29,2026-06-28,2026-06-23
facebook,speakx,2546906532396100,2026-06-29,2026-06-28,2026-06-28
facebook,speakx,2747010212367654,2026-06-29,2026-06-28,2026-06-28
facebook,speakx,2764304687274475,2026-06-29,2026-06-28,2026-06-24
facebook,speakx,27699737272985335,2026-06-29,2026-06-28,2026-06-28
facebook,speakx,28352116964378958,2026-06-29,2026-06-28,2026-06-26
facebook,speakx,2875471912820841,2026-06-29,2026-06-28,2026-06-12
facebook,speakx,2958326064511242,2026-06-29,2026-06-28,2026-06-26
facebook,speakx,3505206902990144,2026-06-29,2026-06-28,2026-06-12
facebook,speakx,3711991622283199,2026-06-29,2026-06-28,2026-06-28
facebook,speakx,3914753142152821,2026-06-29,2026-06-28,2026-06-26
facebook,speakx,3946455572325077,2026-06-29,2026-06-28,2026-06-24
facebook,speakx,4071248453006664,2026-06-29,2026-06-28,2026-06-24
facebook,speakx,4350971465117364,2026-06-29,2026-06-28,2026-06-26
facebook,speakx,4358734457789065,2026-06-29,2026-06-28,2026-06-23
facebook,speakx,4473968839557115,2026-06-29,2026-06-28,2026-06-12
facebook,speakx,691760497365738,2026-06-29,2026-06-28,2026-06-12
facebook,speakx,847771278003454,2026-06-29,2026-06-28,2026-06-12
facebook,speakx,859185150599687,2026-06-29,2026-06-28,2026-06-24
facebook,speakx,860734170438815,2026-06-29,2026-06-28,2026-06-24
facebook,speakx,870401179463470,2026-06-29,2026-06-28,2026-06-28
facebook,speakx,874458435184411,2026-06-29,2026-06-28,2026-06-26
facebook,speakx,874484212365190,2026-06-29,2026-06-28,2026-06-12
facebook,speakx,878682715309079,2026-06-29,2026-06-28,2026-06-28
facebook,speakx,885995927293213,2026-06-29,2026-06-28,2026-06-26
facebook,speakx,940203322383049,2026-06-29,2026-06-28,2026-06-12
facebook,speakx,998178389749226,2026-06-29,2026-06-28,2026-06-24
facebook,speakx,1029162966150456,2026-06-30,2026-06-29,2026-06-17
facebook,speakx,1046021361709003,2026-06-30,2026-06-29,2026-06-29
facebook,speakx,1328350869365613,2026-07-01,2026-06-30,2026-06-30
facebook,speakx,1349411800654359,2026-07-01,2026-06-30,2026-06-30
facebook,speakx,1362089602482972,2026-07-01,2026-06-30,2026-06-30
facebook,speakx,1544419060410102,2026-07-01,2026-06-30,2026-06-30
facebook,speakx,1710591393463330,2026-07-01,2026-06-30,2026-06-30
facebook,speakx,27436114015998694,2026-07-01,2026-06-30,2026-06-30
facebook,speakx,993334373486106,2026-07-01,2026-06-30,2026-06-30
facebook,speakx,997828219795966,2026-07-01,2026-06-30,2026-06-30
facebook,speakx,1000338829196892,2026-07-02,2026-07-01,2026-05-26
facebook,speakx,1006329295201378,2026-07-02,2026-07-01,2026-05-26
facebook,speakx,1034912295744386,2026-07-02,2026-07-01,2026-06-30
facebook,speakx,1333380855312442,2026-07-02,2026-07-01,2026-05-26
facebook,speakx,1387888156724645,2026-07-02,2026-07-01,2026-06-23
facebook,speakx,1503887711417817,2026-07-02,2026-07-01,2026-06-30
facebook,speakx,1536635724774122,2026-07-02,2026-07-01,2026-06-30
facebook,speakx,1537054738130040,2026-07-02,2026-07-01,2026-06-17
facebook,speakx,1551825403153031,2026-07-02,2026-07-01,2026-06-23
facebook,speakx,1561713398936768,2026-07-02,2026-07-01,2026-05-26
facebook,speakx,1649839296094264,2026-07-02,2026-07-01,2026-06-30
facebook,speakx,1738573560663076,2026-07-02,2026-07-01,2026-06-30
facebook,speakx,1963315200982929,2026-07-02,2026-07-01,2026-06-17
facebook,speakx,2040202359905114,2026-07-02,2026-07-01,2026-06-30
facebook,speakx,2053832001834030,2026-07-02,2026-07-01,2026-05-26
facebook,speakx,2072210663717587,2026-07-02,2026-07-01,2026-06-26
facebook,speakx,2153696831865015,2026-07-02,2026-07-01,2026-06-26
facebook,speakx,2218610062223953,2026-07-02,2026-07-01,2026-06-17
facebook,speakx,2295536704309986,2026-07-02,2026-07-01,2026-05-26
facebook,speakx,2606314053100217,2026-07-02,2026-07-01,2026-06-17
facebook,speakx,27010320702001931,2026-07-02,2026-07-01,2026-06-26
facebook,speakx,27292861753737186,2026-07-02,2026-07-01,2026-06-04
facebook,speakx,3028455167350044,2026-07-02,2026-07-01,2026-05-26
facebook,speakx,847846551131630,2026-07-02,2026-07-01,2026-05-26
facebook,speakx,868481072535776,2026-07-02,2026-07-01,2026-06-30
facebook,speakx,929327496844001,2026-07-02,2026-07-01,2026-06-26
facebook,speakx,952737910984432,2026-07-02,2026-07-01,2026-05-26
facebook,speakx,1028048423013823,2026-07-04,2026-07-03,2026-07-03
facebook,speakx,1030086499486947,2026-07-04,2026-07-03,2026-07-03
facebook,speakx,1042805868523118,2026-07-04,2026-07-03,2026-07-03
facebook,speakx,1056770070345491,2026-07-04,2026-07-03,2026-07-03
facebook,speakx,1082022377581496,2026-07-04,2026-07-03,2026-07-03
facebook,speakx,1276669997878940,2026-07-04,2026-07-03,2026-07-03
facebook,speakx,1303978768388810,2026-07-04,2026-07-03,2026-07-03
facebook,speakx,1344987387042732,2026-07-04,2026-07-03,2026-07-03
facebook,speakx,1349102594022062,2026-07-04,2026-07-03,2026-07-03
facebook,speakx,1385349053446779,2026-07-04,2026-07-03,2026-07-03
facebook,speakx,1412021594116311,2026-07-04,2026-07-03,2026-07-03
facebook,speakx,1444463421052595,2026-07-04,2026-07-03,2026-07-03
facebook,speakx,1540383577782334,2026-07-04,2026-07-03,2026-07-03
facebook,speakx,1706418623888730,2026-07-04,2026-07-03,2026-07-03
facebook,speakx,1734880790843598,2026-07-04,2026-07-03,2026-07-03
facebook,speakx,1913108889366040,2026-07-04,2026-07-03,2026-07-03
facebook,speakx,2175914652980867,2026-07-04,2026-07-03,2026-07-03
facebook,speakx,2183176139113315,2026-07-04,2026-07-03,2026-07-03
facebook,speakx,2484562342063361,2026-07-04,2026-07-03,2026-07-03
facebook,speakx,2518971611883175,2026-07-04,2026-07-03,2026-07-03
facebook,speakx,28392082263711898,2026-07-04,2026-07-03,2026-07-03
facebook,speakx,878744828618578,2026-07-04,2026-07-03,2026-07-03
facebook,speakx,979964685095508,2026-07-04,2026-07-03,2026-07-03
facebook,speakx,991644010132123,2026-07-04,2026-07-03,2026-07-03
facebook,speakx,995345410016171,2026-07-04,2026-07-03,2026-07-03
facebook,speakx,1002307968916209,2026-07-06,2026-07-05,2026-06-04
facebook,speakx,1005340095418175,2026-07-06,2026-07-05,2026-06-04
facebook,speakx,1006132832418897,2026-07-06,2026-07-05,2026-06-28
facebook,speakx,1007530385081900,2026-07-06,2026-07-05,2026-06-04
facebook,speakx,1011020231314440,2026-07-06,2026-07-05,2026-06-17
facebook,speakx,1015528570998771,2026-07-06,2026-07-05,2026-06-04
facebook,speakx,1019696327203383,2026-07-06,2026-07-05,2026-06-11
facebook,speakx,1283594347179158,2026-07-06,2026-07-05,2026-06-04
facebook,speakx,1306104707759795,2026-07-06,2026-07-05,2026-06-04
facebook,speakx,1312620537668127,2026-07-06,2026-07-05,2026-06-04
facebook,speakx,1339557674759234,2026-07-06,2026-07-05,2026-06-04
facebook,speakx,1361741085811598,2026-07-06,2026-07-05,2026-06-04
facebook,speakx,1362944402569298,2026-07-06,2026-07-05,2026-06-26
facebook,speakx,1384462390164703,2026-07-06,2026-07-05,2026-06-26
facebook,speakx,1385625296768441,2026-07-06,2026-07-05,2026-06-04
facebook,speakx,1406313074589852,2026-07-06,2026-07-05,2026-06-04
facebook,speakx,1518844083190295,2026-07-06,2026-07-05,2026-06-04
facebook,speakx,1519137703335884,2026-07-06,2026-07-05,2026-06-04
facebook,speakx,1519722763280163,2026-07-06,2026-07-05,2026-06-17
facebook,speakx,1521544949749932,2026-07-06,2026-07-05,2026-06-29
facebook,speakx,1534951244867864,2026-07-06,2026-07-05,2026-05-26
facebook,speakx,1537332977762360,2026-07-06,2026-07-05,2026-06-04
facebook,speakx,1543328573849703,2026-07-06,2026-07-05,2026-06-04
facebook,speakx,1559092795653919,2026-07-06,2026-07-05,2026-06-04
facebook,speakx,1592549529173067,2026-07-06,2026-07-05,2026-06-29
facebook,speakx,1628053695325535,2026-07-06,2026-07-05,2026-06-29
facebook,speakx,1631437637912562,2026-07-06,2026-07-05,2026-06-04
facebook,speakx,1646829209907293,2026-07-06,2026-07-05,2026-05-26
facebook,speakx,1656371092252840,2026-07-06,2026-07-05,2026-06-04
facebook,speakx,1664834988132991,2026-07-06,2026-07-05,2026-06-04
facebook,speakx,1665305344789047,2026-07-06,2026-07-05,2026-06-04
facebook,speakx,1681625439656874,2026-07-06,2026-07-05,2026-06-11
facebook,speakx,1708004703678900,2026-07-06,2026-07-05,2026-06-29
facebook,speakx,1723206915372815,2026-07-06,2026-07-05,2026-06-24
facebook,speakx,1730346694625329,2026-07-06,2026-07-05,2026-06-11
facebook,speakx,1751381559566795,2026-07-06,2026-07-05,2026-05-26
facebook,speakx,1760213275136486,2026-07-06,2026-07-05,2026-06-26
facebook,speakx,1811089719867101,2026-07-06,2026-07-05,2026-06-22
facebook,speakx,1812790096772217,2026-07-06,2026-07-05,2026-06-11
facebook,speakx,1883151975705319,2026-07-06,2026-07-05,2026-06-04
facebook,speakx,1991706455067992,2026-07-06,2026-07-05,2026-06-24
facebook,speakx,2027539371487379,2026-07-06,2026-07-05,2026-06-04
facebook,speakx,2073537180176297,2026-07-06,2026-07-05,2026-06-04
facebook,speakx,2087931068421187,2026-07-06,2026-07-05,2026-06-04
facebook,speakx,2180793392740960,2026-07-06,2026-07-05,2026-06-04
facebook,speakx,2195235391020085,2026-07-06,2026-07-05,2026-07-01
facebook,speakx,2215935059244884,2026-07-06,2026-07-05,2026-06-04
facebook,speakx,2245758992828721,2026-07-06,2026-07-05,2026-06-04
facebook,speakx,2380382949113659,2026-07-06,2026-07-05,2026-06-11
facebook,speakx,2504659850014715,2026-07-06,2026-07-05,2026-05-26
facebook,speakx,26844394018563524,2026-07-06,2026-07-05,2026-06-04
facebook,speakx,27039326735676879,2026-07-06,2026-07-05,2026-06-11
facebook,speakx,27139212809055235,2026-07-06,2026-07-05,2026-06-30
facebook,speakx,27527127623617244,2026-07-06,2026-07-05,2026-06-30
facebook,speakx,2852148961823035,2026-07-06,2026-07-05,2026-06-04
facebook,speakx,2939848399741782,2026-07-06,2026-07-05,2026-06-17
facebook,speakx,36389016304045469,2026-07-06,2026-07-05,2026-06-04
facebook,speakx,36517908114474049,2026-07-06,2026-07-05,2026-06-04
facebook,speakx,3689448171208985,2026-07-06,2026-07-05,2026-06-04
facebook,speakx,36996968466554959,2026-07-06,2026-07-05,2026-06-26
facebook,speakx,4080095702285014,2026-07-06,2026-07-05,2026-06-17
facebook,speakx,4317358591866176,2026-07-06,2026-07-05,2026-06-04
facebook,speakx,824616770475280,2026-07-06,2026-07-05,2026-06-04
facebook,speakx,842042471990963,2026-07-06,2026-07-05,2026-06-17
facebook,speakx,846627981575774,2026-07-06,2026-07-05,2026-06-28
facebook,speakx,878652348591010,2026-07-06,2026-07-05,2026-06-04
facebook,speakx,918355924593292,2026-07-06,2026-07-05,2026-06-04
facebook,speakx,928672226847609,2026-07-06,2026-07-05,2026-06-04
facebook,speakx,962644176775840,2026-07-06,2026-07-05,2026-06-17
facebook,speakx,975392855199734,2026-07-06,2026-07-05,2026-06-04
facebook,speakx,975868448384290,2026-07-06,2026-07-05,2026-06-04
facebook,speakx,983503630938689,2026-07-06,2026-07-05,2026-06-04
facebook,speakx,986106167606403,2026-07-06,2026-07-05,2026-06-11
