page_id,page_name,ad_id,media_type,verdict,first_seen,last_seen,present_now,best_page_rank,run_days,2026-05-28,2026-06-04
743138162511061,Speak,25882090461493760,Video,strong_winner,2026-05-28,2026-06-04,True,1,88,1,1
743138162511061,Speak,1238368295046433,Video,strong_winner,2026-05-28,2026-05-28,False,2,65,2,
743138162511061,Speak,2170052253789462,Video,winner,2026-05-28,2026-06-04,True,2,16,3,2
743138162511061,Speak,1737116637460752,Video,winner,2026-05-28,2026-06-04,True,3,16,4,3
743138162511061,Speak,971110522363631,Video,new,2026-06-04,2026-06-04,True,4,0,,4
743138162511061,Speak,27198260846527222,Image,winner,2026-05-28,2026-06-04,True,5,21,5,5
743138162511061,Speak,731083580063013,Image,winner,2026-05-28,2026-06-04,True,6,21,6,7
743138162511061,Speak,1459044325509397,Video,winner,2026-05-28,2026-06-04,True,6,16,15,6
743138162511061,Speak,1014965510961636,Image,winner,2026-05-28,2026-06-04,True,7,21,7,9
743138162511061,Speak,2473979766370375,Image,winner,2026-05-28,2026-06-04,True,8,21,8,10
743138162511061,Speak,1353108060017678,Video,winner,2026-05-28,2026-06-04,True,8,16,13,8
743138162511061,Speak,1701531751026756,Image,winner,2026-05-28,2026-06-04,True,9,21,9,11
743138162511061,Speak,1458988538822614,Image,winner,2026-05-28,2026-06-04,True,10,21,10,12
743138162511061,Speak,1381189664067994,Video,loser,2026-05-28,2026-05-28,False,11,8,11,
743138162511061,Speak,1728329911488147,Video,winner,2026-05-28,2026-06-04,True,12,28,12,19
743138162511061,Speak,1731875244916286,Video,winner,2026-05-28,2026-06-04,True,13,16,16,13
743138162511061,Speak,954544950886774,Video,winner,2026-05-28,2026-06-04,True,14,16,14,15
743138162511061,Speak,1526088325833343,Video,winner,2026-05-28,2026-06-04,True,14,16,27,14
743138162511061,Speak,1994036307985218,Video,winner,2026-05-28,2026-06-04,True,16,16,21,16
743138162511061,Speak,1315610390528605,Video,new,2026-05-28,2026-06-04,True,17,14,17,20
743138162511061,Speak,1431358325413228,Image,winner,2026-05-28,2026-06-04,True,17,21,19,17
743138162511061,Speak,971630758595083,Video,winner,2026-05-28,2026-05-28,False,18,17,18,
743138162511061,Speak,1699549754571814,Image,winner,2026-05-28,2026-06-04,True,18,17,20,18
743138162511061,Speak,1523144502676799,Image,winner,2026-05-28,2026-06-04,True,21,15,31,21
743138162511061,Speak,1527948802075470,Video,winner,2026-05-28,2026-06-04,True,22,20,22,25
743138162511061,Speak,1625798825194325,Video,new,2026-05-28,2026-06-04,True,22,11,39,22
743138162511061,Speak,1692183028792505,Video,loser,2026-05-28,2026-05-28,False,23,13,23,
743138162511061,Speak,4464751233758639,Video,winner,2026-05-28,2026-06-04,True,23,16,313,23
743138162511061,Speak,963114753265377,Image,loser,2026-05-28,2026-05-28,False,24,1,24,
743138162511061,Speak,1237623024926992,Image,winner,2026-05-28,2026-06-04,True,24,17,29,24
743138162511061,Speak,3639471726218225,Image,winner,2026-05-28,2026-06-04,True,25,17,25,27
743138162511061,Speak,1750514052992301,Video,winner,2026-05-28,2026-05-28,False,26,16,26,
743138162511061,Speak,965608739652462,Image,new,2026-05-28,2026-06-04,True,26,13,59,26
743138162511061,Speak,1497558391753436,Video,loser,2026-05-28,2026-05-28,False,28,13,28,
743138162511061,Speak,998249262696222,Video,new,2026-05-28,2026-06-04,True,28,9,89,28
743138162511061,Speak,1747849949402801,Image,new,2026-06-04,2026-06-04,True,29,0,,29
743138162511061,Speak,26844934468466719,Image,winner,2026-05-28,2026-06-04,True,30,21,30,38
743138162511061,Speak,1996291235096782,Video,new,2026-05-28,2026-06-04,True,30,11,57,30
743138162511061,Speak,1337075441626226,Image,new,2026-05-28,2026-06-04,True,31,14,52,31
743138162511061,Speak,926050050454542,Image,loser,2026-05-28,2026-05-28,False,32,3,32,
743138162511061,Speak,1651238326152859,Image,winner,2026-05-28,2026-06-04,True,32,35,34,32
743138162511061,Speak,3426091624211762,Image,loser,2026-05-28,2026-05-28,False,33,7,33,
743138162511061,Speak,852946797334813,Image,new,2026-06-04,2026-06-04,True,33,0,,33
743138162511061,Speak,1181503171711998,Video,new,2026-06-04,2026-06-04,True,34,0,,34
743138162511061,Speak,1348645673773158,Carousel,winner,2026-05-28,2026-06-04,True,35,21,35,42
743138162511061,Speak,1028631470117096,Video,new,2026-06-04,2026-06-04,True,35,0,,35
743138162511061,Speak,1631344354644181,Image,loser,2026-05-28,2026-05-28,False,36,14,36,
743138162511061,Speak,813112935206331,Image,winner,2026-05-28,2026-06-04,True,36,28,37,36
743138162511061,Speak,1512629040555813,Video,new,2026-05-28,2026-06-04,True,37,9,129,37
743138162511061,Speak,969631819183911,Image,loser,2026-05-28,2026-05-28,False,38,4,38,
743138162511061,Speak,1759999045317511,Image,winner,2026-05-28,2026-06-04,True,39,15,55,39
743138162511061,Speak,27007737625513293,Image,winner,2026-05-28,2026-06-04,True,40,21,40,44
743138162511061,Speak,965070629748830,Image,winner,2026-05-28,2026-06-04,True,40,21,41,40
743138162511061,Speak,989276833481532,Image,new,2026-05-28,2026-06-04,True,41,13,113,41
743138162511061,Speak,1482528716403353,Video,loser,2026-05-28,2026-05-28,False,42,8,42,
743138162511061,Speak,2059028512164597,Image,loser,2026-05-28,2026-05-28,False,43,8,43,
743138162511061,Speak,800024156379055,Video,new,2026-06-04,2026-06-04,True,43,0,,43
743138162511061,Speak,4483210248618458,Video,loser,2026-05-28,2026-05-28,False,44,7,44,
743138162511061,Speak,1413369150102613,Image,strong_winner,2026-05-28,2026-05-28,False,45,73,45,
743138162511061,Speak,936410945889239,Image,winner,2026-05-28,2026-06-04,True,45,15,61,45
743138162511061,Speak,1295423046096386,Video,loser,2026-05-28,2026-05-28,False,46,2,46,
743138162511061,Speak,1488789446058178,Image,new,2026-06-04,2026-06-04,True,46,0,,46
743138162511061,Speak,1286078293146147,Image,winner,2026-05-28,2026-06-04,True,47,21,47,56
743138162511061,Speak,2038951990331287,Image,new,2026-06-04,2026-06-04,True,47,0,,47
743138162511061,Speak,1657190205561543,Image,winner,2026-05-28,2026-06-04,True,48,21,48,57
743138162511061,Speak,2846515679049452,Image,new,2026-05-28,2026-06-04,True,48,13,73,48
743138162511061,Speak,1857250851632659,Image,winner,2026-05-28,2026-06-04,True,49,21,49,50
743138162511061,Speak,1720792165586785,Video,new,2026-06-04,2026-06-04,True,49,0,,49
743138162511061,Speak,1626716812148492,Video,loser,2026-05-28,2026-05-28,False,50,6,50,
743138162511061,Speak,2823444601337495,Image,loser,2026-05-28,2026-05-28,False,51,1,51,
743138162511061,Speak,3612649308891423,Image,new,2026-05-28,2026-06-04,True,51,8,283,51
743138162511061,Speak,2232051690890513,Video,winner,2026-05-28,2026-06-04,True,52,16,267,52
743138162511061,Speak,24896239910073608,Image,new,2026-05-28,2026-06-04,True,53,8,53,55
743138162511061,Speak,1464117248307161,Video,new,2026-05-28,2026-06-04,True,53,8,544,53
743138162511061,Speak,1715817009412475,Image,winner,2026-05-28,2026-06-04,True,54,21,54,61
743138162511061,Speak,1886610845355906,Image,winner,2026-05-28,2026-06-04,True,54,15,70,54
743138162511061,Speak,1933938703991551,Video,loser,2026-05-28,2026-05-28,False,56,9,56,
743138162511061,Speak,954332070740654,Image,winner,2026-05-28,2026-06-04,True,58,21,58,62
743138162511061,Speak,1597489905061960,Image,new,2026-06-04,2026-06-04,True,58,0,,58
743138162511061,Speak,969578945683058,Video,new,2026-06-04,2026-06-04,True,59,0,,59
743138162511061,Speak,1674727800523495,Video,winner,2026-05-28,2026-06-04,True,60,31,60,60
743138162511061,Speak,858464849948887,Image,winner,2026-05-28,2026-06-04,True,62,21,62,67
743138162511061,Speak,1172656642590234,Image,winner,2026-05-28,2026-06-04,True,63,21,63,70
743138162511061,Speak,1267785295128607,Video,new,2026-06-04,2026-06-04,True,63,0,,63
743138162511061,Speak,2128995570996017,Image,winner,2026-05-28,2026-06-04,True,64,21,64,65
743138162511061,Speak,4795705614049179,Video,new,2026-06-04,2026-06-04,True,64,0,,64
743138162511061,Speak,1482466190280727,Image,winner,2026-05-28,2026-06-04,True,65,21,65,68
743138162511061,Speak,1465638521606571,Image,strong_winner,2026-05-28,2026-05-28,False,66,72,66,
743138162511061,Speak,1642222820336005,Image,new,2026-05-28,2026-06-04,True,66,13,69,66
743138162511061,Speak,988288340843948,Image,winner,2026-05-28,2026-06-04,True,67,21,67,69
743138162511061,Speak,25409986105366420,Image,new,2026-05-28,2026-06-04,True,68,21,68,74
743138162511061,Speak,1632931487992113,Video,loser,2026-05-28,2026-05-28,False,71,9,71,
743138162511061,Speak,1321214216647409,Image,new,2026-06-04,2026-06-04,True,71,0,,71
743138162511061,Speak,1317452730449790,Image,new,2026-05-28,2026-06-04,True,72,21,72,81
743138162511061,Speak,1674798580497123,Video,new,2026-06-04,2026-06-04,True,72,0,,72
743138162511061,Speak,1018195667820875,Image,new,2026-06-04,2026-06-04,True,73,0,,73
743138162511061,Speak,1506378631042028,Image,new,2026-05-28,2026-06-04,True,74,21,74,80
743138162511061,Speak,4367602336785958,Image,loser,2026-05-28,2026-05-28,False,75,2,75,
743138162511061,Speak,1660267751690104,Video,new,2026-06-04,2026-06-04,True,75,0,,75
743138162511061,Speak,1499783705182426,Image,loser,2026-05-28,2026-05-28,False,76,7,76,
743138162511061,Speak,36330924969854506,Video,new,2026-06-04,2026-06-04,True,76,0,,76
743138162511061,Speak,1518059543244673,Image,new,2026-05-28,2026-06-04,True,77,10,77,95
743138162511061,Speak,1574745304661400,Image,new,2026-05-28,2026-06-04,True,77,15,119,77
743138162511061,Speak,996511729496681,Image,loser,2026-05-28,2026-05-28,False,78,4,78,
743138162511061,Speak,863513540148270,Video,new,2026-06-04,2026-06-04,True,78,0,,78
743138162511061,Speak,1388506709834515,Image,new,2026-05-28,2026-06-04,True,79,21,79,86
743138162511061,Speak,1634554731165375,Image,new,2026-06-04,2026-06-04,True,79,0,,79
743138162511061,Speak,1332452412150402,Image,new,2026-05-28,2026-06-04,True,80,8,80,102
743138162511061,Speak,1764537024954067,Image,new,2026-05-28,2026-06-04,True,81,21,81,91
743138162511061,Speak,1958559284774235,Image,new,2026-05-28,2026-06-04,True,82,45,82,99
743138162511061,Speak,846741494754910,Image,new,2026-06-04,2026-06-04,True,82,0,,82
743138162511061,Speak,1731722644475414,Image,new,2026-05-28,2026-06-04,True,83,21,83,92
743138162511061,Speak,2146016869273655,Image,new,2026-06-04,2026-06-04,True,83,0,,83
743138162511061,Speak,2420161978458104,Image,new,2026-05-28,2026-06-04,True,84,21,84,90
743138162511061,Speak,1540223314140297,Video,new,2026-06-04,2026-06-04,True,84,0,,84
743138162511061,Speak,766012669834896,Video,new,2026-05-28,2026-06-04,True,85,15,85,103
743138162511061,Speak,857170164111650,Image,new,2026-06-04,2026-06-04,True,85,0,,85
743138162511061,Speak,997494673014336,Image,loser,2026-05-28,2026-05-28,False,86,8,86,
743138162511061,Speak,994018219730050,Image,new,2026-05-28,2026-06-04,True,87,21,87,94
743138162511061,Speak,1527723392094796,Image,new,2026-05-28,2026-06-04,True,87,21,88,87
743138162511061,Speak,1322988692492319,Video,new,2026-06-04,2026-06-04,True,88,0,,88
743138162511061,Speak,4399049390382973,Image,new,2026-06-04,2026-06-04,True,89,0,,89
743138162511061,Speak,1006537718704741,Image,strong_winner,2026-05-28,2026-06-04,True,90,46,90,108
743138162511061,Speak,2354499795026589,Image,strong_winner,2026-05-28,2026-05-28,False,91,73,91,
743138162511061,Speak,1333835875480662,Image,new,2026-05-28,2026-06-04,True,92,21,92,101
743138162511061,Speak,1633950514569000,Video,new,2026-05-28,2026-06-04,True,93,11,93,112
743138162511061,Speak,1096197333335539,Image,new,2026-06-04,2026-06-04,True,93,0,,93
743138162511061,Speak,975633765098252,Image,loser,2026-05-28,2026-05-28,False,94,4,94,
743138162511061,Speak,993564553375221,Video,loser,2026-05-28,2026-05-28,False,95,4,95,
743138162511061,Speak,26730537789950353,Image,new,2026-05-28,2026-06-04,True,96,21,96,114
743138162511061,Speak,1009303918103437,Video,new,2026-06-04,2026-06-04,True,96,0,,96
743138162511061,Speak,3367102446784542,Image,loser,2026-05-28,2026-05-28,False,97,7,97,
743138162511061,Speak,1326276922962509,Image,new,2026-06-04,2026-06-04,True,97,0,,97
743138162511061,Speak,1464244891636156,Image,loser,2026-05-28,2026-05-28,False,98,1,98,
743138162511061,Speak,1519849139696506,Image,new,2026-06-04,2026-06-04,True,98,0,,98
743138162511061,Speak,2733458067054681,Image,new,2026-05-28,2026-06-04,True,99,42,99,111
743138162511061,Speak,1916909412341882,Image,loser,2026-05-28,2026-05-28,False,100,10,100,
743138162511061,Speak,1504814224354172,Video,new,2026-05-28,2026-06-04,True,100,16,169,100
743138162511061,Speak,1588063578924723,Image,new,2026-05-28,2026-06-04,True,101,21,101,113
743138162511061,Speak,973407848433658,Image,new,2026-05-28,2026-06-04,True,102,35,102,124
743138162511061,Speak,2467870936970993,Image,new,2026-05-28,2026-06-04,True,103,21,103,107
743138162511061,Speak,854737320366586,Image,new,2026-05-28,2026-06-04,True,104,21,104,120
743138162511061,Speak,1984405792445117,Video,new,2026-06-04,2026-06-04,True,104,0,,104
743138162511061,Speak,1974776806463029,Video,loser,2026-05-28,2026-05-28,False,105,9,105,
743138162511061,Speak,821871773949633,Image,new,2026-05-28,2026-06-04,True,105,32,120,105
743138162511061,Speak,1027198693070238,Image,new,2026-05-28,2026-06-04,True,106,21,106,115
743138162511061,Speak,828560240112279,Image,new,2026-06-04,2026-06-04,True,106,0,,106
743138162511061,Speak,2094909941067582,Image,new,2026-05-28,2026-06-04,True,107,21,107,118
743138162511061,Speak,978169361375147,Image,new,2026-05-28,2026-06-04,True,108,35,108,125
743138162511061,Speak,4503549829927619,Image,loser,2026-05-28,2026-05-28,False,109,9,109,
743138162511061,Speak,971524902410929,Image,new,2026-06-04,2026-06-04,True,109,0,,109
743138162511061,Speak,1403101445202826,Image,loser,2026-05-28,2026-05-28,False,110,2,110,
743138162511061,Speak,2061674194418240,Video,new,2026-06-04,2026-06-04,True,110,0,,110
743138162511061,Speak,2264274250812355,Video,loser,2026-05-28,2026-05-28,False,111,8,111,
743138162511061,Speak,1714756419875830,Image,loser,2026-05-28,2026-05-28,False,112,9,112,
743138162511061,Speak,953628137297365,Image,new,2026-05-28,2026-06-04,True,114,21,114,126
743138162511061,Speak,1500712998112835,Image,new,2026-05-28,2026-06-04,True,115,21,115,128
743138162511061,Speak,1530755911867358,Image,new,2026-05-28,2026-06-04,True,116,21,116,133
743138162511061,Speak,959233020280116,Image,new,2026-06-04,2026-06-04,True,116,0,,116
743138162511061,Speak,1341002024625343,Video,loser,2026-05-28,2026-05-28,False,117,4,117,
743138162511061,Speak,1314142224156647,Image,new,2026-06-04,2026-06-04,True,117,0,,117
743138162511061,Speak,1661775548503946,Image,new,2026-05-28,2026-06-04,True,118,28,118,129
743138162511061,Speak,868964656229984,Image,new,2026-06-04,2026-06-04,True,119,0,,119
743138162511061,Speak,730865933421519,Image,new,2026-05-28,2026-06-04,True,121,21,121,134
743138162511061,Speak,2193988224789038,Image,new,2026-05-28,2026-06-04,True,121,16,327,121
743138162511061,Speak,1471099638036223,Image,new,2026-05-28,2026-06-04,True,122,21,122,137
743138162511061,Speak,1015221374189614,Image,new,2026-06-04,2026-06-04,True,122,0,,122
743138162511061,Speak,4541219449468538,Video,loser,2026-05-28,2026-05-28,False,123,9,123,
743138162511061,Speak,1012456577961346,Image,new,2026-06-04,2026-06-04,True,123,0,,123
743138162511061,Speak,768391356059570,Image,strong_winner,2026-05-28,2026-05-28,False,124,73,124,
743138162511061,Speak,1300002281572910,Image,new,2026-05-28,2026-06-04,True,125,21,125,130
743138162511061,Speak,1742532640454862,Video,loser,2026-05-28,2026-05-28,False,126,9,126,
743138162511061,Speak,1286163746920302,Image,new,2026-05-28,2026-06-04,True,127,21,127,140
743138162511061,Speak,2683214662053134,Image,new,2026-05-28,2026-06-04,True,127,21,133,127
743138162511061,Speak,1509390620572433,Image,new,2026-05-28,2026-06-04,True,128,28,128,147
743138162511061,Speak,2176553696511879,Video,loser,2026-05-28,2026-05-28,False,130,8,130,
743138162511061,Speak,1677828296872313,Video,loser,2026-05-28,2026-05-28,False,131,2,131,
743138162511061,Speak,967418929242935,Video,new,2026-05-28,2026-06-04,True,131,16,186,131
743138162511061,Speak,1535142971511836,Video,loser,2026-05-28,2026-05-28,False,132,9,132,
743138162511061,Speak,1889231938405720,Video,new,2026-05-28,2026-06-04,True,132,16,460,132
743138162511061,Speak,1414232987411038,Image,new,2026-05-28,2026-06-04,True,134,17,134,154
743138162511061,Speak,1952545798704123,Image,new,2026-05-28,2026-06-04,True,135,16,135,155
743138162511061,Speak,1301853598801192,Image,new,2026-06-04,2026-06-04,True,135,0,,135
743138162511061,Speak,26404642739215762,Image,new,2026-05-28,2026-06-04,True,136,21,136,145
743138162511061,Speak,1272426611543780,Video,new,2026-06-04,2026-06-04,True,136,0,,136
743138162511061,Speak,1484002339935799,Video,loser,2026-05-28,2026-05-28,False,137,9,137,
743138162511061,Speak,4000737086727117,Video,new,2026-05-28,2026-06-04,True,138,17,138,163
743138162511061,Speak,4422548411350240,Video,new,2026-06-04,2026-06-04,True,138,0,,138
743138162511061,Speak,1263436292234743,Video,new,2026-05-28,2026-06-04,True,139,16,139,169
743138162511061,Speak,1502233078032513,Video,new,2026-06-04,2026-06-04,True,139,0,,139
743138162511061,Speak,989237553565279,Image,new,2026-05-28,2026-06-04,True,140,21,140,159
743138162511061,Speak,1227981292577128,Video,loser,2026-05-28,2026-05-28,False,141,9,141,
743138162511061,Speak,1916532859032826,Video,new,2026-06-04,2026-06-04,True,141,0,,141
743138162511061,Speak,864930432622048,Video,new,2026-05-28,2026-06-04,True,142,16,142,166
743138162511061,Speak,1645900156665275,Image,new,2026-06-04,2026-06-04,True,142,0,,142
743138162511061,Speak,1020626120318525,Image,new,2026-05-28,2026-06-04,True,143,15,143,152
743138162511061,Speak,1025183259846466,Video,new,2026-05-28,2026-06-04,True,143,9,158,143
743138162511061,Speak,1741594823932744,Image,loser,2026-05-28,2026-05-28,False,144,4,144,
743138162511061,Speak,1461546512436699,Video,new,2026-05-28,2026-06-04,True,144,15,183,144
743138162511061,Speak,887609414352581,Image,loser,2026-05-28,2026-05-28,False,145,2,145,
743138162511061,Speak,1957267591821732,Image,new,2026-05-28,2026-06-04,True,146,16,146,173
743138162511061,Speak,1348906843965077,Image,new,2026-06-04,2026-06-04,True,146,0,,146
743138162511061,Speak,2181066392745101,Image,loser,2026-05-28,2026-05-28,False,147,1,147,
743138162511061,Speak,1638565004032741,Video,loser,2026-05-28,2026-05-28,False,148,2,148,
743138162511061,Speak,1636727890930488,Video,new,2026-05-28,2026-06-04,True,148,15,199,148
743138162511061,Speak,1872999996717512,Image,new,2026-05-28,2026-06-04,True,149,15,149,160
743138162511061,Speak,957326197133117,Video,new,2026-05-28,2026-06-04,True,149,15,175,149
743138162511061,Speak,1012368231444569,Image,loser,2026-05-28,2026-05-28,False,150,8,150,
743138162511061,Speak,1584320866588635,Video,new,2026-05-28,2026-06-04,True,150,9,185,150
743138162511061,Speak,2168804440545645,Video,loser,2026-05-28,2026-05-28,False,151,8,151,
743138162511061,Speak,1759621671689540,Image,new,2026-06-04,2026-06-04,True,151,0,,151
743138162511061,Speak,1601694000894110,Video,new,2026-05-28,2026-06-04,True,152,16,152,164
743138162511061,Speak,4470742829845104,Image,loser,2026-05-28,2026-05-28,False,153,9,153,
743138162511061,Speak,1420997880074503,Video,new,2026-05-28,2026-06-04,True,153,15,232,153
743138162511061,Speak,26708712922113728,Video,new,2026-05-28,2026-06-04,True,154,16,154,182
743138162511061,Speak,1308436341398359,Video,loser,2026-05-28,2026-05-28,False,155,2,155,
743138162511061,Speak,2336720563479808,Image,strong_winner,2026-05-28,2026-06-04,True,156,88,156,179
743138162511061,Speak,27761175520152002,Video,new,2026-05-28,2026-06-04,True,156,11,176,156
743138162511061,Speak,859169880572097,Image,loser,2026-05-28,2026-05-28,False,157,8,157,
743138162511061,Speak,2469800403447515,Image,new,2026-06-04,2026-06-04,True,157,0,,157
743138162511061,Speak,3168461323541319,Image,new,2026-05-28,2026-06-04,True,158,21,159,158
743138162511061,Speak,1702125114253320,Video,loser,2026-05-28,2026-05-28,False,160,4,160,
743138162511061,Speak,1455344832587564,Video,new,2026-05-28,2026-06-04,True,161,15,161,178
743138162511061,Speak,907241488442183,Video,new,2026-05-28,2026-06-04,True,161,9,163,161
743138162511061,Speak,1423478249815696,Video,new,2026-05-28,2026-06-04,True,162,15,162,190
743138162511061,Speak,2123622455160578,Image,new,2026-05-28,2026-06-04,True,162,14,206,162
743138162511061,Speak,4381498082098693,Image,loser,2026-05-28,2026-05-28,False,164,7,164,
743138162511061,Speak,937126962525743,Image,loser,2026-05-28,2026-05-28,False,165,35,165,
743138162511061,Speak,1001703399211204,Video,new,2026-05-28,2026-06-04,True,165,14,224,165
743138162511061,Speak,1870864700272075,Image,new,2026-05-28,2026-06-04,True,166,16,166,203
743138162511061,Speak,2188971835229617,Image,new,2026-05-28,2026-06-04,True,167,8,167,206
743138162511061,Speak,1307909174237314,Video,new,2026-06-04,2026-06-04,True,167,0,,167
743138162511061,Speak,966756389550787,Image,new,2026-05-28,2026-06-04,True,168,28,168,195
743138162511061,Speak,959271570444189,Video,new,2026-06-04,2026-06-04,True,168,0,,168
743138162511061,Speak,1436356841859719,Image,new,2026-05-28,2026-06-04,True,170,16,170,207
743138162511061,Speak,2364676293943429,Video,new,2026-06-04,2026-06-04,True,170,0,,170
743138162511061,Speak,955217750470875,Image,loser,2026-05-28,2026-05-28,False,171,9,171,
743138162511061,Speak,2443972532681468,Video,new,2026-06-04,2026-06-04,True,171,0,,171
743138162511061,Speak,975212928462901,Video,loser,2026-05-28,2026-05-28,False,172,9,172,
743138162511061,Speak,1488559926247110,Video,new,2026-05-28,2026-06-04,True,172,15,281,172
743138162511061,Speak,4299949753600978,Video,loser,2026-05-28,2026-05-28,False,173,4,173,
743138162511061,Speak,4656598287998933,Video,new,2026-05-28,2026-06-04,True,174,9,174,184
743138162511061,Speak,987550287471337,Video,new,2026-05-28,2026-06-04,True,174,16,241,174
743138162511061,Speak,978349198487631,Video,new,2026-05-28,2026-06-04,True,175,14,202,175
743138162511061,Speak,751150594721684,Video,new,2026-06-04,2026-06-04,True,176,0,,176
743138162511061,Speak,1423805543126653,Video,new,2026-05-28,2026-06-04,True,177,11,177,200
743138162511061,Speak,1679047706465638,Video,new,2026-05-28,2026-06-04,True,177,9,196,177
743138162511061,Speak,1863381187645320,Video,loser,2026-05-28,2026-05-28,False,178,9,178,
743138162511061,Speak,1354319536557789,Video,new,2026-05-28,2026-06-04,True,179,15,179,186
743138162511061,Speak,1371714995017332,Image,loser,2026-05-28,2026-05-28,False,180,8,180,
743138162511061,Speak,976836221724398,Video,new,2026-05-28,2026-06-04,True,180,15,282,180
743138162511061,Speak,1012801984537772,Video,new,2026-05-28,2026-06-04,True,181,16,181,188
743138162511061,Speak,1680201633127668,Video,new,2026-06-04,2026-06-04,True,181,0,,181
743138162511061,Speak,986952170609928,Video,loser,2026-05-28,2026-05-28,False,182,9,182,
743138162511061,Speak,981056258056374,Image,new,2026-06-04,2026-06-04,True,183,0,,183
743138162511061,Speak,2185883358864727,Video,loser,2026-05-28,2026-05-28,False,184,8,184,
743138162511061,Speak,1956438188341406,Video,new,2026-06-04,2026-06-04,True,185,0,,185
743138162511061,Speak,1699240827929762,Video,loser,2026-05-28,2026-05-28,False,187,4,187,
743138162511061,Speak,1538571144294300,Video,new,2026-05-28,2026-06-04,True,187,15,236,187
743138162511061,Speak,1989114385016444,Image,new,2026-05-28,2026-06-04,True,188,44,188,220
743138162511061,Speak,1180474305143580,Image,loser,2026-05-28,2026-05-28,False,189,1,189,
743138162511061,Speak,4677075092579685,Video,new,2026-05-28,2026-06-04,True,189,8,349,189
743138162511061,Speak,1523275049329911,Image,new,2026-05-28,2026-06-04,True,190,15,190,219
743138162511061,Speak,1007545868397308,Image,new,2026-05-28,2026-06-04,True,191,15,191,217
743138162511061,Speak,1551346229686988,Image,new,2026-06-04,2026-06-04,True,191,0,,191
743138162511061,Speak,979171714521444,Video,loser,2026-05-28,2026-05-28,False,192,9,192,
743138162511061,Speak,2138312746729530,Video,new,2026-05-28,2026-06-04,True,192,14,409,192
743138162511061,Speak,1268004648838087,Video,new,2026-05-28,2026-06-04,True,193,16,193,209
743138162511061,Speak,1392099769439985,Image,new,2026-06-04,2026-06-04,True,193,0,,193
743138162511061,Speak,2615303405532088,Image,loser,2026-05-28,2026-05-28,False,194,39,194,
743138162511061,Speak,1010690061436996,Video,new,2026-06-04,2026-06-04,True,194,0,,194
743138162511061,Speak,1722855165377936,Image,loser,2026-05-28,2026-05-28,False,195,9,195,
743138162511061,Speak,1342371557770913,Image,new,2026-06-04,2026-06-04,True,196,0,,196
743138162511061,Speak,1912404702812679,Image,loser,2026-05-28,2026-05-28,False,197,8,197,
743138162511061,Speak,1509723660811227,Video,new,2026-06-04,2026-06-04,True,197,0,,197
743138162511061,Speak,977785525105256,Image,loser,2026-05-28,2026-05-28,False,198,1,198,
743138162511061,Speak,2949484045259273,Video,new,2026-05-28,2026-06-04,True,198,14,359,198
743138162511061,Speak,4432699113638409,Video,new,2026-06-04,2026-06-04,True,199,0,,199
743138162511061,Speak,1649965256047697,Video,new,2026-05-28,2026-06-04,True,200,11,200,205
743138162511061,Speak,996628142751306,Image,new,2026-05-28,2026-06-04,True,201,14,201,232
743138162511061,Speak,1348093510544643,Video,new,2026-06-04,2026-06-04,True,201,0,,201
743138162511061,Speak,1006826018532679,Image,new,2026-06-04,2026-06-04,True,202,0,,202
743138162511061,Speak,1018605950704770,Image,new,2026-05-28,2026-06-04,True,203,17,203,229
743138162511061,Speak,1504075784460748,Image,new,2026-05-28,2026-06-04,True,204,15,204,234
743138162511061,Speak,1032999059252853,Video,new,2026-05-28,2026-06-04,True,204,16,218,204
743138162511061,Speak,1625008681908447,Video,loser,2026-05-28,2026-05-28,False,205,4,205,
743138162511061,Speak,4414703708763836,Video,loser,2026-05-28,2026-05-28,False,207,4,207,
743138162511061,Speak,1299279412179602,Video,new,2026-05-28,2026-06-04,True,208,15,208,231
743138162511061,Speak,2818308171853650,Image,new,2026-05-28,2026-06-04,True,208,16,240,208
743138162511061,Speak,1001070409307203,Image,loser,2026-05-28,2026-05-28,False,209,2,209,
743138162511061,Speak,26608011495527132,Video,loser,2026-05-28,2026-05-28,False,210,73,210,
743138162511061,Speak,3920435011595524,Video,new,2026-06-04,2026-06-04,True,210,0,,210
743138162511061,Speak,2202084363943844,Video,loser,2026-05-28,2026-05-28,False,211,1,211,
743138162511061,Speak,764967486626232,Video,new,2026-06-04,2026-06-04,True,211,0,,211
743138162511061,Speak,988646373523441,Image,new,2026-05-28,2026-06-04,True,212,16,212,239
743138162511061,Speak,1002306968923239,Video,new,2026-05-28,2026-06-04,True,212,14,234,212
743138162511061,Speak,1926300091360153,Video,loser,2026-05-28,2026-05-28,False,213,1,213,
743138162511061,Speak,2143162253141939,Video,new,2026-06-04,2026-06-04,True,213,0,,213
743138162511061,Speak,814364101745371,Video,loser,2026-05-28,2026-05-28,False,214,30,214,
743138162511061,Speak,1780412102930849,Video,new,2026-05-28,2026-06-04,True,214,15,443,214
743138162511061,Speak,1290230149928068,Image,loser,2026-05-28,2026-05-28,False,215,10,215,
743138162511061,Speak,2680463049014483,Video,new,2026-06-04,2026-06-04,True,215,0,,215
743138162511061,Speak,1330176722563058,Image,loser,2026-05-28,2026-05-28,False,216,2,216,
743138162511061,Speak,2081227575942607,Image,new,2026-05-28,2026-06-04,True,216,15,479,216
743138162511061,Speak,2102088060368750,Video,loser,2026-05-28,2026-05-28,False,217,4,217,
743138162511061,Speak,1004925288670093,Video,new,2026-05-28,2026-06-04,True,218,16,223,218
743138162511061,Speak,1340993541306373,Image,loser,2026-05-28,2026-05-28,False,219,7,219,
743138162511061,Speak,982799454502188,Image,loser,2026-05-28,2026-05-28,False,220,2,220,
743138162511061,Speak,1007616418488592,Image,loser,2026-05-28,2026-05-28,False,221,1,221,
743138162511061,Speak,1338347311548874,Video,new,2026-05-28,2026-06-04,True,221,8,251,221
743138162511061,Speak,959036526969934,Video,loser,2026-05-28,2026-05-28,False,222,8,222,
743138162511061,Speak,967571632946578,Video,new,2026-06-04,2026-06-04,True,222,0,,222
743138162511061,Speak,1320590506069752,Image,new,2026-06-04,2026-06-04,True,223,0,,223
743138162511061,Speak,2288521135287995,Video,new,2026-05-28,2026-06-04,True,224,9,295,224
743138162511061,Speak,4543106166016517,Video,loser,2026-05-28,2026-05-28,False,225,9,225,
743138162511061,Speak,1270983715198489,Video,new,2026-05-28,2026-06-04,True,225,15,296,225
743138162511061,Speak,1298637602395868,Video,loser,2026-05-28,2026-05-28,False,226,8,226,
743138162511061,Speak,1583658813202970,Image,new,2026-06-04,2026-06-04,True,226,0,,226
743138162511061,Speak,1699869191461549,Video,loser,2026-05-28,2026-05-28,False,227,8,227,
743138162511061,Speak,1693789268706283,Video,new,2026-05-28,2026-06-04,True,227,15,381,227
743138162511061,Speak,1731144918318253,Video,loser,2026-05-28,2026-05-28,False,228,8,228,
743138162511061,Speak,1280963240408142,Video,new,2026-05-28,2026-06-04,True,228,15,429,228
743138162511061,Speak,1683959243026950,Video,loser,2026-05-28,2026-05-28,False,229,8,229,
743138162511061,Speak,828403169952623,Video,loser,2026-05-28,2026-05-28,False,230,8,230,
743138162511061,Speak,1315853136720391,Video,new,2026-06-04,2026-06-04,True,230,0,,230
743138162511061,Speak,1970468397185095,Video,loser,2026-05-28,2026-05-28,False,231,73,231,
743138162511061,Speak,1272409597641796,Video,loser,2026-05-28,2026-05-28,False,233,73,233,
743138162511061,Speak,843553531646457,Video,new,2026-05-28,2026-06-04,True,233,15,288,233
743138162511061,Speak,1548407809971404,Image,new,2026-05-28,2026-06-04,True,235,9,235,237
743138162511061,Speak,2055668831647789,Image,new,2026-05-28,2026-06-04,True,235,15,489,235
743138162511061,Speak,963356496510643,Image,new,2026-06-04,2026-06-04,True,236,0,,236
743138162511061,Speak,986780890500190,Video,loser,2026-05-28,2026-05-28,False,237,7,237,
743138162511061,Speak,1705354023788942,Video,new,2026-05-28,2026-06-04,True,238,51,238,269
743138162511061,Speak,2542277012890636,Video,new,2026-05-28,2026-06-04,True,238,14,260,238
743138162511061,Speak,2172143276919007,Video,loser,2026-05-28,2026-05-28,False,239,8,239,
743138162511061,Speak,1015490770980788,Video,new,2026-06-04,2026-06-04,True,240,0,,240
743138162511061,Speak,1664824338184263,Image,new,2026-06-04,2026-06-04,True,241,0,,241
743138162511061,Speak,916016971040855,Image,loser,2026-05-28,2026-05-28,False,242,73,242,
743138162511061,Speak,980452671587272,Video,new,2026-05-28,2026-06-04,True,242,29,290,242
743138162511061,Speak,1269205738745435,Image,new,2026-05-28,2026-06-04,True,243,44,243,255
743138162511061,Speak,1219640046770149,Video,new,2026-05-28,2026-06-04,True,243,15,297,243
743138162511061,Speak,1308293250826550,Video,new,2026-05-28,2026-06-04,True,244,15,244,272
743138162511061,Speak,1673927490555749,Video,new,2026-05-28,2026-06-04,True,244,9,258,244
743138162511061,Speak,27062389410060906,Video,loser,2026-05-28,2026-05-28,False,245,9,245,
743138162511061,Speak,2312192479187876,Image,new,2026-06-04,2026-06-04,True,245,0,,245
743138162511061,Speak,4662256220671300,Video,loser,2026-05-28,2026-05-28,False,246,4,246,
743138162511061,Speak,1350452400342391,Video,new,2026-05-28,2026-06-04,True,246,15,306,246
743138162511061,Speak,1617219542882302,Image,loser,2026-05-28,2026-05-28,False,247,73,247,
743138162511061,Speak,1508794880964936,Video,new,2026-05-28,2026-06-04,True,247,15,453,247
743138162511061,Speak,1261690111953722,Video,loser,2026-05-28,2026-05-28,False,248,73,248,
743138162511061,Speak,951211874458336,Video,new,2026-05-28,2026-06-04,True,248,14,252,248
743138162511061,Speak,2089576521611209,Video,loser,2026-05-28,2026-05-28,False,249,9,249,
743138162511061,Speak,1299842732260392,Video,new,2026-05-28,2026-06-04,True,249,14,301,249
743138162511061,Speak,1278024200717284,Video,loser,2026-05-28,2026-05-28,False,250,8,250,
743138162511061,Speak,1312851447696641,Video,new,2026-06-04,2026-06-04,True,250,0,,250
743138162511061,Speak,917724521315341,Video,new,2026-05-28,2026-06-04,True,251,9,596,251
743138162511061,Speak,1436399234920270,Video,new,2026-05-28,2026-06-04,True,252,15,314,252
743138162511061,Speak,1519858729720688,Video,loser,2026-05-28,2026-05-28,False,253,9,253,
743138162511061,Speak,1162914672647521,Video,new,2026-05-28,2026-06-04,True,253,14,323,253
743138162511061,Speak,3023855381141087,Image,new,2026-05-28,2026-06-04,True,254,21,254,285
743138162511061,Speak,3136612050060206,Video,new,2026-05-28,2026-06-04,True,254,15,326,254
743138162511061,Speak,839328322553440,Video,new,2026-05-28,2026-06-04,True,255,15,255,261
743138162511061,Speak,5556134447944905,Video,loser,2026-05-28,2026-05-28,False,256,7,256,
743138162511061,Speak,1526650375749461,Video,new,2026-05-28,2026-06-04,True,256,16,302,256
743138162511061,Speak,1634713001203580,Video,loser,2026-05-28,2026-05-28,False,257,73,257,
743138162511061,Speak,1017082783989837,Image,new,2026-06-04,2026-06-04,True,257,0,,257
743138162511061,Speak,1523027242713526,Video,new,2026-05-28,2026-06-04,True,258,15,342,258
743138162511061,Speak,1438706687804965,Image,loser,2026-05-28,2026-05-28,False,259,72,259,
743138162511061,Speak,851751270852492,Video,new,2026-06-04,2026-06-04,True,259,0,,259
743138162511061,Speak,954686407341711,Video,new,2026-05-28,2026-06-04,True,260,15,411,260
743138162511061,Speak,1746030886561775,Image,loser,2026-05-28,2026-05-28,False,261,8,261,
743138162511061,Speak,1850984988953139,Image,loser,2026-05-28,2026-05-28,False,262,73,262,
743138162511061,Speak,1950580198901419,Video,new,2026-05-28,2026-06-04,True,262,15,344,262
743138162511061,Speak,1761931841853756,Video,loser,2026-05-28,2026-05-28,False,263,8,263,
743138162511061,Speak,960254323760249,Image,new,2026-06-04,2026-06-04,True,263,0,,263
743138162511061,Speak,1625614782088872,Video,loser,2026-05-28,2026-05-28,False,264,73,264,
743138162511061,Speak,942477428814021,Video,new,2026-06-04,2026-06-04,True,264,0,,264
743138162511061,Speak,1739810054043469,Video,loser,2026-05-28,2026-05-28,False,265,8,265,
743138162511061,Speak,1938335653554462,Video,new,2026-06-04,2026-06-04,True,265,0,,265
743138162511061,Speak,946693224900503,Image,new,2026-05-28,2026-06-04,True,266,21,266,296
743138162511061,Speak,1344101824260395,Image,new,2026-05-28,2026-06-04,True,266,16,346,266
743138162511061,Speak,967470309253798,Image,new,2026-06-04,2026-06-04,True,267,0,,267
743138162511061,Speak,2114264902748435,Image,loser,2026-05-28,2026-05-28,False,268,73,268,
743138162511061,Speak,972973425650720,Image,new,2026-06-04,2026-06-04,True,268,0,,268
743138162511061,Speak,1348625590667968,Image,new,2026-05-28,2026-06-04,True,269,16,269,288
743138162511061,Speak,849158314800012,Video,loser,2026-05-28,2026-05-28,False,270,73,270,
743138162511061,Speak,965443276215137,Video,new,2026-05-28,2026-06-04,True,270,16,350,270
743138162511061,Speak,1690856705399774,Image,loser,2026-05-28,2026-05-28,False,271,2,271,
743138162511061,Speak,1492518392613875,Image,new,2026-06-04,2026-06-04,True,271,0,,271
743138162511061,Speak,996669666653329,Image,loser,2026-05-28,2026-05-28,False,272,2,272,
743138162511061,Speak,1463097405268077,Video,loser,2026-05-28,2026-05-28,False,273,65,273,
743138162511061,Speak,790589037355828,Image,new,2026-06-04,2026-06-04,True,273,0,,273
743138162511061,Speak,2261180301362326,Video,loser,2026-05-28,2026-05-28,False,274,4,274,
743138162511061,Speak,2220027735418882,Video,new,2026-06-04,2026-06-04,True,274,0,,274
743138162511061,Speak,1311975701147652,Image,loser,2026-05-28,2026-05-28,False,275,7,275,
743138162511061,Speak,1495604902366314,Image,new,2026-05-28,2026-06-04,True,275,9,476,275
743138162511061,Speak,26785921624433628,Image,loser,2026-05-28,2026-05-28,False,276,9,276,
743138162511061,Speak,1710181849992294,Video,new,2026-05-28,2026-06-04,True,276,15,365,276
743138162511061,Speak,1711003010108867,Image,new,2026-05-28,2026-06-04,True,277,16,277,290
743138162511061,Speak,1271502494756003,Video,new,2026-06-04,2026-06-04,True,277,0,,277
743138162511061,Speak,978100101601454,Video,loser,2026-05-28,2026-05-28,False,278,1,278,
743138162511061,Speak,1357090156307793,Image,new,2026-06-04,2026-06-04,True,278,0,,278
743138162511061,Speak,1958241181475528,Video,loser,2026-05-28,2026-05-28,False,279,9,279,
743138162511061,Speak,2026801312048895,Image,new,2026-05-28,2026-06-04,True,279,9,542,279
743138162511061,Speak,1320449610225357,Video,loser,2026-05-28,2026-05-28,False,280,2,280,
743138162511061,Speak,1506300244521117,Video,new,2026-06-04,2026-06-04,True,280,0,,280
743138162511061,Speak,1113002561904980,Image,new,2026-06-04,2026-06-04,True,281,0,,281
743138162511061,Speak,1705828073762194,Video,new,2026-06-04,2026-06-04,True,282,0,,282
743138162511061,Speak,3607767542719261,Video,new,2026-05-28,2026-06-04,True,283,15,405,283
743138162511061,Speak,1695953811824540,Image,loser,2026-05-28,2026-05-28,False,284,1,284,
743138162511061,Speak,1023094966957348,Video,new,2026-05-28,2026-06-04,True,284,15,309,284
743138162511061,Speak,3683272181812596,Video,loser,2026-05-28,2026-05-28,False,285,9,285,
743138162511061,Speak,1462562512019265,Image,loser,2026-05-28,2026-05-28,False,286,8,286,
743138162511061,Speak,1526553852322388,Image,new,2026-05-28,2026-06-04,True,286,9,464,286
743138162511061,Speak,1699537454377677,Image,loser,2026-05-28,2026-05-28,False,287,9,287,
743138162511061,Speak,27319524414305949,Video,new,2026-05-28,2026-06-04,True,287,15,337,287
743138162511061,Speak,1874137889964648,Video,new,2026-05-28,2026-06-04,True,289,15,289,316
743138162511061,Speak,976401665186090,Video,new,2026-06-04,2026-06-04,True,289,0,,289
743138162511061,Speak,1030631859636226,Image,new,2026-05-28,2026-06-04,True,291,16,291,297
743138162511061,Speak,1824602501848731,Image,new,2026-06-04,2026-06-04,True,291,0,,291
743138162511061,Speak,1331465865566756,Video,new,2026-05-28,2026-06-04,True,292,16,292,307
743138162511061,Speak,1523593536047011,Image,new,2026-06-04,2026-06-04,True,292,0,,292
743138162511061,Speak,2232309780639834,Video,loser,2026-05-28,2026-05-28,False,293,1,293,
743138162511061,Speak,1526878345475597,Video,new,2026-05-28,2026-06-04,True,293,15,394,293
743138162511061,Speak,1555343659599303,Video,new,2026-05-28,2026-06-04,True,294,16,294,319
743138162511061,Speak,910087955374902,Image,new,2026-05-28,2026-06-04,True,294,16,307,294
743138162511061,Speak,1680044263195735,Video,new,2026-05-28,2026-06-04,True,295,8,378,295
743138162511061,Speak,1843816546314835,Image,loser,2026-05-28,2026-05-28,False,298,9,298,
743138162511061,Speak,2043977353208672,Video,new,2026-05-28,2026-06-04,True,298,15,445,298
743138162511061,Speak,1721247792563319,Image,loser,2026-05-28,2026-05-28,False,299,1,299,
743138162511061,Speak,975683825285193,Video,new,2026-06-04,2026-06-04,True,299,0,,299
743138162511061,Speak,2026313331431297,Image,new,2026-05-28,2026-06-04,True,300,16,300,311
743138162511061,Speak,1526560179140516,Video,new,2026-06-04,2026-06-04,True,300,0,,300
743138162511061,Speak,933766603036248,Image,new,2026-06-04,2026-06-04,True,301,0,,301
743138162511061,Speak,1634069947828137,Video,new,2026-05-28,2026-06-04,True,302,15,398,302
743138162511061,Speak,965781116414278,Video,loser,2026-05-28,2026-05-28,False,303,37,303,
743138162511061,Speak,956273947246518,Image,new,2026-06-04,2026-06-04,True,303,0,,303
743138162511061,Speak,1524665769371305,Image,loser,2026-05-28,2026-05-28,False,304,10,304,
743138162511061,Speak,2016931275864932,Video,new,2026-06-04,2026-06-04,True,304,0,,304
743138162511061,Speak,1512328707144605,Image,new,2026-05-28,2026-06-04,True,305,44,305,326
743138162511061,Speak,1629806631457300,Video,new,2026-06-04,2026-06-04,True,305,0,,305
743138162511061,Speak,1309347797482908,Video,new,2026-06-04,2026-06-04,True,306,0,,306
743138162511061,Speak,1315261493364586,Video,loser,2026-05-28,2026-05-28,False,308,9,308,
743138162511061,Speak,1327288199541320,Image,new,2026-06-04,2026-06-04,True,308,0,,308
743138162511061,Speak,964722633118492,Video,new,2026-05-28,2026-06-04,True,309,14,339,309
743138162511061,Speak,1303897177736385,Video,new,2026-05-28,2026-06-04,True,310,30,310,324
743138162511061,Speak,992842269911474,Video,new,2026-05-28,2026-06-04,True,310,14,383,310
743138162511061,Speak,1523808239447144,Image,new,2026-05-28,2026-06-04,True,311,15,311,318
743138162511061,Speak,1474497644161792,Video,loser,2026-05-28,2026-05-28,False,312,9,312,
743138162511061,Speak,1521494815651652,Video,new,2026-06-04,2026-06-04,True,312,0,,312
743138162511061,Speak,1517560296613743,Image,new,2026-06-04,2026-06-04,True,313,0,,313
743138162511061,Speak,1006689888512298,Video,new,2026-06-04,2026-06-04,True,314,0,,314
743138162511061,Speak,1458598338904030,Video,loser,2026-05-28,2026-05-28,False,315,9,315,
743138162511061,Speak,2262070157866270,Image,new,2026-06-04,2026-06-04,True,315,0,,315
743138162511061,Speak,921430744236406,Image,loser,2026-05-28,2026-05-28,False,316,2,316,
743138162511061,Speak,1488658602746915,Video,loser,2026-05-28,2026-05-28,False,317,1,317,
743138162511061,Speak,1016997654097549,Image,new,2026-06-04,2026-06-04,True,317,0,,317
743138162511061,Speak,1528136602181728,Video,new,2026-05-28,2026-06-04,True,318,30,318,336
743138162511061,Speak,1468554098355153,Video,new,2026-05-28,2026-06-04,True,319,15,319,334
743138162511061,Speak,976167185159135,Image,new,2026-05-28,2026-06-04,True,320,16,320,339
743138162511061,Speak,3201483183574221,Video,new,2026-06-04,2026-06-04,True,320,0,,320
743138162511061,Speak,981725324452667,Image,loser,2026-05-28,2026-05-28,False,321,2,321,
743138162511061,Speak,2042741956347143,Video,new,2026-06-04,2026-06-04,True,321,0,,321
743138162511061,Speak,1260842742797875,Video,new,2026-05-28,2026-06-04,True,322,16,322,338
743138162511061,Speak,1369230195045119,Video,new,2026-05-28,2026-06-04,True,322,15,439,322
743138162511061,Speak,2175929766310740,Video,new,2026-06-04,2026-06-04,True,323,0,,323
743138162511061,Speak,1668920971050841,Video,loser,2026-05-28,2026-05-28,False,324,8,324,
743138162511061,Speak,984552850830572,Image,new,2026-05-28,2026-06-04,True,325,16,325,353
743138162511061,Speak,1705218783836576,Video,new,2026-05-28,2026-06-04,True,325,16,343,325
743138162511061,Speak,2207796283385534,Video,new,2026-06-04,2026-06-04,True,327,0,,327
743138162511061,Speak,3459192197573145,Video,new,2026-05-28,2026-06-04,True,328,15,328,356
743138162511061,Speak,1694526638498121,Video,new,2026-06-04,2026-06-04,True,328,0,,328
743138162511061,Speak,1296971231953495,Video,new,2026-05-28,2026-06-04,True,329,16,329,333
743138162511061,Speak,1218320853575578,Video,new,2026-05-28,2026-06-04,True,329,15,353,329
743138162511061,Speak,4411149202443101,Video,loser,2026-05-28,2026-05-28,False,330,23,330,
743138162511061,Speak,2277103559362981,Image,new,2026-06-04,2026-06-04,True,330,0,,330
743138162511061,Speak,1353668810192687,Image,new,2026-05-28,2026-06-04,True,331,16,331,351
743138162511061,Speak,1501806731642221,Image,new,2026-06-04,2026-06-04,True,331,0,,331
743138162511061,Speak,2169604913793894,Image,loser,2026-05-28,2026-05-28,False,332,2,332,
743138162511061,Speak,1661742538367682,Video,new,2026-05-28,2026-06-04,True,332,15,440,332
743138162511061,Speak,1341376541205692,Video,loser,2026-05-28,2026-05-28,False,333,4,333,
743138162511061,Speak,946329088258669,Video,loser,2026-05-28,2026-05-28,False,334,44,334,
743138162511061,Speak,3374184896083305,Image,new,2026-05-28,2026-06-04,True,335,16,335,346
743138162511061,Speak,1528502838950459,Video,new,2026-06-04,2026-06-04,True,335,0,,335
743138162511061,Speak,872954725822675,Image,loser,2026-05-28,2026-05-28,False,336,8,336,
743138162511061,Speak,2651889251871652,Video,new,2026-06-04,2026-06-04,True,337,0,,337
743138162511061,Speak,2175556386513732,Image,new,2026-05-28,2026-06-04,True,338,43,338,341
743138162511061,Speak,1644968956718575,Video,loser,2026-05-28,2026-05-28,False,340,9,340,
743138162511061,Speak,852948504556409,Image,new,2026-06-04,2026-06-04,True,340,0,,340
743138162511061,Speak,1527344584948238,Image,loser,2026-05-28,2026-05-28,False,341,2,341,
743138162511061,Speak,1491844269351628,Video,new,2026-05-28,2026-06-04,True,342,14,466,342
743138162511061,Speak,1354016949927208,Video,new,2026-06-04,2026-06-04,True,343,0,,343
743138162511061,Speak,985837937522806,Video,new,2026-06-04,2026-06-04,True,344,0,,344
743138162511061,Speak,985175807435018,Video,loser,2026-05-28,2026-05-28,False,345,1,345,
743138162511061,Speak,1697453308114636,Image,new,2026-06-04,2026-06-04,True,345,0,,345
743138162511061,Speak,4331934297066718,Video,loser,2026-05-28,2026-05-28,False,347,9,347,
743138162511061,Speak,941071008977786,Video,new,2026-06-04,2026-06-04,True,347,0,,347
743138162511061,Speak,36466674802917725,Video,loser,2026-05-28,2026-05-28,False,348,1,348,
743138162511061,Speak,2191402071702890,Video,new,2026-06-04,2026-06-04,True,348,0,,348
743138162511061,Speak,2158275194742575,Video,new,2026-06-04,2026-06-04,True,349,0,,349
743138162511061,Speak,3151281405059697,Image,new,2026-05-28,2026-06-04,True,350,16,354,350
743138162511061,Speak,3523661674448830,Video,new,2026-05-28,2026-06-04,True,351,28,351,374
743138162511061,Speak,1507072220828073,Video,new,2026-05-28,2026-06-04,True,352,15,352,371
743138162511061,Speak,1507448694122989,Image,new,2026-05-28,2026-06-04,True,352,9,477,352
743138162511061,Speak,1898985020768632,Image,new,2026-05-28,2026-06-04,True,354,16,364,354
743138162511061,Speak,1481297893680636,Image,loser,2026-05-28,2026-05-28,False,355,1,355,
743138162511061,Speak,2341343219692930,Video,new,2026-05-28,2026-06-04,True,355,15,500,355
743138162511061,Speak,1363978889013443,Image,new,2026-05-28,2026-06-04,True,356,16,356,376
743138162511061,Speak,3543442239141682,Image,new,2026-05-28,2026-06-04,True,357,14,357,380
743138162511061,Speak,1549403550135747,Video,new,2026-05-28,2026-06-04,True,357,16,507,357
743138162511061,Speak,1338665601530814,Video,loser,2026-05-28,2026-05-28,False,358,4,358,
743138162511061,Speak,3326471764197428,Image,new,2026-05-28,2026-06-04,True,358,16,374,358
743138162511061,Speak,840653932449351,Video,new,2026-06-04,2026-06-04,True,359,0,,359
743138162511061,Speak,2192304651520426,Video,loser,2026-05-28,2026-05-28,False,360,9,360,
743138162511061,Speak,1523586532763515,Video,new,2026-06-04,2026-06-04,True,360,0,,360
743138162511061,Speak,27431669269751080,Video,loser,2026-05-28,2026-05-28,False,361,7,361,
743138162511061,Speak,2377397826410781,Video,new,2026-06-04,2026-06-04,True,361,0,,361
743138162511061,Speak,1666262044540720,Image,loser,2026-05-28,2026-05-28,False,362,9,362,
743138162511061,Speak,1001586688978298,Video,new,2026-05-28,2026-06-04,True,362,15,389,362
743138162511061,Speak,1876587829964047,Image,loser,2026-05-28,2026-05-28,False,363,1,363,
743138162511061,Speak,871049592710430,Video,new,2026-06-04,2026-06-04,True,363,0,,363
743138162511061,Speak,992882040086797,Video,new,2026-05-28,2026-06-04,True,364,29,433,364
743138162511061,Speak,1325110862282946,Video,new,2026-06-04,2026-06-04,True,365,0,,365
743138162511061,Speak,832431889563903,Image,loser,2026-05-28,2026-05-28,False,366,1,366,
743138162511061,Speak,1308655804095641,Image,new,2026-05-28,2026-06-04,True,366,15,509,366
743138162511061,Speak,955139496914472,Image,new,2026-05-28,2026-06-04,True,367,43,367,372
743138162511061,Speak,2217397272448601,Image,new,2026-06-04,2026-06-04,True,367,0,,367
743138162511061,Speak,1013822097858801,Image,loser,2026-05-28,2026-05-28,False,368,8,368,
743138162511061,Speak,1514281163563941,Image,new,2026-05-28,2026-06-04,True,368,15,402,368
743138162511061,Speak,1663477624946866,Video,loser,2026-05-28,2026-05-28,False,369,7,369,
743138162511061,Speak,1720366492432551,Video,new,2026-06-04,2026-06-04,True,369,0,,369
743138162511061,Speak,1992547984982834,Image,new,2026-05-28,2026-06-04,True,370,16,370,375
743138162511061,Speak,1972488890302404,Video,new,2026-06-04,2026-06-04,True,370,0,,370
743138162511061,Speak,830101776485773,Video,loser,2026-05-28,2026-05-28,False,371,1,371,
743138162511061,Speak,2269461827160656,Video,new,2026-05-28,2026-06-04,True,372,14,372,392
743138162511061,Speak,2670415679998157,Video,new,2026-05-28,2026-06-04,True,373,16,373,385
743138162511061,Speak,1010179518363651,Image,new,2026-06-04,2026-06-04,True,373,0,,373
743138162511061,Speak,1453497739397576,Video,new,2026-05-28,2026-06-04,True,375,16,375,404
743138162511061,Speak,857131873555304,Video,loser,2026-05-28,2026-05-28,False,376,1,376,
743138162511061,Speak,2159229341536299,Image,new,2026-05-28,2026-06-04,True,377,16,377,390
743138162511061,Speak,1502380308236623,Video,new,2026-05-28,2026-06-04,True,377,9,576,377
743138162511061,Speak,961732010060396,Video,new,2026-06-04,2026-06-04,True,378,0,,378
743138162511061,Speak,846790037987374,Image,new,2026-05-28,2026-06-04,True,379,15,379,406
743138162511061,Speak,1880245832649785,Video,new,2026-06-04,2026-06-04,True,379,0,,379
743138162511061,Speak,2332610873895228,Image,new,2026-05-28,2026-06-04,True,380,14,380,413
743138162511061,Speak,1503127498018660,Video,new,2026-06-04,2026-06-04,True,381,0,,381
743138162511061,Speak,4266155890365297,Image,loser,2026-05-28,2026-05-28,False,382,8,382,
743138162511061,Speak,2090631022335460,Image,new,2026-06-04,2026-06-04,True,382,0,,382
743138162511061,Speak,835739362489578,Video,new,2026-05-28,2026-06-04,True,383,15,541,383
743138162511061,Speak,1267922611775757,Image,new,2026-05-28,2026-06-04,True,384,16,384,401
743138162511061,Speak,1956795365043001,Video,new,2026-05-28,2026-06-04,True,384,14,400,384
743138162511061,Speak,1231937165682015,Video,new,2026-05-28,2026-06-04,True,385,30,385,387
743138162511061,Speak,984117120867336,Image,loser,2026-05-28,2026-05-28,False,386,2,386,
743138162511061,Speak,1893837821295060,Image,new,2026-05-28,2026-06-04,True,386,16,419,386
743138162511061,Speak,1300840278392620,Image,loser,2026-05-28,2026-05-28,False,387,1,387,
743138162511061,Speak,1650799302871252,Video,new,2026-05-28,2026-06-04,True,388,15,388,399
743138162511061,Speak,1603215160745244,Video,new,2026-06-04,2026-06-04,True,388,0,,388
743138162511061,Speak,1272679727943730,Video,new,2026-05-28,2026-06-04,True,389,15,456,389
743138162511061,Speak,1359714762885017,Video,loser,2026-05-28,2026-05-28,False,390,9,390,
743138162511061,Speak,979822011104793,Image,loser,2026-05-28,2026-05-28,False,391,9,391,
743138162511061,Speak,1357082129639343,Video,new,2026-06-04,2026-06-04,True,391,0,,391
743138162511061,Speak,4523620474587053,Video,loser,2026-05-28,2026-05-28,False,392,1,392,
743138162511061,Speak,873751791684505,Video,loser,2026-05-28,2026-05-28,False,393,2,393,
743138162511061,Speak,1019324790518848,Video,new,2026-06-04,2026-06-04,True,393,0,,393
743138162511061,Speak,1763789741657033,Video,new,2026-06-04,2026-06-04,True,394,0,,394
743138162511061,Speak,27470240192583320,Image,loser,2026-05-28,2026-05-28,False,395,7,395,
743138162511061,Speak,960583213441621,Image,new,2026-05-28,2026-06-04,True,395,15,407,395
743138162511061,Speak,1121913453442002,Image,new,2026-05-28,2026-06-04,True,396,40,396,420
743138162511061,Speak,1545432830573825,Image,new,2026-06-04,2026-06-04,True,396,0,,396
743138162511061,Speak,963376396406091,Image,new,2026-05-28,2026-06-04,True,397,16,397,417
743138162511061,Speak,1525646609179306,Image,new,2026-06-04,2026-06-04,True,397,0,,397
743138162511061,Speak,2418102665357420,Image,new,2026-05-28,2026-06-04,True,398,16,403,398
743138162511061,Speak,965920736147953,Image,loser,2026-05-28,2026-05-28,False,399,8,399,
743138162511061,Speak,1720554988936217,Video,new,2026-06-04,2026-06-04,True,400,0,,400
743138162511061,Speak,2050225852539726,Video,loser,2026-05-28,2026-05-28,False,401,2,401,
743138162511061,Speak,887815333789654,Image,new,2026-06-04,2026-06-04,True,402,0,,402
743138162511061,Speak,27571170809153475,Video,new,2026-06-04,2026-06-04,True,403,0,,403
743138162511061,Speak,1351375390168060,Video,loser,2026-05-28,2026-05-28,False,404,9,404,
743138162511061,Speak,1328123515923934,Image,new,2026-06-04,2026-06-04,True,405,0,,405
743138162511061,Speak,1518223599717367,Video,new,2026-05-28,2026-06-04,True,406,17,406,432
743138162511061,Speak,1664114454830134,Image,new,2026-05-28,2026-06-04,True,407,16,422,407
743138162511061,Speak,958822990292209,Video,loser,2026-05-28,2026-05-28,False,408,4,408,
743138162511061,Speak,1517920660126746,Image,new,2026-06-04,2026-06-04,True,408,0,,408
743138162511061,Speak,1886106895436373,Image,new,2026-05-28,2026-06-04,True,409,16,495,409
743138162511061,Speak,1717675119674906,Image,loser,2026-05-28,2026-05-28,False,410,1,410,
743138162511061,Speak,3203083366560485,Video,new,2026-05-28,2026-06-04,True,410,15,535,410
743138162511061,Speak,1556324912875319,Video,new,2026-06-04,2026-06-04,True,411,0,,411
743138162511061,Speak,1647512356470313,Video,loser,2026-05-28,2026-05-28,False,412,17,412,
743138162511061,Speak,4538443786475863,Video,new,2026-05-28,2026-06-04,True,412,14,473,412
743138162511061,Speak,846964897931734,Image,new,2026-05-28,2026-06-04,True,413,16,413,431
743138162511061,Speak,1483447700147791,Video,new,2026-05-28,2026-06-04,True,414,15,414,427
743138162511061,Speak,1440439144435557,Video,new,2026-06-04,2026-06-04,True,414,0,,414
743138162511061,Speak,2949623458576500,Video,new,2026-05-28,2026-06-04,True,415,16,415,439
743138162511061,Speak,1381136713836661,Image,new,2026-06-04,2026-06-04,True,415,0,,415
743138162511061,Speak,1451671353430345,Video,new,2026-05-28,2026-06-04,True,416,16,416,434
743138162511061,Speak,999026622563243,Video,new,2026-05-28,2026-06-04,True,416,16,424,416
743138162511061,Speak,1366600195363586,Video,loser,2026-05-28,2026-05-28,False,417,1,417,
743138162511061,Speak,877424745369343,Video,new,2026-05-28,2026-06-04,True,418,15,418,441
743138162511061,Speak,3920030558302128,Video,new,2026-06-04,2026-06-04,True,418,0,,418
743138162511061,Speak,1519693696488016,Image,new,2026-05-28,2026-06-04,True,419,16,461,419
743138162511061,Speak,973701448693560,Image,new,2026-05-28,2026-06-04,True,420,21,420,446
743138162511061,Speak,1462447305071109,Video,loser,2026-05-28,2026-05-28,False,421,8,421,
743138162511061,Speak,1270196644929708,Video,new,2026-06-04,2026-06-04,True,421,0,,421
743138162511061,Speak,829806256870167,Video,new,2026-06-04,2026-06-04,True,422,0,,422
743138162511061,Speak,953965020868723,Image,new,2026-05-28,2026-06-04,True,423,16,423,426
743138162511061,Speak,1982939075736491,Video,new,2026-06-04,2026-06-04,True,423,0,,423
743138162511061,Speak,2136728710228922,Image,new,2026-05-28,2026-06-04,True,424,14,512,424
743138162511061,Speak,1264498688784512,Video,loser,2026-05-28,2026-05-28,False,425,9,425,
743138162511061,Speak,1240896027989368,Image,new,2026-06-04,2026-06-04,True,425,0,,425
743138162511061,Speak,27066322223002471,Video,loser,2026-05-28,2026-05-28,False,426,2,426,
743138162511061,Speak,2790530311284073,Video,new,2026-05-28,2026-06-04,True,427,15,427,452
743138162511061,Speak,981516334707302,Video,loser,2026-05-28,2026-05-28,False,428,1,428,
743138162511061,Speak,1286160403503775,Video,new,2026-05-28,2026-06-04,True,428,8,601,428
743138162511061,Speak,4295709240743610,Video,new,2026-06-04,2026-06-04,True,429,0,,429
743138162511061,Speak,1312278813663610,Image,loser,2026-05-28,2026-05-28,False,430,1,430,
743138162511061,Speak,956681473797990,Video,new,2026-05-28,2026-06-04,True,430,16,472,430
743138162511061,Speak,1509981547194463,Video,loser,2026-05-28,2026-05-28,False,431,4,431,
743138162511061,Speak,1660273955322607,Video,new,2026-05-28,2026-06-04,True,432,44,432,438
743138162511061,Speak,1159439009664099,Video,new,2026-05-28,2026-06-04,True,433,16,434,433
743138162511061,Speak,862219932984615,Video,loser,2026-05-28,2026-05-28,False,435,1,435,
743138162511061,Speak,1779282186384515,Video,new,2026-06-04,2026-06-04,True,435,0,,435
743138162511061,Speak,2160956141366071,Video,new,2026-05-28,2026-06-04,True,436,16,436,459
743138162511061,Speak,1456329252465495,Image,new,2026-05-28,2026-06-04,True,436,15,451,436
743138162511061,Speak,979015341152149,Image,new,2026-05-28,2026-06-04,True,437,16,437,456
743138162511061,Speak,2056763831855576,Video,new,2026-06-04,2026-06-04,True,437,0,,437
743138162511061,Speak,1344856197529183,Video,new,2026-05-28,2026-06-04,True,438,16,438,440
743138162511061,Speak,1472454324111543,Image,loser,2026-05-28,2026-05-28,False,441,1,441,
743138162511061,Speak,4455631948003164,Video,loser,2026-05-28,2026-05-28,False,442,9,442,
743138162511061,Speak,1755031438880967,Image,new,2026-06-04,2026-06-04,True,442,0,,442
743138162511061,Speak,2377520032741759,Image,new,2026-06-04,2026-06-04,True,443,0,,443
743138162511061,Speak,1302751741317619,Image,new,2026-05-28,2026-06-04,True,444,16,444,451
743138162511061,Speak,2063777224542360,Video,new,2026-06-04,2026-06-04,True,444,0,,444
743138162511061,Speak,1365819245397090,Video,new,2026-05-28,2026-06-04,True,445,15,452,445
743138162511061,Speak,1498554648598532,Video,loser,2026-05-28,2026-05-28,False,446,2,446,
743138162511061,Speak,811492168503079,Video,loser,2026-05-28,2026-05-28,False,447,2,447,
743138162511061,Speak,1739887657455246,Video,new,2026-06-04,2026-06-04,True,447,0,,447
743138162511061,Speak,1451317539636729,Video,new,2026-05-28,2026-06-04,True,448,16,448,462
743138162511061,Speak,2370694366744051,Video,new,2026-06-04,2026-06-04,True,448,0,,448
743138162511061,Speak,3486600421501469,Video,loser,2026-05-28,2026-05-28,False,449,4,449,
743138162511061,Speak,1324059182392395,Video,new,2026-06-04,2026-06-04,True,449,0,,449
743138162511061,Speak,3366608370165977,Video,new,2026-05-28,2026-06-04,True,450,29,450,460
743138162511061,Speak,1282686637401932,Image,new,2026-05-28,2026-06-04,True,450,16,483,450
743138162511061,Speak,1554933442813384,Video,new,2026-06-04,2026-06-04,True,453,0,,453
743138162511061,Speak,2210948663012754,Video,loser,2026-05-28,2026-05-28,False,454,1,454,
743138162511061,Speak,1622431868819290,Image,new,2026-06-04,2026-06-04,True,454,0,,454
743138162511061,Speak,2293526401055314,Video,loser,2026-05-28,2026-05-28,False,455,1,455,
743138162511061,Speak,1304987824406433,Image,new,2026-05-28,2026-06-04,True,455,16,463,455
743138162511061,Speak,2828136437545129,Image,loser,2026-05-28,2026-05-28,False,457,1,457,
743138162511061,Speak,826943846763419,Image,new,2026-05-28,2026-06-04,True,457,15,498,457
743138162511061,Speak,4257554624506386,Video,new,2026-05-28,2026-06-04,True,458,8,458,466
743138162511061,Speak,1023806976978129,Video,new,2026-05-28,2026-06-04,True,458,15,480,458
743138162511061,Speak,1561459892270055,Video,loser,2026-05-28,2026-05-28,False,459,1,459,
743138162511061,Speak,1661600201555223,Image,new,2026-05-28,2026-06-04,True,461,15,604,461
743138162511061,Speak,4514480732130503,Image,loser,2026-05-28,2026-05-28,False,462,10,462,
743138162511061,Speak,1347015070651447,Video,new,2026-06-04,2026-06-04,True,463,0,,463
743138162511061,Speak,1564364035318658,Video,new,2026-06-04,2026-06-04,True,464,0,,464
743138162511061,Speak,2306968799837808,Video,loser,2026-05-28,2026-05-28,False,465,8,465,
743138162511061,Speak,2194496814657992,Image,new,2026-05-28,2026-06-04,True,465,15,538,465
743138162511061,Speak,1312274917041690,Image,loser,2026-05-28,2026-05-28,False,467,1,467,
743138162511061,Speak,893033853805559,Video,new,2026-06-04,2026-06-04,True,467,0,,467
743138162511061,Speak,1774371350397401,Video,loser,2026-05-28,2026-05-28,False,468,4,468,
743138162511061,Speak,1284609963788438,Image,new,2026-05-28,2026-06-04,True,468,15,486,468
743138162511061,Speak,2052328829019178,Video,loser,2026-05-28,2026-05-28,False,469,7,469,
743138162511061,Speak,992187797005259,Image,new,2026-05-28,2026-06-04,True,469,16,536,469
743138162511061,Speak,1621390285643499,Image,new,2026-05-28,2026-06-04,True,470,16,470,478
743138162511061,Speak,1009621704845214,Video,new,2026-06-04,2026-06-04,True,470,0,,470
743138162511061,Speak,1681076706268121,Video,loser,2026-05-28,2026-05-28,False,471,9,471,
743138162511061,Speak,1270919421694490,Video,new,2026-05-28,2026-06-04,True,471,14,501,471
743138162511061,Speak,1487551593148143,Image,new,2026-06-04,2026-06-04,True,472,0,,472
743138162511061,Speak,848825131620260,Video,new,2026-06-04,2026-06-04,True,473,0,,473
743138162511061,Speak,1546038010436187,Video,loser,2026-05-28,2026-05-28,False,474,4,474,
743138162511061,Speak,1019531237399288,Video,new,2026-06-04,2026-06-04,True,474,0,,474
743138162511061,Speak,2107068533503841,Video,loser,2026-05-28,2026-05-28,False,475,1,475,
743138162511061,Speak,2169212976951457,Image,new,2026-06-04,2026-06-04,True,475,0,,475
743138162511061,Speak,1032514779105979,Image,new,2026-05-28,2026-06-04,True,476,8,551,476
743138162511061,Speak,1490655302556333,Video,new,2026-06-04,2026-06-04,True,477,0,,477
743138162511061,Speak,1361445712556645,Image,loser,2026-05-28,2026-05-28,False,478,1,478,
743138162511061,Speak,3105698306279931,Image,new,2026-05-28,2026-06-04,True,479,16,517,479
743138162511061,Speak,2179656096118806,Video,new,2026-06-04,2026-06-04,True,480,0,,480
743138162511061,Speak,1439837127915225,Video,new,2026-05-28,2026-06-04,True,481,28,481,491
743138162511061,Speak,960189777052596,Video,new,2026-06-04,2026-06-04,True,481,0,,481
743138162511061,Speak,26950045157983838,Video,loser,2026-05-28,2026-05-28,False,482,1,482,
743138162511061,Speak,1675975513451631,Video,new,2026-05-28,2026-06-04,True,482,9,545,482
743138162511061,Speak,1308455921444621,Video,new,2026-06-04,2026-06-04,True,483,0,,483
743138162511061,Speak,1277879731124254,Video,new,2026-05-28,2026-06-04,True,484,15,484,494
743138162511061,Speak,2919899998355226,Video,new,2026-06-04,2026-06-04,True,484,0,,484
743138162511061,Speak,1488590209403784,Image,loser,2026-05-28,2026-05-28,False,485,3,485,
743138162511061,Speak,3886356061674126,Image,new,2026-05-28,2026-06-04,True,485,15,493,485
743138162511061,Speak,1671811164128468,Video,new,2026-05-28,2026-06-04,True,486,15,566,486
743138162511061,Speak,36895818233350403,Video,loser,2026-05-28,2026-05-28,False,487,13,487,
743138162511061,Speak,863765179401347,Image,new,2026-05-28,2026-06-04,True,487,16,488,487
743138162511061,Speak,2086161135275889,Image,new,2026-05-28,2026-06-04,True,488,16,552,488
743138162511061,Speak,830690433100816,Video,new,2026-06-04,2026-06-04,True,489,0,,489
743138162511061,Speak,737963706045339,Video,loser,2026-05-28,2026-05-28,False,490,4,490,
743138162511061,Speak,1553926616306427,Video,new,2026-06-04,2026-06-04,True,490,0,,490
743138162511061,Speak,1673181017262599,Video,loser,2026-05-28,2026-05-28,False,491,1,491,
743138162511061,Speak,998303869551409,Video,loser,2026-05-28,2026-05-28,False,492,1,492,
743138162511061,Speak,2387685518379033,Video,new,2026-05-28,2026-06-04,True,492,15,579,492
743138162511061,Speak,990365860570204,Video,new,2026-06-04,2026-06-04,True,493,0,,493
743138162511061,Speak,4299509246977073,Image,loser,2026-05-28,2026-05-28,False,494,1,494,
743138162511061,Speak,1678833469905624,Image,new,2026-05-28,2026-06-04,True,495,16,598,495
743138162511061,Speak,26677900448575861,Video,loser,2026-05-28,2026-05-28,False,496,1,496,
743138162511061,Speak,1312681557090821,Image,new,2026-06-04,2026-06-04,True,496,0,,496
743138162511061,Speak,1326782649596775,Image,loser,2026-05-28,2026-05-28,False,497,1,497,
743138162511061,Speak,4543418892548711,Image,new,2026-05-28,2026-06-04,True,497,16,602,497
743138162511061,Speak,3815161481954918,Image,new,2026-05-28,2026-06-04,True,498,16,513,498
743138162511061,Speak,997870759511089,Video,loser,2026-05-28,2026-05-28,False,499,1,499,
743138162511061,Speak,2055892498664210,Video,new,2026-05-28,2026-06-04,True,499,16,527,499
743138162511061,Speak,1682386909749805,Video,new,2026-06-04,2026-06-04,True,500,0,,500
743138162511061,Speak,1358148319702897,Video,new,2026-05-28,2026-06-04,True,501,14,540,501
743138162511061,Speak,1435483718596690,Video,loser,2026-05-28,2026-05-28,False,502,1,502,
743138162511061,Speak,1641262706986028,Image,new,2026-05-28,2026-06-04,True,502,15,569,502
743138162511061,Speak,27265130383173607,Image,loser,2026-05-28,2026-05-28,False,503,4,503,
743138162511061,Speak,1601207071615095,Video,new,2026-06-04,2026-06-04,True,503,0,,503
743138162511061,Speak,1774098223567469,Video,loser,2026-05-28,2026-05-28,False,504,4,504,
743138162511061,Speak,27129663056718311,Image,new,2026-05-28,2026-06-04,True,504,16,510,504
743138162511061,Speak,987659023842680,Video,loser,2026-05-28,2026-05-28,False,505,7,505,
743138162511061,Speak,1481168347385867,Video,new,2026-05-28,2026-06-04,True,505,16,537,505
743138162511061,Speak,2469994710102957,Video,loser,2026-05-28,2026-05-28,False,506,1,506,
743138162511061,Speak,968255859445005,Video,new,2026-05-28,2026-06-04,True,506,14,520,506
743138162511061,Speak,1369208558669078,Video,new,2026-06-04,2026-06-04,True,507,0,,507
743138162511061,Speak,971993685722604,Video,loser,2026-05-28,2026-05-28,False,508,8,508,
743138162511061,Speak,1541378077332230,Image,new,2026-06-04,2026-06-04,True,508,0,,508
743138162511061,Speak,2497969573991206,Image,new,2026-05-28,2026-06-04,True,509,16,563,509
743138162511061,Speak,2317688668967554,Video,new,2026-06-04,2026-06-04,True,510,0,,510
743138162511061,Speak,953636253971483,Image,loser,2026-05-28,2026-05-28,False,511,8,511,
743138162511061,Speak,1000892459082240,Video,new,2026-05-28,2026-06-04,True,511,9,586,511
743138162511061,Speak,1475096187161143,Image,new,2026-06-04,2026-06-04,True,512,0,,512
743138162511061,Speak,27761956440073796,Image,new,2026-05-28,2026-06-04,True,513,15,550,513
743138162511061,Speak,1725666668604616,Image,loser,2026-05-28,2026-05-28,False,514,1,514,
743138162511061,Speak,913418895073896,Video,new,2026-05-28,2026-06-04,True,514,16,587,514
743138162511061,Speak,4489962791235897,Video,loser,2026-05-28,2026-05-28,False,515,1,515,
743138162511061,Speak,978305345181786,Video,new,2026-05-28,2026-06-04,True,515,8,597,515
743138162511061,Speak,1647866073089279,Image,loser,2026-05-28,2026-05-28,False,516,1,516,
743138162511061,Speak,1503410514790226,Image,new,2026-05-28,2026-06-04,True,516,15,533,516
743138162511061,Speak,1841863680533457,Video,new,2026-05-28,2026-06-04,True,517,15,523,517
743138162511061,Speak,2434128750364003,Image,loser,2026-05-28,2026-05-28,False,518,1,518,
743138162511061,Speak,2029465427651889,Video,new,2026-06-04,2026-06-04,True,518,0,,518
743138162511061,Speak,1021408316901785,Video,new,2026-05-28,2026-06-04,True,519,16,519,521
743138162511061,Speak,1442719527625450,Image,new,2026-05-28,2026-06-04,True,519,15,529,519
743138162511061,Speak,974972858792269,Image,new,2026-05-28,2026-06-04,True,520,16,557,520
743138162511061,Speak,976199088148597,Video,loser,2026-05-28,2026-05-28,False,521,9,521,
743138162511061,Speak,1303078241937033,Image,loser,2026-05-28,2026-05-28,False,522,1,522,
743138162511061,Speak,1533629578551616,Image,new,2026-05-28,2026-06-04,True,522,16,525,522
743138162511061,Speak,4425674537715586,Image,new,2026-05-28,2026-06-04,True,523,16,570,523
743138162511061,Speak,1012192001299610,Video,loser,2026-05-28,2026-05-28,False,524,1,524,
743138162511061,Speak,978757994966193,Video,new,2026-05-28,2026-06-04,True,524,15,530,524
743138162511061,Speak,1327541139349183,Image,new,2026-05-28,2026-06-04,True,525,16,549,525
743138162511061,Speak,1964343234449550,Video,loser,2026-05-28,2026-05-28,False,526,4,526,
743138162511061,Speak,2411138386051339,Image,new,2026-06-04,2026-06-04,True,526,0,,526
743138162511061,Speak,859169596739047,Video,new,2026-06-04,2026-06-04,True,527,0,,527
743138162511061,Speak,4385218365029683,Video,loser,2026-05-28,2026-05-28,False,528,4,528,
743138162511061,Speak,992458820158573,Video,new,2026-05-28,2026-06-04,True,528,14,532,528
743138162511061,Speak,1007441335150579,Image,new,2026-05-28,2026-06-04,True,529,16,603,529
743138162511061,Speak,1700372174647559,Video,new,2026-06-04,2026-06-04,True,530,0,,530
743138162511061,Speak,2577248076043281,Image,loser,2026-05-28,2026-05-28,False,531,1,531,
743138162511061,Speak,1861447391656380,Image,new,2026-05-28,2026-06-04,True,531,15,589,531
743138162511061,Speak,1379955640856840,Video,new,2026-06-04,2026-06-04,True,532,0,,532
743138162511061,Speak,940219288839561,Video,new,2026-05-28,2026-06-04,True,533,14,564,533
743138162511061,Speak,1039964261702065,Video,loser,2026-05-28,2026-05-28,False,534,1,534,
743138162511061,Speak,2085816542366620,Image,new,2026-06-04,2026-06-04,True,534,0,,534
743138162511061,Speak,2278419683002716,Video,new,2026-05-28,2026-06-04,True,535,15,547,535
743138162511061,Speak,4452720225045717,Video,new,2026-05-28,2026-06-04,True,536,11,581,536
743138162511061,Speak,2053832972218957,Video,new,2026-05-28,2026-06-04,True,537,15,546,537
743138162511061,Speak,1514416657145258,Image,new,2026-05-28,2026-06-04,True,538,16,588,538
743138162511061,Speak,1004154132161586,Video,loser,2026-05-28,2026-05-28,False,539,8,539,
743138162511061,Speak,2186080955485447,Image,new,2026-05-28,2026-06-04,True,539,9,599,539
743138162511061,Speak,2571694266585239,Video,new,2026-06-04,2026-06-04,True,540,0,,540
743138162511061,Speak,1483416433527923,Image,new,2026-05-28,2026-06-04,True,541,16,554,541
743138162511061,Speak,1458897579308572,Image,new,2026-05-28,2026-06-04,True,542,14,633,542
743138162511061,Speak,908123565578196,Image,loser,2026-05-28,2026-05-28,False,543,9,543,
743138162511061,Speak,2173314196760633,Image,new,2026-05-28,2026-06-04,True,543,9,595,543
743138162511061,Speak,1024035350282433,Image,new,2026-05-28,2026-06-04,True,544,15,574,544
743138162511061,Speak,2207331173364184,Video,new,2026-05-28,2026-06-04,True,545,15,578,545
743138162511061,Speak,1502091371580549,Video,new,2026-05-28,2026-06-04,True,546,16,607,546
743138162511061,Speak,4221146091531359,Video,new,2026-06-04,2026-06-04,True,547,0,,547
743138162511061,Speak,1331067938900199,Video,loser,2026-05-28,2026-05-28,False,548,1,548,
743138162511061,Speak,842274335206384,Image,new,2026-06-04,2026-06-04,True,548,0,,548
743138162511061,Speak,4287119811554901,Video,new,2026-06-04,2026-06-04,True,549,0,,549
743138162511061,Speak,2042243990050632,Video,new,2026-05-28,2026-06-04,True,550,8,572,550
743138162511061,Speak,27763920326544969,Video,new,2026-06-04,2026-06-04,True,551,0,,551
743138162511061,Speak,1645474619841718,Image,new,2026-05-28,2026-06-04,True,552,15,623,552
743138162511061,Speak,2171680736914806,Image,loser,2026-05-28,2026-05-28,False,553,1,553,
743138162511061,Speak,1742458380080329,Video,new,2026-06-04,2026-06-04,True,553,0,,553
743138162511061,Speak,1541114090780445,Video,new,2026-06-04,2026-06-04,True,554,0,,554
743138162511061,Speak,1701089074353062,Video,loser,2026-05-28,2026-05-28,False,555,8,555,
743138162511061,Speak,2060759588125654,Image,new,2026-06-04,2026-06-04,True,555,0,,555
743138162511061,Speak,2089620562431471,Image,loser,2026-05-28,2026-05-28,False,556,1,556,
743138162511061,Speak,989018764058981,Video,new,2026-05-28,2026-06-04,True,556,15,591,556
743138162511061,Speak,1006041085412689,Image,new,2026-05-28,2026-06-04,True,557,17,580,557
743138162511061,Speak,2443715852807438,Image,loser,2026-05-28,2026-05-28,False,558,1,558,
743138162511061,Speak,1479161960622485,Image,new,2026-05-28,2026-06-04,True,558,17,575,558
743138162511061,Speak,981088661168178,Video,loser,2026-05-28,2026-05-28,False,559,8,559,
743138162511061,Speak,1565514135181248,Video,new,2026-06-04,2026-06-04,True,559,0,,559
743138162511061,Speak,1612187606557622,Video,loser,2026-05-28,2026-05-28,False,560,17,560,
743138162511061,Speak,2525288257933822,Video,new,2026-06-04,2026-06-04,True,560,0,,560
743138162511061,Speak,2001354107150504,Image,loser,2026-05-28,2026-05-28,False,561,1,561,
743138162511061,Speak,1018341740871630,Image,new,2026-06-04,2026-06-04,True,561,0,,561
743138162511061,Speak,2187335485435817,Video,loser,2026-05-28,2026-05-28,False,562,1,562,
743138162511061,Speak,2185304055579000,Video,new,2026-06-04,2026-06-04,True,562,0,,562
743138162511061,Speak,1009694264850933,Video,new,2026-06-04,2026-06-04,True,563,0,,563
743138162511061,Speak,1013297204482617,Image,new,2026-06-04,2026-06-04,True,564,0,,564
743138162511061,Speak,1530504242089721,Video,loser,2026-05-28,2026-05-28,False,565,1,565,
743138162511061,Speak,970895729139140,Image,new,2026-05-28,2026-06-04,True,565,28,590,565
743138162511061,Speak,1195567683634181,Video,new,2026-06-04,2026-06-04,True,566,0,,566
743138162511061,Speak,1313688020873917,Video,loser,2026-05-28,2026-05-28,False,567,1,567,
743138162511061,Speak,1023187290056481,Video,new,2026-05-28,2026-06-04,True,567,14,647,567
743138162511061,Speak,1692512178436355,Video,loser,2026-05-28,2026-05-28,False,568,1,568,
743138162511061,Speak,2759422667774476,Video,new,2026-06-04,2026-06-04,True,568,0,,568
743138162511061,Speak,4399234863698958,Image,new,2026-05-28,2026-06-04,True,569,13,644,569
743138162511061,Speak,829136983341474,Image,new,2026-06-04,2026-06-04,True,570,0,,570
743138162511061,Speak,1634276717876414,Video,loser,2026-05-28,2026-05-28,False,571,7,571,
743138162511061,Speak,962400713215437,Image,new,2026-05-28,2026-06-04,True,571,14,600,571
743138162511061,Speak,882604811159938,Video,new,2026-06-04,2026-06-04,True,572,0,,572
743138162511061,Speak,1394858472401913,Image,loser,2026-05-28,2026-05-28,False,573,1,573,
743138162511061,Speak,963387410066688,Video,new,2026-06-04,2026-06-04,True,573,0,,573
743138162511061,Speak,1352426086788066,Video,new,2026-06-04,2026-06-04,True,574,0,,574
743138162511061,Speak,1321315943264656,Image,new,2026-05-28,2026-06-04,True,575,28,617,575
743138162511061,Speak,1535384431504647,Image,new,2026-05-28,2026-06-04,True,576,14,611,576
743138162511061,Speak,1615703343729116,Video,loser,2026-05-28,2026-05-28,False,577,13,577,
743138162511061,Speak,980302251637417,Video,new,2026-05-28,2026-06-04,True,577,14,610,577
743138162511061,Speak,1031088175936601,Video,new,2026-05-28,2026-06-04,True,578,15,606,578
743138162511061,Speak,1509283053980333,Video,new,2026-06-04,2026-06-04,True,579,0,,579
743138162511061,Speak,2097807704098049,Image,new,2026-05-28,2026-06-04,True,580,16,612,580
743138162511061,Speak,1309889731336599,Video,new,2026-05-28,2026-06-04,True,581,16,614,581
743138162511061,Speak,997863812990606,Image,loser,2026-05-28,2026-05-28,False,582,9,582,
743138162511061,Speak,1339727008011845,Video,new,2026-05-28,2026-06-04,True,582,15,618,582
743138162511061,Speak,1299217428502944,Video,loser,2026-05-28,2026-05-28,False,583,1,583,
743138162511061,Speak,2027089348162571,Image,new,2026-05-28,2026-06-04,True,583,13,629,583
743138162511061,Speak,1294953552768925,Video,loser,2026-05-28,2026-05-28,False,584,17,584,
743138162511061,Speak,911054865297212,Image,new,2026-05-28,2026-06-04,True,584,15,621,584
743138162511061,Speak,2461928600977632,Video,loser,2026-05-28,2026-05-28,False,585,8,585,
743138162511061,Speak,2018501609034659,Image,new,2026-05-28,2026-06-04,True,585,15,634,585
743138162511061,Speak,1333835812009046,Video,new,2026-05-28,2026-06-04,True,586,14,628,586
743138162511061,Speak,1652381445974862,Video,new,2026-05-28,2026-06-04,True,587,15,622,587
743138162511061,Speak,1309859301293585,Image,new,2026-06-04,2026-06-04,True,588,0,,588
743138162511061,Speak,2180878569135448,Video,new,2026-06-04,2026-06-04,True,589,0,,589
743138162511061,Speak,1423200726237100,Image,new,2026-05-28,2026-06-04,True,590,16,630,590
743138162511061,Speak,2030808957821726,Video,new,2026-05-28,2026-06-04,True,591,13,640,591
743138162511061,Speak,1387542069872862,Video,loser,2026-05-28,2026-05-28,False,592,1,592,
743138162511061,Speak,1667800054551439,Image,new,2026-05-28,2026-06-04,True,592,15,638,592
743138162511061,Speak,1685052896162937,Image,loser,2026-05-28,2026-05-28,False,593,1,593,
743138162511061,Speak,1341547921175091,Video,new,2026-05-28,2026-06-04,True,593,28,626,593
743138162511061,Speak,1718707579263593,Image,loser,2026-05-28,2026-05-28,False,594,1,594,
743138162511061,Speak,981095061033187,Video,new,2026-05-28,2026-06-04,True,594,28,627,594
743138162511061,Speak,1348038503841835,Image,new,2026-05-28,2026-06-04,True,595,15,636,595
743138162511061,Speak,2071246297108178,Image,new,2026-05-28,2026-06-04,True,596,9,654,596
743138162511061,Speak,1715322726154255,Video,new,2026-06-04,2026-06-04,True,597,0,,597
743138162511061,Speak,798323059884218,Image,new,2026-06-04,2026-06-04,True,598,0,,598
743138162511061,Speak,1296417582035696,Image,new,2026-05-28,2026-06-04,True,599,16,642,599
743138162511061,Speak,830327469913812,Video,new,2026-06-04,2026-06-04,True,600,0,,600
743138162511061,Speak,1509372957385073,Image,new,2026-05-28,2026-06-04,True,601,11,653,601
743138162511061,Speak,792901740420411,Image,new,2026-05-28,2026-06-04,True,602,15,641,602
743138162511061,Speak,1622588172178302,Video,new,2026-05-28,2026-06-04,True,603,15,648,603
743138162511061,Speak,3954691074837276,Image,new,2026-06-04,2026-06-04,True,604,0,,604
743138162511061,Speak,1007126291825574,Image,loser,2026-05-28,2026-05-28,False,605,1,605,
743138162511061,Speak,4381955542054400,Image,new,2026-05-28,2026-06-04,True,605,15,656,605
743138162511061,Speak,1000192482358784,Video,new,2026-05-28,2026-06-04,True,606,28,645,606
743138162511061,Speak,1005408028606473,Video,new,2026-05-28,2026-06-04,True,607,15,646,607
743138162511061,Speak,1706775733652511,Image,loser,2026-05-28,2026-05-28,False,608,2,608,
743138162511061,Speak,980586644823157,Video,new,2026-06-04,2026-06-04,True,608,0,,608
743138162511061,Speak,1776125330415808,Video,loser,2026-05-28,2026-05-28,False,609,1,609,
743138162511061,Speak,2189973628488436,Video,new,2026-05-28,2026-06-04,True,609,15,655,609
743138162511061,Speak,966344269523368,Video,new,2026-06-04,2026-06-04,True,610,0,,610
743138162511061,Speak,1670273597582945,Video,new,2026-06-04,2026-06-04,True,611,0,,611
743138162511061,Speak,2645369759190286,Video,new,2026-05-28,2026-06-04,True,612,12,662,612
743138162511061,Speak,1297021825953893,Image,loser,2026-05-28,2026-05-28,False,613,9,613,
743138162511061,Speak,1305788721100429,Video,new,2026-05-28,2026-06-04,True,613,14,658,613
743138162511061,Speak,2377815052744871,Image,new,2026-06-04,2026-06-04,True,614,0,,614
743138162511061,Speak,1995586864498000,Image,loser,2026-05-28,2026-05-28,False,615,1,615,
743138162511061,Speak,3346225928889753,Video,new,2026-05-28,2026-06-04,True,615,9,668,615
743138162511061,Speak,27624238273844265,Video,loser,2026-05-28,2026-05-28,False,616,1,616,
743138162511061,Speak,812446955026177,Video,new,2026-05-28,2026-06-04,True,616,11,663,616
743138162511061,Speak,3125394737645344,Video,new,2026-06-04,2026-06-04,True,617,0,,617
743138162511061,Speak,2131941060921179,Video,loser,2026-05-28,2026-05-28,False,619,1,619,
743138162511061,Speak,2506999763068373,Video,loser,2026-05-28,2026-05-28,False,620,1,620,
743138162511061,Speak,2130269317548421,Video,loser,2026-05-28,2026-05-28,False,624,1,624,
743138162511061,Speak,1746067493026512,Video,loser,2026-05-28,2026-05-28,False,625,2,625,
743138162511061,Speak,1460791208693332,Image,loser,2026-05-28,2026-05-28,False,631,1,631,
743138162511061,Speak,925941977140167,Video,loser,2026-05-28,2026-05-28,False,632,1,632,
743138162511061,Speak,951203074404020,Video,loser,2026-05-28,2026-05-28,False,635,1,635,
743138162511061,Speak,1499323614990575,Video,loser,2026-05-28,2026-05-28,False,637,1,637,
743138162511061,Speak,1000357165784386,Video,loser,2026-05-28,2026-05-28,False,639,1,639,
743138162511061,Speak,1688695622134242,Video,loser,2026-05-28,2026-05-28,False,643,8,643,
743138162511061,Speak,1700666164422105,Video,loser,2026-05-28,2026-05-28,False,649,1,649,
743138162511061,Speak,966471072929727,Video,loser,2026-05-28,2026-05-28,False,650,1,650,
743138162511061,Speak,2071807143431609,Image,loser,2026-05-28,2026-05-28,False,651,2,651,
743138162511061,Speak,1313861727509478,Video,loser,2026-05-28,2026-05-28,False,652,1,652,
743138162511061,Speak,1014411550935613,Image,loser,2026-05-28,2026-05-28,False,657,1,657,
743138162511061,Speak,1526582985779680,Video,loser,2026-05-28,2026-05-28,False,659,1,659,
743138162511061,Speak,1642385400355485,Image,loser,2026-05-28,2026-05-28,False,660,1,660,
743138162511061,Speak,1654422975776578,Image,loser,2026-05-28,2026-05-28,False,661,1,661,
743138162511061,Speak,986287747324004,Image,loser,2026-05-28,2026-05-28,False,664,1,664,
743138162511061,Speak,1352599756716513,Image,loser,2026-05-28,2026-05-28,False,665,1,665,
743138162511061,Speak,1536101888090040,Image,loser,2026-05-28,2026-05-28,False,666,1,666,
743138162511061,Speak,1753660896067787,Image,loser,2026-05-28,2026-05-28,False,667,1,667,
