page_id,page_name,ad_id,media_type,verdict,first_seen,last_seen,present_now,best_page_rank,run_days,2026-05-28,2026-06-16,2026-06-17,2026-06-22,2026-06-23,2026-06-24,2026-06-25,2026-06-26,2026-06-28,2026-06-29,2026-06-30,2026-07-01,2026-07-02,2026-07-03,2026-07-04,2026-07-06,2026-07-07,2026-07-08,2026-07-09,2026-07-10,2026-07-11,2026-07-12,2026-07-13
,Wispr Flow,3662315693910482,Video,strong_winner,2026-05-28,2026-05-28,False,1,55,1,,,,,,,,,,,,,,,,,,,,,,
,Wispr Flow,1662376828284378,Image,winner,2026-05-28,2026-05-28,False,2,29,2,,,,,,,,,,,,,,,,,,,,,,
,Wispr Flow,1606915600884130,Image,loser,2026-05-28,2026-05-28,False,3,12,3,,,,,,,,,,,,,,,,,,,,,,
,Wispr Flow,1308275597318776,Image,loser,2026-05-28,2026-05-28,False,4,12,4,,,,,,,,,,,,,,,,,,,,,,
,Wispr Flow,2560560281008870,Video,strong_winner,2026-05-28,2026-05-28,False,5,51,5,,,,,,,,,,,,,,,,,,,,,,
,Wispr Flow,1274695934858096,Video,strong_winner,2026-05-28,2026-05-28,False,6,53,6,,,,,,,,,,,,,,,,,,,,,,
,Wispr Flow,1706333260361238,Image,loser,2026-05-28,2026-05-28,False,7,12,7,,,,,,,,,,,,,,,,,,,,,,
,Wispr Flow,27040096928908687,Video,strong_winner,2026-05-28,2026-05-28,False,8,53,8,,,,,,,,,,,,,,,,,,,,,,
,Wispr Flow,1793352381634692,Image,winner,2026-05-28,2026-05-28,False,9,41,9,,,,,,,,,,,,,,,,,,,,,,
,Wispr Flow,1334618508565781,Image,winner,2026-05-28,2026-05-28,False,10,29,10,,,,,,,,,,,,,,,,,,,,,,
,Wispr Flow,1729770374849541,Image,winner,2026-05-28,2026-05-28,False,11,25,11,,,,,,,,,,,,,,,,,,,,,,
,Wispr Flow,1576375724042094,Image,loser,2026-05-28,2026-05-28,False,12,4,12,,,,,,,,,,,,,,,,,,,,,,
,Wispr Flow,1501865931273199,Video,loser,2026-05-28,2026-05-28,False,13,13,13,,,,,,,,,,,,,,,,,,,,,,
,Bryce Querubin,2292746258177295,Video,loser,2026-05-28,2026-05-28,False,14,7,14,,,,,,,,,,,,,,,,,,,,,,
,Wispr Flow,1706997533644445,Video,loser,2026-05-28,2026-05-28,False,15,13,15,,,,,,,,,,,,,,,,,,,,,,
,Wispr Flow,2922112728180732,Image,loser,2026-05-28,2026-05-28,False,16,10,16,,,,,,,,,,,,,,,,,,,,,,
,Wispr Flow,1566718835460461,Image,loser,2026-05-28,2026-05-28,False,17,13,17,,,,,,,,,,,,,,,,,,,,,,
,Wispr Flow,1649615709610057,Video,loser,2026-05-28,2026-05-28,False,18,13,18,,,,,,,,,,,,,,,,,,,,,,
,Wispr Flow,813092931636453,Video,loser,2026-05-28,2026-05-28,False,19,7,19,,,,,,,,,,,,,,,,,,,,,,
,Dion Does Content,833455549824302,Video,loser,2026-05-28,2026-05-28,False,20,5,20,,,,,,,,,,,,,,,,,,,,,,
,Wispr Flow,2936171560055456,Image,loser,2026-05-28,2026-05-28,False,21,1,21,,,,,,,,,,,,,,,,,,,,,,
,Wispr Flow,1410186047538937,Video,loser,2026-05-28,2026-05-28,False,22,5,22,,,,,,,,,,,,,,,,,,,,,,
,Wispr Flow,1640811040476262,Image,loser,2026-05-28,2026-05-28,False,23,1,23,,,,,,,,,,,,,,,,,,,,,,
,Wispr Flow,2152493262262632,Image,loser,2026-05-28,2026-05-28,False,24,10,24,,,,,,,,,,,,,,,,,,,,,,
,Wispr Flow,811543085145765,Image,loser,2026-05-28,2026-05-28,False,25,10,25,,,,,,,,,,,,,,,,,,,,,,
,Wispr Flow,1007115604994768,Image,loser,2026-05-28,2026-05-28,False,26,13,26,,,,,,,,,,,,,,,,,,,,,,
,Bryce Querubin,1327072366036770,Video,loser,2026-05-28,2026-05-28,False,27,7,27,,,,,,,,,,,,,,,,,,,,,,
,Wispr Flow,2169539090512694,Image,loser,2026-05-28,2026-05-28,False,28,10,28,,,,,,,,,,,,,,,,,,,,,,
,Wispr Flow,1316066920475716,Image,loser,2026-05-28,2026-05-28,False,29,5,29,,,,,,,,,,,,,,,,,,,,,,
,Wispr Flow,1700430384710408,Image,loser,2026-05-28,2026-05-28,False,30,10,30,,,,,,,,,,,,,,,,,,,,,,
,Wispr Flow,1679889603157451,Video,loser,2026-05-28,2026-05-28,False,31,7,31,,,,,,,,,,,,,,,,,,,,,,
,Wispr Flow,2151758269557506,Image,loser,2026-05-28,2026-05-28,False,32,1,32,,,,,,,,,,,,,,,,,,,,,,
,Wispr Flow,1265112498602213,Image,winner,2026-05-28,2026-05-28,False,33,41,33,,,,,,,,,,,,,,,,,,,,,,
,Wispr Flow,1680340000078907,Image,winner,2026-05-28,2026-05-28,False,34,29,34,,,,,,,,,,,,,,,,,,,,,,
,Bryce Querubin,1547799510245830,Video,loser,2026-05-28,2026-05-28,False,35,5,35,,,,,,,,,,,,,,,,,,,,,,
,Wispr Flow,976814981925609,Image,winner,2026-05-28,2026-05-28,False,36,18,36,,,,,,,,,,,,,,,,,,,,,,
,Wispr Flow,1395179515999240,Video,loser,2026-05-28,2026-05-28,False,37,13,37,,,,,,,,,,,,,,,,,,,,,,
,Wispr Flow,1344855007551368,Video,loser,2026-05-28,2026-05-28,False,38,7,38,,,,,,,,,,,,,,,,,,,,,,
,Wispr Flow,2124600818383377,Video,loser,2026-05-28,2026-05-28,False,39,7,39,,,,,,,,,,,,,,,,,,,,,,
,Wispr Flow,969535065655350,Image,winner,2026-05-28,2026-05-28,False,40,29,40,,,,,,,,,,,,,,,,,,,,,,
,Wispr Flow,3398790000298365,Video,loser,2026-05-28,2026-05-28,False,41,6,41,,,,,,,,,,,,,,,,,,,,,,
,Wispr Flow,1290680159494956,Video,loser,2026-05-28,2026-05-28,False,42,7,42,,,,,,,,,,,,,,,,,,,,,,
,Wispr Flow,1304712985124608,Video,loser,2026-05-28,2026-05-28,False,43,6,43,,,,,,,,,,,,,,,,,,,,,,
,Wispr Flow,846359314632935,Video,loser,2026-05-28,2026-05-28,False,44,13,44,,,,,,,,,,,,,,,,,,,,,,
,Wispr Flow,1307188548234290,Image,loser,2026-05-28,2026-05-28,False,45,8,45,,,,,,,,,,,,,,,,,,,,,,
,Wispr Flow,2051239912455354,Image,winner,2026-05-28,2026-05-28,False,46,41,46,,,,,,,,,,,,,,,,,,,,,,
,Fola Daini,1864869910859122,Video,loser,2026-05-28,2026-05-28,False,47,7,47,,,,,,,,,,,,,,,,,,,,,,
,Wispr Flow,1884892045481248,Video,loser,2026-05-28,2026-05-28,False,48,4,48,,,,,,,,,,,,,,,,,,,,,,
,Wispr Flow,2186056478900917,Video,loser,2026-05-28,2026-05-28,False,49,7,49,,,,,,,,,,,,,,,,,,,,,,
,Wispr Flow,1648288179761448,Video,loser,2026-05-28,2026-05-28,False,50,5,50,,,,,,,,,,,,,,,,,,,,,,
,Dion Does Content,1666379031262907,Video,loser,2026-05-28,2026-05-28,False,51,7,51,,,,,,,,,,,,,,,,,,,,,,
,Dominicjseph,2042834266268899,Video,loser,2026-05-28,2026-05-28,False,52,7,52,,,,,,,,,,,,,,,,,,,,,,
,Wispr Flow,1321820823242307,Image,winner,2026-05-28,2026-05-28,False,53,28,53,,,,,,,,,,,,,,,,,,,,,,
,Wispr Flow,1908695443093591,Image,winner,2026-05-28,2026-05-28,False,54,33,54,,,,,,,,,,,,,,,,,,,,,,
,Wispr Flow,1333845745257365,Video,loser,2026-05-28,2026-05-28,False,55,13,55,,,,,,,,,,,,,,,,,,,,,,
,Bryce Querubin,2558183101307193,Video,loser,2026-05-28,2026-05-28,False,56,5,56,,,,,,,,,,,,,,,,,,,,,,
,Basic Bananas Marketing Mentoring,2835607609983877,Image,strong_winner,2026-05-28,2026-05-28,False,57,210,57,,,,,,,,,,,,,,,,,,,,,,
,Bryce Querubin,2732353097151246,Video,loser,2026-05-28,2026-05-28,False,58,7,58,,,,,,,,,,,,,,,,,,,,,,
,Wispr Flow,1872155040127046,Video,loser,2026-05-28,2026-05-28,False,59,6,59,,,,,,,,,,,,,,,,,,,,,,
,Wispr Flow,2770851846614450,Video,loser,2026-05-28,2026-05-28,False,60,6,60,,,,,,,,,,,,,,,,,,,,,,
,Bryce Querubin,1517519639959959,Video,loser,2026-05-28,2026-05-28,False,61,7,61,,,,,,,,,,,,,,,,,,,,,,
,Wispr Flow,4093643220928515,Image,loser,2026-05-28,2026-05-28,False,62,5,62,,,,,,,,,,,,,,,,,,,,,,
,Wispr Flow,996594529434742,Video,loser,2026-05-28,2026-05-28,False,63,7,63,,,,,,,,,,,,,,,,,,,,,,
,Wispr Flow,1407053411186041,Image,loser,2026-05-28,2026-05-28,False,64,8,64,,,,,,,,,,,,,,,,,,,,,,
,Wispr Flow,977082658436567,Video,loser,2026-05-28,2026-05-28,False,65,6,65,,,,,,,,,,,,,,,,,,,,,,
,Wispr Flow,1244613431077113,Video,winner,2026-05-28,2026-05-28,False,66,23,66,,,,,,,,,,,,,,,,,,,,,,
,Fola Daini,4535846550034570,Video,loser,2026-05-28,2026-05-28,False,67,7,67,,,,,,,,,,,,,,,,,,,,,,
,Wispr Flow,4436238149854864,Video,loser,2026-05-28,2026-05-28,False,68,7,68,,,,,,,,,,,,,,,,,,,,,,
,Wispr Flow,2043391093053258,Video,loser,2026-05-28,2026-05-28,False,69,13,69,,,,,,,,,,,,,,,,,,,,,,
,Wispr Flow,2089850335192636,Image,winner,2026-05-28,2026-05-28,False,70,29,70,,,,,,,,,,,,,,,,,,,,,,
,Wispr Flow,1283229190629431,Video,loser,2026-05-28,2026-05-28,False,71,7,71,,,,,,,,,,,,,,,,,,,,,,
,Wispr Flow,1671995874069322,Image,loser,2026-05-28,2026-05-28,False,72,12,72,,,,,,,,,,,,,,,,,,,,,,
,Wispr Flow,1676118757038657,Video,loser,2026-05-28,2026-05-28,False,73,7,73,,,,,,,,,,,,,,,,,,,,,,
,Dion Does Content,1266896538851718,Video,loser,2026-05-28,2026-05-28,False,74,10,74,,,,,,,,,,,,,,,,,,,,,,
,Wispr Flow,1003179348710919,Video,winner,2026-05-28,2026-05-28,False,75,23,75,,,,,,,,,,,,,,,,,,,,,,
,Wispr Flow,1002523858919101,Image,loser,2026-05-28,2026-05-28,False,76,5,76,,,,,,,,,,,,,,,,,,,,,,
,Bryce Querubin,26853065227676923,Video,loser,2026-05-28,2026-05-28,False,77,5,77,,,,,,,,,,,,,,,,,,,,,,
,Wispr Flow,1330964142244241,Video,loser,2026-05-28,2026-05-28,False,78,7,78,,,,,,,,,,,,,,,,,,,,,,
,Wispr Flow,1690497488636995,Video,loser,2026-05-28,2026-05-28,False,79,5,79,,,,,,,,,,,,,,,,,,,,,,
,Wispr Flow,4235413386773154,Image,loser,2026-05-28,2026-05-28,False,80,13,80,,,,,,,,,,,,,,,,,,,,,,
,Wispr Flow,1452317883341969,Image,winner,2026-05-28,2026-05-28,False,81,41,81,,,,,,,,,,,,,,,,,,,,,,
,Wispr Flow,1488628986378006,Video,loser,2026-05-28,2026-05-28,False,82,10,82,,,,,,,,,,,,,,,,,,,,,,
,Wispr Flow,1507366707840407,Image,loser,2026-05-28,2026-05-28,False,83,13,83,,,,,,,,,,,,,,,,,,,,,,
,Wispr Flow,1505816484577671,Video,loser,2026-05-28,2026-05-28,False,84,5,84,,,,,,,,,,,,,,,,,,,,,,
,Dion Does Content,1230808302298799,Video,loser,2026-05-28,2026-05-28,False,85,7,85,,,,,,,,,,,,,,,,,,,,,,
,Wispr Flow,28363907486531254,Video,loser,2026-05-28,2026-05-28,False,86,6,86,,,,,,,,,,,,,,,,,,,,,,
,Wispr Flow,1341101164603689,Video,loser,2026-05-28,2026-05-28,False,87,7,87,,,,,,,,,,,,,,,,,,,,,,
,Wispr Flow,1394875489329016,Video,loser,2026-05-28,2026-05-28,False,88,6,88,,,,,,,,,,,,,,,,,,,,,,
,Bryce Querubin,1473846077550038,Video,loser,2026-05-28,2026-05-28,False,89,7,89,,,,,,,,,,,,,,,,,,,,,,
,Wispr Flow,1389245473014883,Image,winner,2026-05-28,2026-05-28,False,90,29,90,,,,,,,,,,,,,,,,,,,,,,
,Wispr Flow,1857387648974603,Video,loser,2026-05-28,2026-05-28,False,91,13,91,,,,,,,,,,,,,,,,,,,,,,
,Wispr Flow,987728243617910,Image,winner,2026-05-28,2026-05-28,False,92,41,92,,,,,,,,,,,,,,,,,,,,,,
,Wispr Flow,831286949639991,Video,loser,2026-05-28,2026-05-28,False,93,7,93,,,,,,,,,,,,,,,,,,,,,,
,Wispr Flow,778691951844405,Image,winner,2026-05-28,2026-05-28,False,94,29,94,,,,,,,,,,,,,,,,,,,,,,
,Wispr Flow,736357786207635,Image,loser,2026-05-28,2026-05-28,False,95,10,95,,,,,,,,,,,,,,,,,,,,,,
,Wispr Flow,1766180788089821,Video,loser,2026-05-28,2026-05-28,False,96,6,96,,,,,,,,,,,,,,,,,,,,,,
,Bryce Querubin,2732641793773250,Video,loser,2026-05-28,2026-05-28,False,97,7,97,,,,,,,,,,,,,,,,,,,,,,
,Wispr Flow,953817067634152,Image,winner,2026-05-28,2026-05-28,False,98,16,98,,,,,,,,,,,,,,,,,,,,,,
,Wispr Flow,1653529422588763,Video,loser,2026-05-28,2026-05-28,False,99,6,99,,,,,,,,,,,,,,,,,,,,,,
,Wispr Flow,4447325295586275,Image,loser,2026-05-28,2026-05-28,False,100,13,100,,,,,,,,,,,,,,,,,,,,,,
,Wispr Flow,2417519245417895,Video,loser,2026-05-28,2026-05-28,False,101,5,101,,,,,,,,,,,,,,,,,,,,,,
,Wispr Flow,1532309055242158,Image,loser,2026-05-28,2026-05-28,False,102,6,102,,,,,,,,,,,,,,,,,,,,,,
,Wispr Flow,1573209414222400,Video,loser,2026-05-28,2026-05-28,False,103,6,103,,,,,,,,,,,,,,,,,,,,,,
,Wispr Flow,1299672751710265,Video,loser,2026-05-28,2026-05-28,False,104,7,104,,,,,,,,,,,,,,,,,,,,,,
,Wispr Flow,1789766065330509,Image,loser,2026-05-28,2026-05-28,False,105,13,105,,,,,,,,,,,,,,,,,,,,,,
,Wispr Flow,1710498496891331,Video,loser,2026-05-28,2026-05-28,False,106,7,106,,,,,,,,,,,,,,,,,,,,,,
,Wispr Flow,1512744190530792,Video,loser,2026-05-28,2026-05-28,False,107,1,107,,,,,,,,,,,,,,,,,,,,,,
,Dion Does Content,1324244086252624,Video,loser,2026-05-28,2026-05-28,False,108,7,108,,,,,,,,,,,,,,,,,,,,,,
,Dion Does Content,852905427869057,Video,loser,2026-05-28,2026-05-28,False,109,5,109,,,,,,,,,,,,,,,,,,,,,,
,Wispr Flow,1650274326098141,Video,loser,2026-05-28,2026-05-28,False,110,7,110,,,,,,,,,,,,,,,,,,,,,,
,Wispr Flow,1213777460734259,Image,loser,2026-05-28,2026-05-28,False,111,6,111,,,,,,,,,,,,,,,,,,,,,,
,Wispr Flow,1664156547958622,Image,loser,2026-05-28,2026-05-28,False,112,13,112,,,,,,,,,,,,,,,,,,,,,,
,Wispr Flow,1653406269221996,Video,loser,2026-05-28,2026-05-28,False,113,7,113,,,,,,,,,,,,,,,,,,,,,,
,Wispr Flow,4570173356640395,Image,loser,2026-05-28,2026-05-28,False,114,10,114,,,,,,,,,,,,,,,,,,,,,,
,Wispr Flow,2402770113563221,Video,loser,2026-05-28,2026-05-28,False,115,7,115,,,,,,,,,,,,,,,,,,,,,,
,Wispr Flow,25627006063641773,Image,loser,2026-05-28,2026-05-28,False,116,41,116,,,,,,,,,,,,,,,,,,,,,,
,Wispr Flow,1338416851516422,Image,loser,2026-05-28,2026-05-28,False,117,13,117,,,,,,,,,,,,,,,,,,,,,,
,Wispr Flow,1690940302047579,Image,loser,2026-05-28,2026-05-28,False,118,10,118,,,,,,,,,,,,,,,,,,,,,,
,Dion Does Content,2122878071825151,Video,loser,2026-05-28,2026-05-28,False,119,7,119,,,,,,,,,,,,,,,,,,,,,,
,Wispr Flow,1000838749475246,Video,loser,2026-05-28,2026-05-28,False,120,7,120,,,,,,,,,,,,,,,,,,,,,,
,Dion Does Content,988070633918039,Video,loser,2026-05-28,2026-05-28,False,121,4,121,,,,,,,,,,,,,,,,,,,,,,
,Wispr Flow,3482883728559587,Video,loser,2026-05-28,2026-05-28,False,122,13,122,,,,,,,,,,,,,,,,,,,,,,
,Dion Does Content,1465202198203162,Video,loser,2026-05-28,2026-05-28,False,123,7,123,,,,,,,,,,,,,,,,,,,,,,
,Wispr Flow,2504655613302155,Video,loser,2026-05-28,2026-05-28,False,124,7,124,,,,,,,,,,,,,,,,,,,,,,
,Wispr Flow,1304930827640000,Image,loser,2026-05-28,2026-05-28,False,125,13,125,,,,,,,,,,,,,,,,,,,,,,
,Dion Does Content,963873423308072,Video,loser,2026-05-28,2026-05-28,False,126,7,126,,,,,,,,,,,,,,,,,,,,,,
,Wispr Flow,1348451947202496,Video,loser,2026-05-28,2026-05-28,False,127,6,127,,,,,,,,,,,,,,,,,,,,,,
,Wispr Flow,1502135684947381,Video,loser,2026-05-28,2026-05-28,False,128,6,128,,,,,,,,,,,,,,,,,,,,,,
,Wispr Flow,1629992708068632,Video,loser,2026-05-28,2026-05-28,False,129,6,129,,,,,,,,,,,,,,,,,,,,,,
,Wispr Flow,849926281487625,Video,loser,2026-05-28,2026-05-28,False,130,7,130,,,,,,,,,,,,,,,,,,,,,,
,Wispr Flow,1769589530676290,Image,loser,2026-05-28,2026-05-28,False,131,10,131,,,,,,,,,,,,,,,,,,,,,,
,Wispr Flow,1894343737944061,Video,loser,2026-05-28,2026-05-28,False,132,7,132,,,,,,,,,,,,,,,,,,,,,,
,Wispr Flow,1496629299149131,Video,loser,2026-05-28,2026-05-28,False,133,7,133,,,,,,,,,,,,,,,,,,,,,,
,Wispr Flow,1168519741972828,Image,loser,2026-05-28,2026-05-28,False,134,41,134,,,,,,,,,,,,,,,,,,,,,,
,Wispr Flow,2164552131032487,Image,loser,2026-05-28,2026-05-28,False,135,25,135,,,,,,,,,,,,,,,,,,,,,,
,Bryce Querubin,2024721988254064,Video,loser,2026-05-28,2026-05-28,False,136,7,136,,,,,,,,,,,,,,,,,,,,,,
,Wispr Flow,831050683019062,Video,loser,2026-05-28,2026-05-28,False,137,7,137,,,,,,,,,,,,,,,,,,,,,,
,Dion Does Content,1659440741978591,Video,loser,2026-05-28,2026-05-28,False,138,7,138,,,,,,,,,,,,,,,,,,,,,,
,Bryce Querubin,2119253888654752,Video,loser,2026-05-28,2026-05-28,False,139,7,139,,,,,,,,,,,,,,,,,,,,,,
,Wispr Flow,1472379261037057,Image,loser,2026-05-28,2026-05-28,False,140,10,140,,,,,,,,,,,,,,,,,,,,,,
,Wispr Flow,1474647687730449,Image,loser,2026-05-28,2026-05-28,False,141,13,141,,,,,,,,,,,,,,,,,,,,,,
,Wispr Flow,1613872029715012,Image,loser,2026-05-28,2026-05-28,False,142,1,142,,,,,,,,,,,,,,,,,,,,,,
,Wispr Flow,993887699889806,Video,loser,2026-05-28,2026-05-28,False,143,7,143,,,,,,,,,,,,,,,,,,,,,,
,Wispr Flow,1711610066512320,Video,loser,2026-05-28,2026-05-28,False,144,5,144,,,,,,,,,,,,,,,,,,,,,,
,Wispr Flow,2084499892108477,Video,loser,2026-05-28,2026-05-28,False,145,10,145,,,,,,,,,,,,,,,,,,,,,,
,Wispr Flow,1949617632324117,Image,loser,2026-05-28,2026-05-28,False,146,41,146,,,,,,,,,,,,,,,,,,,,,,
,Wispr Flow,26296350260044370,Image,loser,2026-05-28,2026-05-28,False,147,13,147,,,,,,,,,,,,,,,,,,,,,,
,Wispr Flow,767796019658058,Video,loser,2026-05-28,2026-05-28,False,148,6,148,,,,,,,,,,,,,,,,,,,,,,
,Wispr Flow,1630983688019061,Image,loser,2026-05-28,2026-05-28,False,149,41,149,,,,,,,,,,,,,,,,,,,,,,
,Wispr Flow,836902862366291,Video,loser,2026-05-28,2026-05-28,False,150,7,150,,,,,,,,,,,,,,,,,,,,,,
,Dion Does Content,999613062571788,Video,loser,2026-05-28,2026-05-28,False,151,7,151,,,,,,,,,,,,,,,,,,,,,,
,Wispr Flow,1008277438210393,Video,loser,2026-05-28,2026-05-28,False,152,7,152,,,,,,,,,,,,,,,,,,,,,,
,Dion Does Content,1514844143419145,Video,loser,2026-05-28,2026-05-28,False,153,7,153,,,,,,,,,,,,,,,,,,,,,,
,Wispr Flow,1575558140951930,Video,loser,2026-05-28,2026-05-28,False,154,6,154,,,,,,,,,,,,,,,,,,,,,,
,Wispr Flow,1457795429720362,Video,loser,2026-05-28,2026-05-28,False,155,7,155,,,,,,,,,,,,,,,,,,,,,,
,Wispr Flow,1644842533399361,Image,loser,2026-05-28,2026-05-28,False,156,10,156,,,,,,,,,,,,,,,,,,,,,,
,Wispr Flow,829943616823793,Image,loser,2026-05-28,2026-05-28,False,157,13,157,,,,,,,,,,,,,,,,,,,,,,
,Bryce Querubin,1307707194110436,Video,loser,2026-05-28,2026-05-28,False,158,7,158,,,,,,,,,,,,,,,,,,,,,,
,Wispr Flow,1347312157244411,Video,loser,2026-05-28,2026-05-28,False,159,5,159,,,,,,,,,,,,,,,,,,,,,,
,Wispr Flow,1721178389296475,Image,loser,2026-05-28,2026-05-28,False,160,10,160,,,,,,,,,,,,,,,,,,,,,,
,Wispr Flow,1781458526560240,Image,loser,2026-05-28,2026-05-28,False,161,5,161,,,,,,,,,,,,,,,,,,,,,,
,Wispr Flow,868494942244631,Video,loser,2026-05-28,2026-05-28,False,162,5,162,,,,,,,,,,,,,,,,,,,,,,
,Wispr Flow,2210336443061066,Image,loser,2026-05-28,2026-05-28,False,163,10,163,,,,,,,,,,,,,,,,,,,,,,
,Wispr Flow,2082253205967465,Image,loser,2026-05-28,2026-05-28,False,164,13,164,,,,,,,,,,,,,,,,,,,,,,
,Dion Does Content,1674744247102852,Video,loser,2026-05-28,2026-05-28,False,165,6,165,,,,,,,,,,,,,,,,,,,,,,
,Wispr Flow,1888210885110974,Image,loser,2026-05-28,2026-05-28,False,166,5,166,,,,,,,,,,,,,,,,,,,,,,
,Wispr Flow,2078334223081418,Image,loser,2026-05-28,2026-05-28,False,167,28,167,,,,,,,,,,,,,,,,,,,,,,
,Wispr Flow,1690288628956827,Video,loser,2026-05-28,2026-05-28,False,168,5,168,,,,,,,,,,,,,,,,,,,,,,
,Wispr Flow,4297648813878804,Image,loser,2026-05-28,2026-05-28,False,169,14,169,,,,,,,,,,,,,,,,,,,,,,
,Wispr Flow,965590616346605,Video,loser,2026-05-28,2026-05-28,False,170,5,170,,,,,,,,,,,,,,,,,,,,,,
,Wispr Flow,4399399116992624,Video,loser,2026-05-28,2026-05-28,False,171,6,171,,,,,,,,,,,,,,,,,,,,,,
,Wispr Flow,26578956815133786,Video,loser,2026-05-28,2026-05-28,False,172,7,172,,,,,,,,,,,,,,,,,,,,,,
,Wispr Flow,992038293776025,Video,loser,2026-05-28,2026-05-28,False,173,23,173,,,,,,,,,,,,,,,,,,,,,,
,Bryce Querubin,1545342520554361,Video,loser,2026-05-28,2026-05-28,False,174,5,174,,,,,,,,,,,,,,,,,,,,,,
,Dan Martell,1664643048177567,Carousel,loser,2026-05-28,2026-05-28,False,175,5,175,,,,,,,,,,,,,,,,,,,,,,
,Wispr Flow,1313063437468973,Video,loser,2026-05-28,2026-05-28,False,176,10,176,,,,,,,,,,,,,,,,,,,,,,
,Dion Does Content,2907797752900359,Video,loser,2026-05-28,2026-05-28,False,177,7,177,,,,,,,,,,,,,,,,,,,,,,
,Wispr Flow,3110551179133059,Video,loser,2026-05-28,2026-05-28,False,178,7,178,,,,,,,,,,,,,,,,,,,,,,
,Wispr Flow,4086432868320778,Image,loser,2026-05-28,2026-05-28,False,179,28,179,,,,,,,,,,,,,,,,,,,,,,
,Wispr Flow,967677179397099,Video,loser,2026-05-28,2026-05-28,False,180,7,180,,,,,,,,,,,,,,,,,,,,,,
,Wispr Flow,1534273534755094,Video,loser,2026-05-28,2026-05-28,False,181,7,181,,,,,,,,,,,,,,,,,,,,,,
,Wispr Flow,2078216392740498,Image,loser,2026-05-28,2026-05-28,False,182,10,182,,,,,,,,,,,,,,,,,,,,,,
,Wispr Flow,2225304311630453,Image,loser,2026-05-28,2026-05-28,False,183,13,183,,,,,,,,,,,,,,,,,,,,,,
,Wispr Flow,1395320139283491,Video,loser,2026-05-28,2026-05-28,False,184,7,184,,,,,,,,,,,,,,,,,,,,,,
,Dion Does Content,2011638906393051,Video,loser,2026-05-28,2026-05-28,False,185,7,185,,,,,,,,,,,,,,,,,,,,,,
,Wispr Flow,1519993253052122,Image,loser,2026-05-28,2026-05-28,False,186,13,186,,,,,,,,,,,,,,,,,,,,,,
,Wispr Flow,1307431290729921,Image,loser,2026-05-28,2026-05-28,False,187,13,187,,,,,,,,,,,,,,,,,,,,,,
,Wispr Flow,1297642861998332,Video,loser,2026-05-28,2026-05-28,False,188,5,188,,,,,,,,,,,,,,,,,,,,,,
,Reselle,967758139096013,Image,loser,2026-05-28,2026-05-28,False,189,28,189,,,,,,,,,,,,,,,,,,,,,,
,Wispr Flow,1957249268287320,Image,loser,2026-05-28,2026-05-28,False,190,16,190,,,,,,,,,,,,,,,,,,,,,,
,Bryce Querubin,1466557791940649,Video,loser,2026-05-28,2026-05-28,False,191,6,191,,,,,,,,,,,,,,,,,,,,,,
,Dion Does Content,1018315570618531,Video,loser,2026-05-28,2026-05-28,False,192,7,192,,,,,,,,,,,,,,,,,,,,,,
,Wispr Flow,2220276032124660,Image,loser,2026-05-28,2026-05-28,False,193,13,193,,,,,,,,,,,,,,,,,,,,,,
,Wispr Flow,872676911783297,Video,loser,2026-05-28,2026-05-28,False,194,7,194,,,,,,,,,,,,,,,,,,,,,,
,Wispr Flow,822770594245538,Video,loser,2026-05-28,2026-05-28,False,195,7,195,,,,,,,,,,,,,,,,,,,,,,
,Wispr Flow,2192062011197722,Video,loser,2026-05-28,2026-05-28,False,196,5,196,,,,,,,,,,,,,,,,,,,,,,
,Wispr Flow,1285569029603660,Image,loser,2026-05-28,2026-05-28,False,197,41,197,,,,,,,,,,,,,,,,,,,,,,
,Wispr Flow,976644315127989,Video,loser,2026-05-28,2026-05-28,False,198,4,198,,,,,,,,,,,,,,,,,,,,,,
,Wispr Flow,956167000382209,Video,loser,2026-05-28,2026-05-28,False,199,7,199,,,,,,,,,,,,,,,,,,,,,,
,Wispr Flow,27769694415953681,Video,loser,2026-05-28,2026-05-28,False,200,7,200,,,,,,,,,,,,,,,,,,,,,,
,Wispr Flow,999768679663949,Video,loser,2026-05-28,2026-05-28,False,201,7,201,,,,,,,,,,,,,,,,,,,,,,
,Wispr Flow,1378250434135755,Video,loser,2026-05-28,2026-05-28,False,202,7,202,,,,,,,,,,,,,,,,,,,,,,
,Wispr Flow,2589191581496421,Video,loser,2026-05-28,2026-05-28,False,203,7,203,,,,,,,,,,,,,,,,,,,,,,
,Wispr Flow,2048519246099318,Video,loser,2026-05-28,2026-05-28,False,204,7,204,,,,,,,,,,,,,,,,,,,,,,
,Wispr Flow,1335436018528237,Video,loser,2026-05-28,2026-05-28,False,205,7,205,,,,,,,,,,,,,,,,,,,,,,
,Wispr Flow,1693650765117984,Video,loser,2026-05-28,2026-05-28,False,206,7,206,,,,,,,,,,,,,,,,,,,,,,
,Bryce Querubin,1422241006596275,Video,loser,2026-05-28,2026-05-28,False,207,7,207,,,,,,,,,,,,,,,,,,,,,,
,Wispr Flow,1506096514359130,Video,loser,2026-05-28,2026-05-28,False,208,7,208,,,,,,,,,,,,,,,,,,,,,,
,Bryce Querubin,1328231482705036,Video,loser,2026-05-28,2026-05-28,False,209,6,209,,,,,,,,,,,,,,,,,,,,,,
,Wispr Flow,1625555125168516,Video,loser,2026-05-28,2026-05-28,False,210,7,210,,,,,,,,,,,,,,,,,,,,,,
,Wispr Flow,1511018107035710,Video,loser,2026-05-28,2026-05-28,False,211,7,211,,,,,,,,,,,,,,,,,,,,,,
,Wispr Flow,1475576313559918,Video,loser,2026-05-28,2026-05-28,False,212,6,212,,,,,,,,,,,,,,,,,,,,,,
,Wispr Flow,2452008935277426,Video,loser,2026-05-28,2026-05-28,False,213,7,213,,,,,,,,,,,,,,,,,,,,,,
,Wispr Flow,2057704855158545,Video,loser,2026-05-28,2026-05-28,False,214,7,214,,,,,,,,,,,,,,,,,,,,,,
,Wispr Flow,1626951528610165,Video,loser,2026-05-28,2026-05-28,False,215,7,215,,,,,,,,,,,,,,,,,,,,,,
,Dion Does Content,1506064064391726,Video,loser,2026-05-28,2026-05-28,False,216,4,216,,,,,,,,,,,,,,,,,,,,,,
,Wispr Flow,1218671753547509,Video,loser,2026-05-28,2026-05-28,False,217,7,217,,,,,,,,,,,,,,,,,,,,,,
,Wispr Flow,1249200367294137,Image,loser,2026-05-28,2026-05-28,False,218,13,218,,,,,,,,,,,,,,,,,,,,,,
,Dion Does Content,1458287982290511,Video,loser,2026-05-28,2026-05-28,False,219,7,219,,,,,,,,,,,,,,,,,,,,,,
,Wispr Flow,2643031549458709,Image,loser,2026-05-28,2026-05-28,False,220,10,220,,,,,,,,,,,,,,,,,,,,,,
,Wispr Flow,1949715605678668,Image,loser,2026-05-28,2026-05-28,False,221,10,221,,,,,,,,,,,,,,,,,,,,,,
,Wispr Flow,2115243479041912,Video,loser,2026-05-28,2026-05-28,False,222,7,222,,,,,,,,,,,,,,,,,,,,,,
,Wispr Flow,1906852649972064,Image,loser,2026-05-28,2026-05-28,False,223,13,223,,,,,,,,,,,,,,,,,,,,,,
,Wispr Flow,1644181246698688,Video,loser,2026-05-28,2026-05-28,False,224,7,224,,,,,,,,,,,,,,,,,,,,,,
,Wispr Flow,1058193627387168,Video,loser,2026-05-28,2026-05-28,False,225,7,225,,,,,,,,,,,,,,,,,,,,,,
,Dion Does Content,1530019845227310,Video,loser,2026-05-28,2026-05-28,False,226,6,226,,,,,,,,,,,,,,,,,,,,,,
,Wispr Flow,1706834640451505,Video,loser,2026-05-28,2026-05-28,False,227,7,227,,,,,,,,,,,,,,,,,,,,,,
,Wispr Flow,2541412699632590,Video,loser,2026-05-28,2026-05-28,False,228,4,228,,,,,,,,,,,,,,,,,,,,,,
,Wispr Flow,1320698123600855,Video,loser,2026-05-28,2026-05-28,False,229,7,229,,,,,,,,,,,,,,,,,,,,,,
,Wispr Flow,985496133894370,Video,loser,2026-05-28,2026-05-28,False,230,7,230,,,,,,,,,,,,,,,,,,,,,,
,Wispr Flow,1495051495368238,Image,loser,2026-05-28,2026-05-28,False,231,29,231,,,,,,,,,,,,,,,,,,,,,,
,Wispr Flow,1027111360001443,Video,loser,2026-05-28,2026-05-28,False,232,6,232,,,,,,,,,,,,,,,,,,,,,,
,Wispr Flow,816379641295078,Video,loser,2026-05-28,2026-05-28,False,233,5,233,,,,,,,,,,,,,,,,,,,,,,
,Wispr Flow,1031277119430910,Image,loser,2026-05-28,2026-05-28,False,234,10,234,,,,,,,,,,,,,,,,,,,,,,
,Wispr Flow,2200442530707859,Video,loser,2026-05-28,2026-05-28,False,235,7,235,,,,,,,,,,,,,,,,,,,,,,
,Wispr Flow,991452353289221,Video,loser,2026-05-28,2026-05-28,False,236,10,236,,,,,,,,,,,,,,,,,,,,,,
,Wispr Flow,1522128662969277,Video,loser,2026-05-28,2026-05-28,False,237,7,237,,,,,,,,,,,,,,,,,,,,,,
,Wispr Flow,779017941808368,Image,loser,2026-05-28,2026-05-28,False,238,29,238,,,,,,,,,,,,,,,,,,,,,,
,Wispr Flow,2467773930362439,Video,loser,2026-05-28,2026-05-28,False,239,6,239,,,,,,,,,,,,,,,,,,,,,,
,Wispr Flow,861069807026182,Video,loser,2026-05-28,2026-05-28,False,240,7,240,,,,,,,,,,,,,,,,,,,,,,
,Wispr Flow,1520649129665426,Video,loser,2026-05-28,2026-05-28,False,241,5,241,,,,,,,,,,,,,,,,,,,,,,
,Wispr Flow,1499832728262493,Image,loser,2026-05-28,2026-05-28,False,242,33,242,,,,,,,,,,,,,,,,,,,,,,
,Wispr Flow,3209703732565022,Image,loser,2026-05-28,2026-05-28,False,243,13,243,,,,,,,,,,,,,,,,,,,,,,
,Wispr Flow,1345485144104370,Video,loser,2026-05-28,2026-05-28,False,244,7,244,,,,,,,,,,,,,,,,,,,,,,
,Wispr Flow,2921813558166857,Image,loser,2026-05-28,2026-05-28,False,245,29,245,,,,,,,,,,,,,,,,,,,,,,
,Wispr Flow,1898113890892128,Image,loser,2026-05-28,2026-05-28,False,246,13,246,,,,,,,,,,,,,,,,,,,,,,
,Wispr Flow,2028956641380465,Video,loser,2026-05-28,2026-05-28,False,247,7,247,,,,,,,,,,,,,,,,,,,,,,
,Wispr Flow,2038970610166024,Image,loser,2026-05-28,2026-05-28,False,248,8,248,,,,,,,,,,,,,,,,,,,,,,
,Wispr Flow,4449955445286631,Video,loser,2026-05-28,2026-05-28,False,249,7,249,,,,,,,,,,,,,,,,,,,,,,
,Dan Martell,2046399032578125,Carousel,loser,2026-05-28,2026-05-28,False,250,5,250,,,,,,,,,,,,,,,,,,,,,,
,Wispr Flow,1413499927486042,Video,loser,2026-05-28,2026-05-28,False,251,7,251,,,,,,,,,,,,,,,,,,,,,,
,Wispr Flow,1531644281691946,Image,loser,2026-05-28,2026-05-28,False,252,33,252,,,,,,,,,,,,,,,,,,,,,,
,Wispr Flow,994323369773281,Video,loser,2026-05-28,2026-05-28,False,253,7,253,,,,,,,,,,,,,,,,,,,,,,
,Wispr Flow,1334894005201388,Video,loser,2026-05-28,2026-05-28,False,254,7,254,,,,,,,,,,,,,,,,,,,,,,
,Wispr Flow,883869928058894,Video,loser,2026-05-28,2026-05-28,False,255,7,255,,,,,,,,,,,,,,,,,,,,,,
,Wispr Flow,991614283225178,Video,loser,2026-05-28,2026-05-28,False,256,5,256,,,,,,,,,,,,,,,,,,,,,,
,Wispr Flow,1742474416928086,Video,loser,2026-05-28,2026-05-28,False,257,7,257,,,,,,,,,,,,,,,,,,,,,,
,Wispr Flow,1413543764136761,Video,loser,2026-05-28,2026-05-28,False,258,7,258,,,,,,,,,,,,,,,,,,,,,,
,Wispr Flow,4329482780633323,Video,loser,2026-05-28,2026-05-28,False,259,6,259,,,,,,,,,,,,,,,,,,,,,,
,Wispr Flow,1468669864379536,Video,loser,2026-05-28,2026-05-28,False,260,7,260,,,,,,,,,,,,,,,,,,,,,,
,Wispr Flow,27090274347291909,Video,loser,2026-05-28,2026-05-28,False,261,5,261,,,,,,,,,,,,,,,,,,,,,,
,Dan Martell,932472703114618,Carousel,loser,2026-05-28,2026-05-28,False,262,5,262,,,,,,,,,,,,,,,,,,,,,,
,Wispr Flow,1518962062915602,Video,loser,2026-05-28,2026-05-28,False,263,6,263,,,,,,,,,,,,,,,,,,,,,,
,Wispr Flow,1777829876522997,Video,loser,2026-05-28,2026-05-28,False,264,5,264,,,,,,,,,,,,,,,,,,,,,,
,Wispr Flow,1476251200968359,Video,loser,2026-05-28,2026-05-28,False,265,7,265,,,,,,,,,,,,,,,,,,,,,,
,Wispr Flow,1519449926514198,Image,loser,2026-05-28,2026-05-28,False,266,13,266,,,,,,,,,,,,,,,,,,,,,,
,Wispr Flow,737568652748461,Video,loser,2026-05-28,2026-05-28,False,267,7,267,,,,,,,,,,,,,,,,,,,,,,
,Wispr Flow,984591057764568,Image,loser,2026-05-28,2026-05-28,False,268,13,268,,,,,,,,,,,,,,,,,,,,,,
,Wispr Flow,1610711050015123,Video,loser,2026-05-28,2026-05-28,False,269,10,269,,,,,,,,,,,,,,,,,,,,,,
,Wispr Flow,1511699417218878,Video,loser,2026-05-28,2026-05-28,False,270,6,270,,,,,,,,,,,,,,,,,,,,,,
,Wispr Flow,1493576399191050,Video,loser,2026-05-28,2026-05-28,False,271,7,271,,,,,,,,,,,,,,,,,,,,,,
,Wispr Flow,967575696101853,Video,loser,2026-05-28,2026-05-28,False,272,7,272,,,,,,,,,,,,,,,,,,,,,,
,Wispr Flow,1462024831867901,Video,loser,2026-05-28,2026-05-28,False,273,7,273,,,,,,,,,,,,,,,,,,,,,,
,Wispr Flow,2074295093462029,Image,loser,2026-05-28,2026-05-28,False,274,10,274,,,,,,,,,,,,,,,,,,,,,,
,Wispr Flow,983902797669874,Video,loser,2026-05-28,2026-05-28,False,275,7,275,,,,,,,,,,,,,,,,,,,,,,
,Wispr Flow,1696174794914986,Video,loser,2026-05-28,2026-05-28,False,276,5,276,,,,,,,,,,,,,,,,,,,,,,
,Wispr Flow,1621028679007922,Video,loser,2026-05-28,2026-05-28,False,277,5,277,,,,,,,,,,,,,,,,,,,,,,
,Wispr Flow,1433413138553184,Video,loser,2026-05-28,2026-05-28,False,278,7,278,,,,,,,,,,,,,,,,,,,,,,
,Wispr Flow,1678808119834291,Video,loser,2026-05-28,2026-05-28,False,279,7,279,,,,,,,,,,,,,,,,,,,,,,
,Dion Does Content,2474135039736662,Video,loser,2026-05-28,2026-05-28,False,280,6,280,,,,,,,,,,,,,,,,,,,,,,
,Wispr Flow,1691799135604942,Video,loser,2026-05-28,2026-05-28,False,281,5,281,,,,,,,,,,,,,,,,,,,,,,
,Wispr Flow,1310877167913494,Video,loser,2026-05-28,2026-05-28,False,282,6,282,,,,,,,,,,,,,,,,,,,,,,
,Wispr Flow,1497936665346556,Video,loser,2026-05-28,2026-05-28,False,283,7,283,,,,,,,,,,,,,,,,,,,,,,
,Wispr Flow,27904360405834066,Image,loser,2026-05-28,2026-05-28,False,284,13,284,,,,,,,,,,,,,,,,,,,,,,
,Wispr Flow,1534672114676637,Video,loser,2026-05-28,2026-05-28,False,285,6,285,,,,,,,,,,,,,,,,,,,,,,
,Wispr Flow,1949742758976213,Video,loser,2026-05-28,2026-05-28,False,286,6,286,,,,,,,,,,,,,,,,,,,,,,
,Wispr Flow,1660739288493384,Video,loser,2026-05-28,2026-05-28,False,287,5,287,,,,,,,,,,,,,,,,,,,,,,
,Wispr Flow,983158950746121,Video,loser,2026-05-28,2026-05-28,False,288,6,288,,,,,,,,,,,,,,,,,,,,,,
,Wispr Flow,2027662171162149,Video,loser,2026-05-28,2026-05-28,False,289,6,289,,,,,,,,,,,,,,,,,,,,,,
,Wispr Flow,892492527230932,Video,loser,2026-05-28,2026-05-28,False,290,7,290,,,,,,,,,,,,,,,,,,,,,,
,Wispr Flow,828161967038694,Video,loser,2026-05-28,2026-05-28,False,291,7,291,,,,,,,,,,,,,,,,,,,,,,
,Wispr Flow,947408351458226,Video,loser,2026-05-28,2026-05-28,False,292,5,292,,,,,,,,,,,,,,,,,,,,,,
,Wispr Flow,2868493926832289,Video,loser,2026-05-28,2026-05-28,False,293,7,293,,,,,,,,,,,,,,,,,,,,,,
,Wispr Flow,929557383420921,Video,loser,2026-05-28,2026-05-28,False,294,6,294,,,,,,,,,,,,,,,,,,,,,,
,Wispr Flow,4574721712814597,Video,loser,2026-05-28,2026-05-28,False,295,7,295,,,,,,,,,,,,,,,,,,,,,,
,Wispr Flow,1857049418321058,Video,loser,2026-05-28,2026-05-28,False,296,6,296,,,,,,,,,,,,,,,,,,,,,,
,Wispr Flow,1908577629821787,Video,loser,2026-05-28,2026-05-28,False,297,7,297,,,,,,,,,,,,,,,,,,,,,,
,Wispr Flow,2170903863694343,Video,loser,2026-05-28,2026-05-28,False,298,4,298,,,,,,,,,,,,,,,,,,,,,,
,Wispr Flow,1452497216627357,Image,loser,2026-05-28,2026-05-28,False,299,6,299,,,,,,,,,,,,,,,,,,,,,,
,Wispr Flow,1598311961241782,Video,loser,2026-05-28,2026-05-28,False,300,7,300,,,,,,,,,,,,,,,,,,,,,,
,Wispr Flow,1888658678609655,Video,loser,2026-05-28,2026-05-28,False,301,7,301,,,,,,,,,,,,,,,,,,,,,,
,Wispr Flow,1378435157436690,Video,loser,2026-05-28,2026-05-28,False,302,5,302,,,,,,,,,,,,,,,,,,,,,,
,Wispr Flow,1924902181518532,Video,loser,2026-05-28,2026-05-28,False,303,7,303,,,,,,,,,,,,,,,,,,,,,,
,Wispr Flow,2769795570072002,Video,loser,2026-05-28,2026-05-28,False,304,6,304,,,,,,,,,,,,,,,,,,,,,,
,Wispr Flow,1499125685238269,Video,loser,2026-05-28,2026-05-28,False,305,7,305,,,,,,,,,,,,,,,,,,,,,,
,Wispr Flow,3207293352790207,Video,loser,2026-05-28,2026-05-28,False,306,7,306,,,,,,,,,,,,,,,,,,,,,,
,Wispr Flow,2235266710555783,Video,loser,2026-05-28,2026-05-28,False,307,7,307,,,,,,,,,,,,,,,,,,,,,,
,Wispr Flow,1686884242354492,Video,loser,2026-05-28,2026-05-28,False,308,7,308,,,,,,,,,,,,,,,,,,,,,,
,Wispr Flow,1502335084723654,Video,loser,2026-05-28,2026-05-28,False,309,7,309,,,,,,,,,,,,,,,,,,,,,,
,Wispr Flow,1964986724386543,Video,loser,2026-05-28,2026-05-28,False,310,6,310,,,,,,,,,,,,,,,,,,,,,,
,Wispr Flow,943973065359364,Video,loser,2026-05-28,2026-05-28,False,311,7,311,,,,,,,,,,,,,,,,,,,,,,
,Wispr Flow,2389191254910998,Image,loser,2026-05-28,2026-05-28,False,312,4,312,,,,,,,,,,,,,,,,,,,,,,
,Wispr Flow,992423906715997,Video,loser,2026-05-28,2026-05-28,False,313,7,313,,,,,,,,,,,,,,,,,,,,,,
,Wispr Flow,1477832580746522,Video,loser,2026-05-28,2026-05-28,False,314,5,314,,,,,,,,,,,,,,,,,,,,,,
,Wispr Flow,2147797252827132,Video,loser,2026-05-28,2026-05-28,False,315,7,315,,,,,,,,,,,,,,,,,,,,,,
,Wispr Flow,1549644453183539,Video,loser,2026-05-28,2026-05-28,False,316,7,316,,,,,,,,,,,,,,,,,,,,,,
,Wispr Flow,1295371085523432,Video,loser,2026-05-28,2026-05-28,False,317,6,317,,,,,,,,,,,,,,,,,,,,,,
,Wispr Flow,1549167540129258,Video,loser,2026-05-28,2026-05-28,False,318,6,318,,,,,,,,,,,,,,,,,,,,,,
,Wispr Flow,948729364657598,Video,loser,2026-05-28,2026-05-28,False,319,7,319,,,,,,,,,,,,,,,,,,,,,,
,Wispr Flow,2557690094675307,Video,loser,2026-05-28,2026-05-28,False,320,7,320,,,,,,,,,,,,,,,,,,,,,,
,Wispr Flow,2194651654409607,Video,loser,2026-05-28,2026-05-28,False,321,7,321,,,,,,,,,,,,,,,,,,,,,,
,Wispr Flow,983841690672063,Video,loser,2026-05-28,2026-05-28,False,322,4,322,,,,,,,,,,,,,,,,,,,,,,
,Wispr Flow,1461470485264629,Video,loser,2026-05-28,2026-05-28,False,323,7,323,,,,,,,,,,,,,,,,,,,,,,
,Wispr Flow,1037505808631947,Video,loser,2026-05-28,2026-05-28,False,324,7,324,,,,,,,,,,,,,,,,,,,,,,
,Wispr Flow,816586577939145,Video,loser,2026-05-28,2026-05-28,False,325,7,325,,,,,,,,,,,,,,,,,,,,,,
,Wispr Flow,1295577742655066,Image,loser,2026-05-28,2026-05-28,False,326,6,326,,,,,,,,,,,,,,,,,,,,,,
,Wispr Flow,940462522150429,Video,loser,2026-05-28,2026-05-28,False,327,7,327,,,,,,,,,,,,,,,,,,,,,,
,Wispr Flow,1290223629926787,Video,loser,2026-05-28,2026-05-28,False,328,7,328,,,,,,,,,,,,,,,,,,,,,,
,Wispr Flow,1727545088601187,Video,loser,2026-05-28,2026-05-28,False,329,7,329,,,,,,,,,,,,,,,,,,,,,,
,Wispr Flow,2960873554305370,Video,loser,2026-05-28,2026-05-28,False,330,7,330,,,,,,,,,,,,,,,,,,,,,,
,Wispr Flow,2025050618885441,Video,loser,2026-05-28,2026-05-28,False,331,7,331,,,,,,,,,,,,,,,,,,,,,,
,Wispr Flow,1607584684044291,Video,loser,2026-05-28,2026-05-28,False,332,7,332,,,,,,,,,,,,,,,,,,,,,,
,Wispr Flow,1308475204582398,Video,loser,2026-05-28,2026-05-28,False,333,7,333,,,,,,,,,,,,,,,,,,,,,,
,Wispr Flow,1539875584430396,Video,loser,2026-05-28,2026-05-28,False,334,7,334,,,,,,,,,,,,,,,,,,,,,,
,Wispr Flow,985787091044413,Video,loser,2026-05-28,2026-05-28,False,335,7,335,,,,,,,,,,,,,,,,,,,,,,
,Wispr Flow,953638304177454,Video,loser,2026-05-28,2026-05-28,False,336,7,336,,,,,,,,,,,,,,,,,,,,,,
,Wispr Flow,2060064134862080,Video,loser,2026-05-28,2026-05-28,False,337,6,337,,,,,,,,,,,,,,,,,,,,,,
,Wispr Flow,1342307254418309,Video,loser,2026-05-28,2026-05-28,False,338,7,338,,,,,,,,,,,,,,,,,,,,,,
,Wispr Flow,27398894966383006,Video,loser,2026-05-28,2026-05-28,False,339,4,339,,,,,,,,,,,,,,,,,,,,,,
,Wispr Flow,2547505089034308,Video,loser,2026-05-28,2026-05-28,False,340,7,340,,,,,,,,,,,,,,,,,,,,,,
,Wispr Flow,815625301370555,Video,loser,2026-05-28,2026-05-28,False,341,4,341,,,,,,,,,,,,,,,,,,,,,,
,Wispr Flow,1518858149750346,Video,loser,2026-05-28,2026-05-28,False,342,7,342,,,,,,,,,,,,,,,,,,,,,,
,Wispr Flow,1544130163903814,Video,loser,2026-05-28,2026-05-28,False,343,7,343,,,,,,,,,,,,,,,,,,,,,,
,Wispr Flow,990858730087103,Video,loser,2026-05-28,2026-05-28,False,344,7,344,,,,,,,,,,,,,,,,,,,,,,
,Wispr Flow,2062242474690866,Video,loser,2026-05-28,2026-05-28,False,345,4,345,,,,,,,,,,,,,,,,,,,,,,
,Wispr Flow,1698144861211771,Video,loser,2026-05-28,2026-05-28,False,346,1,346,,,,,,,,,,,,,,,,,,,,,,
,Wispr Flow,963462113257266,Video,loser,2026-05-28,2026-05-28,False,347,7,347,,,,,,,,,,,,,,,,,,,,,,
,Wispr Flow,956292073891297,Image,loser,2026-05-28,2026-05-28,False,348,6,348,,,,,,,,,,,,,,,,,,,,,,
,Wispr Flow,983523291091628,Video,loser,2026-05-28,2026-05-28,False,349,6,349,,,,,,,,,,,,,,,,,,,,,,
,Wispr Flow,2600437180358995,Video,loser,2026-05-28,2026-05-28,False,350,7,350,,,,,,,,,,,,,,,,,,,,,,
,Wispr Flow,1017236537527668,Video,loser,2026-05-28,2026-05-28,False,351,6,351,,,,,,,,,,,,,,,,,,,,,,
,Wispr Flow,2084439705767681,Video,loser,2026-05-28,2026-05-28,False,352,7,352,,,,,,,,,,,,,,,,,,,,,,
,Wispr Flow,1886477468685414,Video,loser,2026-05-28,2026-05-28,False,353,6,353,,,,,,,,,,,,,,,,,,,,,,
,Wispr Flow,2050250089227404,Video,loser,2026-05-28,2026-05-28,False,354,7,354,,,,,,,,,,,,,,,,,,,,,,
,Wispr Flow,958149217222266,Video,loser,2026-05-28,2026-05-28,False,355,7,355,,,,,,,,,,,,,,,,,,,,,,
,Wispr Flow,2238394246914659,Video,loser,2026-05-28,2026-05-28,False,356,7,356,,,,,,,,,,,,,,,,,,,,,,
,Wispr Flow,2033346344252062,Video,loser,2026-05-28,2026-05-28,False,357,6,357,,,,,,,,,,,,,,,,,,,,,,
,Wispr Flow,2533668657085886,Video,loser,2026-05-28,2026-05-28,False,358,4,358,,,,,,,,,,,,,,,,,,,,,,
,Wispr Flow,2015933762609484,Video,loser,2026-05-28,2026-05-28,False,359,7,359,,,,,,,,,,,,,,,,,,,,,,
,Wispr Flow,993997806512770,Video,loser,2026-05-28,2026-05-28,False,360,7,360,,,,,,,,,,,,,,,,,,,,,,
,Wispr Flow,1486233319667270,Video,loser,2026-05-28,2026-05-28,False,361,7,361,,,,,,,,,,,,,,,,,,,,,,
,Click Vibe Media,930919783186924,Image,loser,2026-05-28,2026-05-28,False,362,52,362,,,,,,,,,,,,,,,,,,,,,,
,Wispr Flow,973271205414719,Image,loser,2026-05-28,2026-05-28,False,363,6,363,,,,,,,,,,,,,,,,,,,,,,
,Wispr Flow,1314290944138060,Video,loser,2026-05-28,2026-05-28,False,364,7,364,,,,,,,,,,,,,,,,,,,,,,
,Wispr Flow,1863423987685707,Video,loser,2026-05-28,2026-05-28,False,365,7,365,,,,,,,,,,,,,,,,,,,,,,
,Wispr Flow,1001345232259119,Video,loser,2026-05-28,2026-05-28,False,366,7,366,,,,,,,,,,,,,,,,,,,,,,
,Wispr Flow,1617796385979485,Video,loser,2026-05-28,2026-05-28,False,367,7,367,,,,,,,,,,,,,,,,,,,,,,
,Wispr Flow,844976064839994,Video,loser,2026-05-28,2026-05-28,False,368,7,368,,,,,,,,,,,,,,,,,,,,,,
,Wispr Flow,3235037933341735,Video,loser,2026-05-28,2026-05-28,False,369,7,369,,,,,,,,,,,,,,,,,,,,,,
,Wispr Flow,2384185045437404,Video,loser,2026-05-28,2026-05-28,False,370,7,370,,,,,,,,,,,,,,,,,,,,,,
,Wispr Flow,1628339884888095,Video,loser,2026-05-28,2026-05-28,False,371,7,371,,,,,,,,,,,,,,,,,,,,,,
,Wispr Flow,1309362284501239,Video,loser,2026-05-28,2026-05-28,False,372,7,372,,,,,,,,,,,,,,,,,,,,,,
,Wispr Flow,1000288645783962,Video,loser,2026-05-28,2026-05-28,False,373,6,373,,,,,,,,,,,,,,,,,,,,,,
,Wispr Flow,2548523478938206,Image,loser,2026-05-28,2026-05-28,False,374,6,374,,,,,,,,,,,,,,,,,,,,,,
,Wispr Flow,1372734824906812,Video,loser,2026-05-28,2026-05-28,False,375,7,375,,,,,,,,,,,,,,,,,,,,,,
,Wispr Flow,2032467807619458,Video,loser,2026-05-28,2026-05-28,False,376,7,376,,,,,,,,,,,,,,,,,,,,,,
,Wispr Flow,1289363819981492,Video,loser,2026-05-28,2026-05-28,False,377,7,377,,,,,,,,,,,,,,,,,,,,,,
,Wispr Flow,26717877824551596,Video,loser,2026-05-28,2026-05-28,False,378,7,378,,,,,,,,,,,,,,,,,,,,,,
,Wispr Flow,1281880330819874,Video,loser,2026-05-28,2026-05-28,False,379,6,379,,,,,,,,,,,,,,,,,,,,,,
,Wispr Flow,998480062729694,Video,loser,2026-05-28,2026-05-28,False,380,7,380,,,,,,,,,,,,,,,,,,,,,,
,Wispr Flow,1542232330948541,Video,loser,2026-05-28,2026-05-28,False,381,7,381,,,,,,,,,,,,,,,,,,,,,,
,Wispr Flow,2074116963459232,Video,loser,2026-05-28,2026-05-28,False,382,7,382,,,,,,,,,,,,,,,,,,,,,,
,Wispr Flow,1563409292021287,Video,loser,2026-05-28,2026-05-28,False,383,7,383,,,,,,,,,,,,,,,,,,,,,,
,Wispr Flow,1646075290029714,Video,loser,2026-05-28,2026-05-28,False,384,1,384,,,,,,,,,,,,,,,,,,,,,,
,Wispr Flow,870037275385972,Video,loser,2026-05-28,2026-05-28,False,385,7,385,,,,,,,,,,,,,,,,,,,,,,
,Wispr Flow,1551419969746805,Video,loser,2026-05-28,2026-05-28,False,386,7,386,,,,,,,,,,,,,,,,,,,,,,
,Wispr Flow,2531700740617284,Video,loser,2026-05-28,2026-05-28,False,387,6,387,,,,,,,,,,,,,,,,,,,,,,
,Wispr Flow,1766320354351957,Video,loser,2026-05-28,2026-05-28,False,388,6,388,,,,,,,,,,,,,,,,,,,,,,
,Wispr Flow,1017222057530962,Video,loser,2026-05-28,2026-05-28,False,389,4,389,,,,,,,,,,,,,,,,,,,,,,
,Wispr Flow,1526877048960805,Video,loser,2026-05-28,2026-05-28,False,390,7,390,,,,,,,,,,,,,,,,,,,,,,
,Wispr Flow,1540230911052913,Video,loser,2026-05-28,2026-05-28,False,391,7,391,,,,,,,,,,,,,,,,,,,,,,
,Wispr Flow,977250445165070,Video,loser,2026-05-28,2026-05-28,False,392,6,392,,,,,,,,,,,,,,,,,,,,,,
,Wispr Flow,1506877364384373,Video,loser,2026-05-28,2026-05-28,False,393,7,393,,,,,,,,,,,,,,,,,,,,,,
,Wispr Flow,875398298926655,Video,loser,2026-05-28,2026-05-28,False,394,7,394,,,,,,,,,,,,,,,,,,,,,,
,Wispr Flow,1587705206318336,Video,loser,2026-05-28,2026-05-28,False,395,6,395,,,,,,,,,,,,,,,,,,,,,,
,Wispr Flow,949620311281038,Video,loser,2026-05-28,2026-05-28,False,396,6,396,,,,,,,,,,,,,,,,,,,,,,
,Wispr Flow,2400772063779012,Video,loser,2026-05-28,2026-05-28,False,397,7,397,,,,,,,,,,,,,,,,,,,,,,
,Wispr Flow,1042850444950034,Video,loser,2026-05-28,2026-05-28,False,398,7,398,,,,,,,,,,,,,,,,,,,,,,
,Wispr Flow,1482446469451194,Video,loser,2026-05-28,2026-05-28,False,399,7,399,,,,,,,,,,,,,,,,,,,,,,
,Wispr Flow,2475844162838428,Video,loser,2026-05-28,2026-05-28,False,400,6,400,,,,,,,,,,,,,,,,,,,,,,
,Wispr Flow,1649374036283329,Video,loser,2026-05-28,2026-05-28,False,401,7,401,,,,,,,,,,,,,,,,,,,,,,
,Wispr Flow,1672378080475047,Video,loser,2026-05-28,2026-05-28,False,402,6,402,,,,,,,,,,,,,,,,,,,,,,
,Wispr Flow,1767494654630526,Video,loser,2026-05-28,2026-05-28,False,403,7,403,,,,,,,,,,,,,,,,,,,,,,
,Wispr Flow,1699363347763773,Video,loser,2026-05-28,2026-05-28,False,404,6,404,,,,,,,,,,,,,,,,,,,,,,
,Wispr Flow,1950325292273958,Video,loser,2026-05-28,2026-05-28,False,405,7,405,,,,,,,,,,,,,,,,,,,,,,
,Wispr Flow,1772038357092256,Video,loser,2026-05-28,2026-05-28,False,406,6,406,,,,,,,,,,,,,,,,,,,,,,
,Wispr Flow,2063698844186455,Video,loser,2026-05-28,2026-05-28,False,407,7,407,,,,,,,,,,,,,,,,,,,,,,
,Wispr Flow,989759103922877,Video,loser,2026-05-28,2026-05-28,False,408,7,408,,,,,,,,,,,,,,,,,,,,,,
,Wispr Flow,1703702597645451,Video,loser,2026-05-28,2026-05-28,False,409,6,409,,,,,,,,,,,,,,,,,,,,,,
,Wispr Flow,2220603608682887,Video,loser,2026-05-28,2026-05-28,False,410,7,410,,,,,,,,,,,,,,,,,,,,,,
,Wispr Flow,1571019874379818,Video,loser,2026-05-28,2026-05-28,False,411,6,411,,,,,,,,,,,,,,,,,,,,,,
,Wispr Flow,1534531005061404,Video,loser,2026-05-28,2026-05-28,False,412,7,412,,,,,,,,,,,,,,,,,,,,,,
,Wispr Flow,3837235089905572,Video,loser,2026-05-28,2026-05-28,False,413,6,413,,,,,,,,,,,,,,,,,,,,,,
,Wispr Flow,1691469665609261,Video,loser,2026-05-28,2026-05-28,False,414,7,414,,,,,,,,,,,,,,,,,,,,,,
,Wispr Flow,1231311415597698,Video,loser,2026-05-28,2026-05-28,False,415,6,415,,,,,,,,,,,,,,,,,,,,,,
,Wispr Flow,911767428564079,Video,loser,2026-05-28,2026-05-28,False,416,6,416,,,,,,,,,,,,,,,,,,,,,,
,Wispr Flow,1357334192911322,Video,loser,2026-05-28,2026-05-28,False,417,6,417,,,,,,,,,,,,,,,,,,,,,,
,Wispr Flow,1547426376984036,Video,loser,2026-05-28,2026-05-28,False,418,7,418,,,,,,,,,,,,,,,,,,,,,,
,Wispr Flow,1516876816814846,Video,loser,2026-05-28,2026-05-28,False,419,6,419,,,,,,,,,,,,,,,,,,,,,,
,Wispr Flow,1109622268903320,Video,loser,2026-05-28,2026-05-28,False,420,6,420,,,,,,,,,,,,,,,,,,,,,,
,Wispr Flow,819896004527409,Video,loser,2026-05-28,2026-05-28,False,421,7,421,,,,,,,,,,,,,,,,,,,,,,
,Wispr Flow,1471462244163599,Video,loser,2026-05-28,2026-05-28,False,422,6,422,,,,,,,,,,,,,,,,,,,,,,
,Wispr Flow,2045783839342704,Video,loser,2026-05-28,2026-05-28,False,423,7,423,,,,,,,,,,,,,,,,,,,,,,
,Wispr Flow,4224391227812215,Video,loser,2026-05-28,2026-05-28,False,424,6,424,,,,,,,,,,,,,,,,,,,,,,
,Wispr Flow,1547156103734323,Video,loser,2026-05-28,2026-05-28,False,425,1,425,,,,,,,,,,,,,,,,,,,,,,
,Wispr Flow,958778383738431,Video,loser,2026-05-28,2026-05-28,False,426,7,426,,,,,,,,,,,,,,,,,,,,,,
,Wispr Flow,2318718265321924,Video,loser,2026-05-28,2026-05-28,False,427,7,427,,,,,,,,,,,,,,,,,,,,,,
,Wispr Flow,1524272802396834,Video,loser,2026-05-28,2026-05-28,False,428,7,428,,,,,,,,,,,,,,,,,,,,,,
,Wispr Flow,977302141671203,Video,loser,2026-05-28,2026-05-28,False,429,5,429,,,,,,,,,,,,,,,,,,,,,,
,Wispr Flow,982344277882625,Video,loser,2026-05-28,2026-05-28,False,430,6,430,,,,,,,,,,,,,,,,,,,,,,
,Wispr Flow,1300562598849283,Video,loser,2026-05-28,2026-05-28,False,431,7,431,,,,,,,,,,,,,,,,,,,,,,
,Wispr Flow,2182985802457364,Video,loser,2026-05-28,2026-05-28,False,432,7,432,,,,,,,,,,,,,,,,,,,,,,
,Wispr Flow,3903169566651958,Video,loser,2026-05-28,2026-05-28,False,433,7,433,,,,,,,,,,,,,,,,,,,,,,
,Wispr Flow,1306909370884974,Video,loser,2026-05-28,2026-05-28,False,434,7,434,,,,,,,,,,,,,,,,,,,,,,
,Wispr Flow,1483581310175072,Video,loser,2026-05-28,2026-05-28,False,435,6,435,,,,,,,,,,,,,,,,,,,,,,
,Wispr Flow,2516847602098739,Video,loser,2026-05-28,2026-05-28,False,436,7,436,,,,,,,,,,,,,,,,,,,,,,
,Wispr Flow,2044541756134819,Video,loser,2026-05-28,2026-05-28,False,437,7,437,,,,,,,,,,,,,,,,,,,,,,
,Wispr Flow,818136867756415,Video,loser,2026-05-28,2026-05-28,False,438,7,438,,,,,,,,,,,,,,,,,,,,,,
,Wispr Flow,4104006256521349,Video,loser,2026-05-28,2026-05-28,False,439,7,439,,,,,,,,,,,,,,,,,,,,,,
,Wispr Flow,1688140105969296,Video,loser,2026-05-28,2026-05-28,False,440,7,440,,,,,,,,,,,,,,,,,,,,,,
,Wispr Flow,1746228133221838,Video,loser,2026-05-28,2026-05-28,False,441,7,441,,,,,,,,,,,,,,,,,,,,,,
,Wispr Flow,1267115098511793,Video,loser,2026-05-28,2026-05-28,False,442,6,442,,,,,,,,,,,,,,,,,,,,,,
,Wispr Flow,1657500728699799,Video,loser,2026-05-28,2026-05-28,False,443,7,443,,,,,,,,,,,,,,,,,,,,,,
,Wispr Flow,1322368433364978,Video,loser,2026-05-28,2026-05-28,False,444,6,444,,,,,,,,,,,,,,,,,,,,,,
,Wispr Flow,1359535953018082,Video,loser,2026-05-28,2026-05-28,False,445,6,445,,,,,,,,,,,,,,,,,,,,,,
,Wispr Flow,926320210455807,Video,loser,2026-05-28,2026-05-28,False,446,5,446,,,,,,,,,,,,,,,,,,,,,,
,Wispr Flow,779878878426351,Video,loser,2026-05-28,2026-05-28,False,447,7,447,,,,,,,,,,,,,,,,,,,,,,
,Wispr Flow,1413261284161942,Video,loser,2026-05-28,2026-05-28,False,448,7,448,,,,,,,,,,,,,,,,,,,,,,
,Wispr Flow,1788214782562310,Video,loser,2026-05-28,2026-05-28,False,449,7,449,,,,,,,,,,,,,,,,,,,,,,
,Wispr Flow,1723716478814852,Video,loser,2026-05-28,2026-05-28,False,450,7,450,,,,,,,,,,,,,,,,,,,,,,
,Wispr Flow,821274497407451,Video,loser,2026-05-28,2026-05-28,False,451,7,451,,,,,,,,,,,,,,,,,,,,,,
,Wispr Flow,1644663216752201,Video,loser,2026-05-28,2026-05-28,False,452,7,452,,,,,,,,,,,,,,,,,,,,,,
,Wispr Flow,977926474955194,Video,loser,2026-05-28,2026-05-28,False,453,6,453,,,,,,,,,,,,,,,,,,,,,,
,Wispr Flow,925314090510241,Video,loser,2026-05-28,2026-05-28,False,454,7,454,,,,,,,,,,,,,,,,,,,,,,
,Wispr Flow,1137530259438222,Video,loser,2026-05-28,2026-05-28,False,455,6,455,,,,,,,,,,,,,,,,,,,,,,
,Wispr Flow,1264136165518560,Video,loser,2026-05-28,2026-05-28,False,456,7,456,,,,,,,,,,,,,,,,,,,,,,
,Wispr Flow,1332928282078834,Video,loser,2026-05-28,2026-05-28,False,457,6,457,,,,,,,,,,,,,,,,,,,,,,
,Wispr Flow,907316102331699,Video,loser,2026-05-28,2026-05-28,False,458,7,458,,,,,,,,,,,,,,,,,,,,,,
,Wispr Flow,985523274337639,Video,loser,2026-05-28,2026-05-28,False,459,6,459,,,,,,,,,,,,,,,,,,,,,,
,Wispr Flow,1083502908185516,Video,loser,2026-05-28,2026-05-28,False,460,6,460,,,,,,,,,,,,,,,,,,,,,,
,Wispr Flow,975618998556065,Video,loser,2026-05-28,2026-05-28,False,461,6,461,,,,,,,,,,,,,,,,,,,,,,
,Wispr Flow,864612603337597,Video,loser,2026-05-28,2026-05-28,False,462,6,462,,,,,,,,,,,,,,,,,,,,,,
,Wispr Flow,1867806670557358,Video,loser,2026-05-28,2026-05-28,False,463,6,463,,,,,,,,,,,,,,,,,,,,,,
,Wispr Flow,1614234420296947,Video,loser,2026-05-28,2026-05-28,False,464,6,464,,,,,,,,,,,,,,,,,,,,,,
,Wispr Flow,3272942412907325,Video,loser,2026-05-28,2026-05-28,False,465,7,465,,,,,,,,,,,,,,,,,,,,,,
,Wispr Flow,1635694734306453,Video,loser,2026-05-28,2026-05-28,False,466,7,466,,,,,,,,,,,,,,,,,,,,,,
,Wispr Flow,1351558753558031,Video,loser,2026-05-28,2026-05-28,False,467,7,467,,,,,,,,,,,,,,,,,,,,,,
,Wispr Flow,26873840628945240,Video,loser,2026-05-28,2026-05-28,False,468,6,468,,,,,,,,,,,,,,,,,,,,,,
,Wispr Flow,1703674871049851,Video,loser,2026-05-28,2026-05-28,False,469,1,469,,,,,,,,,,,,,,,,,,,,,,
,Wispr Flow,1859796101658057,Video,loser,2026-05-28,2026-05-28,False,470,6,470,,,,,,,,,,,,,,,,,,,,,,
,Wispr Flow,999229155893489,Video,loser,2026-05-28,2026-05-28,False,471,6,471,,,,,,,,,,,,,,,,,,,,,,
,Wispr Flow,1303984397967191,Video,loser,2026-05-28,2026-05-28,False,472,5,472,,,,,,,,,,,,,,,,,,,,,,
,Wispr Flow,1513422940192478,Video,loser,2026-05-28,2026-05-28,False,473,6,473,,,,,,,,,,,,,,,,,,,,,,
,Wispr Flow,2165995524235758,Video,loser,2026-05-28,2026-05-28,False,474,6,474,,,,,,,,,,,,,,,,,,,,,,
,Wispr Flow,951519644423697,Video,loser,2026-05-28,2026-05-28,False,475,6,475,,,,,,,,,,,,,,,,,,,,,,
,Wispr Flow,2795482860798359,Video,loser,2026-05-28,2026-05-28,False,476,4,476,,,,,,,,,,,,,,,,,,,,,,
110864474787474,Wispr Flow,1724438051929110,Video,winner,2026-06-16,2026-07-13,True,1,32,,1,1,1,1,1,1,1,1,1,1,1,2,2,2,2,2,2,2,2,2,2,2
110864474787474,Wispr Flow,1760375222070126,Image,winner,2026-06-26,2026-07-13,True,1,19,,,,,,,,8,4,4,2,2,1,1,1,1,1,1,1,1,1,1,1
110864474787474,Wispr Flow,849299764904914,Video,winner,2026-06-16,2026-07-13,True,2,32,,2,3,2,2,2,2,2,3,3,4,4,4,4,4,5,5,5,5,5,5,5,5
110864474787474,Wispr Flow,1005206305387671,Video,winner,2026-06-16,2026-07-13,True,2,32,,3,2,3,3,3,3,3,5,5,5,5,5,5,7,7,7,7,7,8,8,8,8
110864474787474,Wispr Flow,1798704751287375,Image,winner,2026-06-25,2026-07-13,True,2,20,,,,,,,8,10,2,2,3,3,3,3,3,3,3,3,3,4,4,4,4
110864474787474,Wispr Flow,1051978690742116,Video,winner,2026-06-25,2026-07-13,True,3,20,,,,,,,7,7,7,7,7,7,7,7,5,4,4,4,4,3,3,3,3
110864474787474,Wispr Flow,1502163374924961,Video,loser,2026-06-16,2026-06-24,False,4,13,,4,6,6,5,5,,,,,,,,,,,,,,,,,
110864474787474,Wispr Flow,1034617109315250,Video,winner,2026-06-16,2026-07-13,True,4,32,,5,5,4,4,4,4,4,6,6,6,6,6,6,6,6,6,6,6,6,6,7,7
110864474787474,Wispr Flow,1299327432353416,Video,winner,2026-06-16,2026-07-13,True,4,32,,6,4,5,6,6,5,5,8,8,8,8,8,8,9,9,9,10,10,12,12,12,12
110864474787474,Wispr Flow,2327121097820412,Video,winner,2026-06-16,2026-07-13,True,6,32,,7,7,7,7,7,6,6,9,9,9,9,9,9,8,8,8,9,9,9,9,10,10
110864474787474,Wispr Flow,1021652673555665,Video,undecided,2026-07-02,2026-07-13,True,6,13,,,,,,,,,,,,,34,34,16,11,11,8,8,7,7,6,6
110864474787474,Wispr Flow,1522960312960160,Image,winner,2026-06-26,2026-07-13,True,9,19,,,,,,,,9,10,10,11,11,12,12,13,15,15,19,19,20,20,18,18
110864474787474,Wispr Flow,1002529055904133,Image,winner,2026-06-26,2026-07-13,True,9,19,,,,,,,,13,16,16,17,17,14,14,12,13,13,14,14,11,11,9,9
110864474787474,Wispr Flow,1027337319877150,Image,winner,2026-06-26,2026-07-13,True,10,19,,,,,,,,12,15,15,12,12,11,11,10,12,12,12,12,14,14,13,13
110864474787474,Wispr Flow,1349556383997929,Image,winner,2026-06-26,2026-07-13,True,10,19,,,,,,,,15,11,11,10,10,10,10,11,14,14,16,16,18,18,16,16
110864474787474,Wispr Flow,993069553631065,Video,loser,2026-07-02,2026-07-11,False,10,11,,,,,,,,,,,,,39,39,14,10,10,11,11,10,10,,
110864474787474,Wispr Flow,3641404452683782,Image,winner,2026-06-26,2026-07-13,True,11,19,,,,,,,,11,12,12,13,13,13,13,15,19,19,23,23,23,23,21,21
110864474787474,Wispr Flow,978023111708983,Video,undecided,2026-07-02,2026-07-13,True,11,13,,,,,,,,,,,,,66,66,38,16,16,13,13,13,13,11,11
110864474787474,Wispr Flow,27348639248125430,Image,winner,2026-06-26,2026-07-13,True,13,19,,,,,,,,31,13,13,16,16,16,16,18,25,25,25,25,29,29,24,24
110864474787474,Wispr Flow,1003727858957538,Image,winner,2026-06-26,2026-07-13,True,14,19,,,,,,,,14,20,20,24,24,28,28,32,37,37,41,41,43,43,35,35
110864474787474,Wispr Flow,2420504058445837,Image,winner,2026-06-26,2026-07-13,True,14,19,,,,,,,,16,17,17,14,14,17,17,17,23,23,24,24,25,25,22,22
110864474787474,Wispr Flow,938508952538638,Image,winner,2026-06-26,2026-07-13,True,14,19,,,,,,,,17,14,14,15,15,15,15,19,27,27,30,30,30,30,23,23
110864474787474,Wispr Flow,1453568586537172,Video,undecided,2026-07-02,2026-07-13,True,14,13,,,,,,,,,,,,,55,55,33,18,18,15,15,16,16,14,14
110864474787474,Wispr Flow,2015887672355419,Video,loser,2026-07-02,2026-07-11,False,15,11,,,,,,,,,,,,,38,38,42,22,22,17,17,15,15,,
110864474787474,Wispr Flow,1560963999146409,Video,undecided,2026-07-02,2026-07-13,True,15,13,,,,,,,,,,,,,48,48,26,17,17,18,18,17,17,15,15
110864474787474,Wispr Flow,2275489369526488,Image,winner,2026-06-26,2026-07-13,True,17,19,,,,,,,,28,23,23,19,19,22,22,27,24,24,21,21,21,21,17,17
110864474787474,Wispr Flow,1984169145874164,Image,loser,2026-06-26,2026-06-26,False,18,2,,,,,,,,18,,,,,,,,,,,,,,,
110864474787474,Wispr Flow,1945116339631853,Image,winner,2026-06-26,2026-07-13,True,18,19,,,,,,,,25,18,18,18,18,18,18,21,30,30,35,35,32,32,31,31
110864474787474,Wispr Flow,4328943554038266,Image,winner,2026-06-26,2026-07-13,True,19,19,,,,,,,,19,27,27,29,29,30,30,30,33,33,31,31,35,35,25,25
110864474787474,Wispr Flow,1079023641751108,Image,winner,2026-06-26,2026-07-13,True,19,19,,,,,,,,22,32,32,22,22,19,19,22,31,31,34,34,33,33,28,28
110864474787474,Wispr Flow,1021919940229138,Image,winner,2026-06-26,2026-07-13,True,19,19,,,,,,,,35,19,19,20,20,21,21,20,28,28,28,28,31,31,27,27
110864474787474,Wispr Flow,1613009160830912,Video,loser,2026-07-02,2026-07-11,False,19,11,,,,,,,,,,,,,35,35,25,20,20,20,20,19,19,,
110864474787474,Wispr Flow,2224530435067193,Video,undecided,2026-07-02,2026-07-13,True,19,13,,,,,,,,,,,,,64,64,45,39,39,33,33,24,24,19,19
110864474787474,Wispr Flow,2016767815639042,Image,winner,2026-06-26,2026-07-13,True,20,19,,,,,,,,20,30,30,27,27,27,27,35,41,41,39,39,41,41,33,33
110864474787474,Wispr Flow,919884424465438,Image,winner,2026-06-26,2026-07-13,True,20,19,,,,,,,,32,24,24,21,21,20,20,24,32,32,36,36,36,36,29,29
110864474787474,Wispr Flow,2041279759849850,Video,undecided,2026-07-02,2026-07-13,True,20,13,,,,,,,,,,,,,65,65,29,26,26,26,26,27,27,20,20
110864474787474,Wispr Flow,1081367241232780,Image,winner,2026-06-26,2026-07-13,True,21,19,,,,,,,,21,29,29,26,26,24,24,34,40,40,43,43,44,44,36,36
110864474787474,Wispr Flow,1506295654572352,Image,winner,2026-06-26,2026-07-13,True,21,19,,,,,,,,24,21,21,23,23,23,23,31,35,35,38,38,42,42,34,34
110864474787474,Wispr Flow,1694141195170963,Video,loser,2026-07-02,2026-07-11,False,21,11,,,,,,,,,,,,,37,37,28,21,21,22,22,22,22,,
110864474787474,Wispr Flow,1017221324610288,Image,winner,2026-06-26,2026-07-13,True,22,19,,,,,,,,27,22,22,28,28,26,26,36,42,42,46,46,47,47,39,39
110864474787474,Wispr Flow,1027531709677491,Image,winner,2026-06-26,2026-07-13,True,23,19,,,,,,,,23,26,26,25,25,25,25,23,29,29,32,32,34,34,30,30
110864474787474,Wispr Flow,27409361862024604,Image,winner,2026-06-26,2026-07-13,True,25,19,,,,,,,,30,25,25,32,32,31,31,40,45,45,45,45,45,45,37,37
110864474787474,Wispr Flow,999158776435786,Image,winner,2026-06-26,2026-07-13,True,26,19,,,,,,,,26,28,28,30,30,29,29,37,44,44,48,48,48,48,40,40
110864474787474,Wispr Flow,1540431394421747,Video,loser,2026-07-02,2026-07-11,False,26,11,,,,,,,,,,,,,62,62,53,38,38,27,27,26,26,,
110864474787474,Wispr Flow,1405864931180510,Video,undecided,2026-07-02,2026-07-13,True,26,13,,,,,,,,,,,,,67,67,46,49,49,42,42,40,40,26,26
110864474787474,Wispr Flow,2072806140299148,Video,loser,2026-07-02,2026-07-11,False,28,11,,,,,,,,,,,,,43,43,39,34,34,29,29,28,28,,
110864474787474,Wispr Flow,881442491671596,Image,winner,2026-06-26,2026-07-13,True,29,19,,,,,,,,29,31,31,31,31,32,32,41,46,46,47,47,46,46,38,38
110864474787474,Wispr Flow,2110693476156243,Video,undecided,2026-07-02,2026-07-13,True,32,13,,,,,,,,,,,,,68,68,49,36,36,40,40,38,38,32,32
110864474787474,Wispr Flow,2024423071512210,Image,winner,2026-06-26,2026-07-13,True,33,19,,,,,,,,33,33,33,34,34,33,33,43,47,47,49,49,51,51,41,41
110864474787474,Wispr Flow,1553150326418901,Image,winner,2026-06-26,2026-07-13,True,33,19,,,,,,,,34,34,34,33,33,36,36,51,53,53,55,55,55,55,43,43
110864474787474,Wispr Flow,1444882290807739,Video,loser,2026-07-02,2026-07-11,False,37,11,,,,,,,,,,,,,54,54,50,43,43,37,37,39,39,,
110864474787474,Wispr Flow,894452810350732,Video,loser,2026-07-02,2026-07-11,False,37,11,,,,,,,,,,,,,59,59,66,57,57,44,44,37,37,,
110864474787474,Wispr Flow,1556859212889121,Video,loser,2026-07-02,2026-07-11,False,40,11,,,,,,,,,,,,,40,40,57,58,58,60,60,60,60,,
110864474787474,Wispr Flow,2260025234801320,Video,loser,2026-07-02,2026-07-11,False,41,11,,,,,,,,,,,,,41,41,44,48,48,51,51,52,52,,
110864474787474,Wispr Flow,1000446369547521,Video,loser,2026-07-02,2026-07-11,False,42,11,,,,,,,,,,,,,42,42,48,51,51,53,53,54,54,,
110864474787474,Wispr Flow,4435658483366549,Video,undecided,2026-07-02,2026-07-13,True,42,13,,,,,,,,,,,,,61,61,65,65,65,56,56,56,56,42,42
110864474787474,Wispr Flow,26865194519827254,Video,loser,2026-07-02,2026-07-11,False,44,11,,,,,,,,,,,,,44,44,59,60,61,63,63,63,63,,
110864474787474,Wispr Flow,1046170161343585,Video,new,2026-07-13,2026-07-13,True,44,2,,,,,,,,,,,,,,,,,,,,,,,44
110864474787474,Wispr Flow,1734613354206056,Video,loser,2026-07-02,2026-07-11,False,45,11,,,,,,,,,,,,,45,45,47,50,50,52,52,50,50,,
110864474787474,Wispr Flow,853910447569286,Video,new,2026-07-13,2026-07-13,True,45,2,,,,,,,,,,,,,,,,,,,,,,,45
110864474787474,Wispr Flow,1333090995116717,Video,loser,2026-07-02,2026-07-11,False,46,11,,,,,,,,,,,,,46,46,52,54,54,57,57,57,57,,
110864474787474,Wispr Flow,1063587269925223,Video,new,2026-07-13,2026-07-13,True,46,2,,,,,,,,,,,,,,,,,,,,,,,46
110864474787474,Wispr Flow,1411920554097453,Video,loser,2026-07-02,2026-07-11,False,47,11,,,,,,,,,,,,,47,47,55,52,52,50,50,49,49,,
110864474787474,Wispr Flow,1539687641505367,Video,new,2026-07-13,2026-07-13,True,47,2,,,,,,,,,,,,,,,,,,,,,,,47
110864474787474,Wispr Flow,1006057622323852,Video,new,2026-07-13,2026-07-13,True,48,2,,,,,,,,,,,,,,,,,,,,,,,48
110864474787474,Wispr Flow,1057304930053591,Video,loser,2026-07-02,2026-07-11,False,49,11,,,,,,,,,,,,,49,49,63,62,60,61,61,61,61,,
110864474787474,Wispr Flow,1911840256162372,Video,new,2026-07-13,2026-07-13,True,49,2,,,,,,,,,,,,,,,,,,,,,,,49
110864474787474,Wispr Flow,1015698254201797,Video,loser,2026-07-02,2026-07-11,False,50,11,,,,,,,,,,,,,50,50,56,59,59,62,62,62,62,,
110864474787474,Wispr Flow,1044681844723201,Video,new,2026-07-13,2026-07-13,True,50,2,,,,,,,,,,,,,,,,,,,,,,,50
110864474787474,Wispr Flow,1563150208499852,Video,loser,2026-07-02,2026-07-11,False,51,11,,,,,,,,,,,,,51,51,62,64,64,65,65,65,65,,
110864474787474,Wispr Flow,1083491307541036,Video,new,2026-07-13,2026-07-13,True,51,2,,,,,,,,,,,,,,,,,,,,,,,51
110864474787474,Wispr Flow,1050669637314755,Video,loser,2026-07-02,2026-07-11,False,52,11,,,,,,,,,,,,,52,52,60,63,63,59,59,59,59,,
110864474787474,Wispr Flow,1722035289142196,Video,new,2026-07-13,2026-07-13,True,52,2,,,,,,,,,,,,,,,,,,,,,,,52
110864474787474,Wispr Flow,1570223347988748,Video,loser,2026-07-02,2026-07-11,False,53,11,,,,,,,,,,,,,53,53,61,55,55,54,54,53,53,,
110864474787474,Wispr Flow,1506529434041835,Video,new,2026-07-13,2026-07-13,True,53,2,,,,,,,,,,,,,,,,,,,,,,,53
110864474787474,Wispr Flow,998932696075910,Video,loser,2026-07-02,2026-07-11,False,54,11,,,,,,,,,,,,,56,56,54,56,56,58,58,58,58,,
110864474787474,Wispr Flow,1265070633352017,Video,new,2026-07-13,2026-07-13,True,54,2,,,,,,,,,,,,,,,,,,,,,,,54
110864474787474,Wispr Flow,791491180657078,Video,new,2026-07-13,2026-07-13,True,55,2,,,,,,,,,,,,,,,,,,,,,,,55
110864474787474,Wispr Flow,909304835543708,Video,new,2026-07-13,2026-07-13,True,56,2,,,,,,,,,,,,,,,,,,,,,,,56
110864474787474,Wispr Flow,1047032087994031,Video,loser,2026-07-02,2026-07-11,False,57,11,,,,,,,,,,,,,57,57,64,66,66,66,66,66,66,,
110864474787474,Wispr Flow,1037896822268143,Video,new,2026-07-13,2026-07-13,True,57,2,,,,,,,,,,,,,,,,,,,,,,,57
110864474787474,Wispr Flow,1569807621441987,Video,loser,2026-07-02,2026-07-11,False,58,11,,,,,,,,,,,,,58,58,68,68,68,68,68,68,68,,
110864474787474,Wispr Flow,2000784557228964,Video,loser,2026-07-02,2026-07-11,False,58,11,,,,,,,,,,,,,63,63,58,61,62,64,64,64,64,,
110864474787474,Wispr Flow,869261012542439,Video,new,2026-07-13,2026-07-13,True,58,2,,,,,,,,,,,,,,,,,,,,,,,58
110864474787474,Wispr Flow,1018832087208592,Video,new,2026-07-13,2026-07-13,True,59,2,,,,,,,,,,,,,,,,,,,,,,,59
110864474787474,Wispr Flow,1230405006821118,Video,loser,2026-07-02,2026-07-11,False,60,11,,,,,,,,,,,,,60,60,67,67,67,67,67,67,67,,
110864474787474,Wispr Flow,2250509392383244,Video,new,2026-07-13,2026-07-13,True,60,2,,,,,,,,,,,,,,,,,,,,,,,60
