ad_id,version_index,creative_index,video_resolution,video_bitrate,duration_s
4210298219220133,0,0,720x1280,526107,70.46
1236764688618209,0,0,720x1280,926905,47.47
809446541711698,0,0,720x1280,568953,51.63
2495643760892894,0,0,720x1280,795600,52.05
1294872372199763,0,0,720x1280,891278,19.65
1919377688693567,0,0,720x1280,568953,51.63
1023669149983656,0,0,720x1280,912819,30.51
1274548481445067,0,0,720x1280,978498,36.99
919585814171318,0,0,720x1280,773174,59.82
1647227479627567,0,0,720x1280,978498,36.99
1810831836593995,0,0,720x1280,831635,48.75
914613221634852,0,0,720x1280,1783647,28.99
1518609409895801,0,0,720x1280,705929,56.75
1578225453239300,0,0,720x1280,645236,46.65
1484981409690710,0,0,720x1280,759848,63.19
913058388118205,0,0,720x1280,1417320,38.78
2292254317849120,0,0,720x1280,833709,49.94
1905332703463761,0,0,720x1280,912449,35.22
953700823835519,0,0,720x1280,907227,57.68
2187985138676728,0,0,720x1280,495244,50.75
1683000729728094,0,0,720x1280,1153476,50.47
1458753742284301,0,0,720x1280,1417320,38.78
1343882707556162,0,0,720x1280,937756,32.04
1604765177255190,0,0,720x1280,1179764,51.45
1829800937707633,0,0,720x1280,772068,59.73
1462832258740074,0,0,720x1280,1255965,30.95
1467014958458046,0,0,720x1280,978498,36.99
2057001265231638,0,0,720x1280,1337471,53.59
810472615431061,0,0,720x1280,791314,31.89
1298245581656069,0,0,720x1280,811167,38.48
830630363447590,0,0,720x1280,773174,59.82
1532870848513933,0,0,720x1280,833709,49.94
929154296271675,0,0,720x1280,973493,49.13
969734745982277,0,0,720x1280,1057278,47.83
1499961814988586,0,0,720x1280,568953,51.63
1419600269364944,0,0,720x1280,1071273,30.93
1278317400866683,0,0,720x1280,891704,41.32
1292326936145402,0,0,720x1280,758687,72.28
1617673956086851,0,0,720x1280,526107,70.46
1338305161448886,0,0,720x1280,1238867,58.41
1463906051777866,0,0,720x1280,1006958,49.41
2487315125067028,0,0,720x1280,1135770,50.15
1487023816479013,0,0,720x1280,536902,89.62
1455378906628645,0,0,720x1280,831635,48.75
1863526424308213,0,0,720x1280,1760601,34.28
2003944776864759,0,0,720x1280,1151231,28.41
2459306031182517,0,0,720x1280,1060457,37.12
2187708092043586,0,0,720x1280,855517,56.11
1824308365205197,0,0,720x1280,495244,50.75
2197503414415259,0,0,720x1280,758687,72.28
1594922091609640,0,0,720x1280,795600,52.05
1035109305515805,0,0,720x1280,1009628,50.24
929288733053067,0,0,720x1280,671418,50.79
1325799632693917,0,0,720x1280,705929,56.75
1746108369700883,0,0,720x1280,907227,57.68
874393612311582,0,0,720x1280,867200,32.55
2193157824835756,0,0,720x1280,773174,59.82
990996126922306,0,0,720x1280,1227744,63.49
2712415449113415,0,0,720x1280,729286,41.53
1699912787830703,0,0,720x1280,644835,44.73
928632976569232,0,0,720x1280,788160,37.14
1465320305236974,0,0,720x1280,536902,89.62
782153618005907,0,0,720x1280,886574,39.98
1903321843662651,0,0,720x1280,891278,19.65
26877970818456137,0,0,720x1280,800637,73.49
1320392123333597,0,0,720x1280,1296818,34.71
2160250698081128,0,0,720x1280,1065191,47.74
828046342935469,0,0,720x1280,495244,50.75
1004651578734246,0,0,720x1280,1760601,34.28
1301191668579559,0,0,720x1280,1346080,29.14
2003381777282440,0,0,720x1280,1051263,66.41
956393793873937,0,0,720x1280,833709,49.94
1003719535314984,0,0,720x1280,795600,52.05
971282695488880,0,0,720x1280,457791,24.25
982746181255847,0,0,720x1280,885068,52.99
2212675122600323,0,0,720x1280,972098,29.14
1508591900887307,0,0,720x1280,896986,51.84
1654263695604399,0,0,720x1280,1165364,49.49
1637815324305283,0,0,720x1280,915781,29.08
750870274716392,0,0,720x1280,1827798,41.45
1429230722184560,0,0,720x1280,870193,32.19
1471379488011997,0,0,720x1280,1776545,69.55
973508128751973,0,0,720x1280,899905,39.32
2626594457734328,0,0,720x1280,536902,89.62
1289366703285101,0,0,720x1280,1483687,40.75
821110864071081,0,0,720x1280,849834,53.29
1649114436359491,0,0,720x1280,831635,48.75
1691809848507615,0,0,720x1280,1048672,19.16
1706610454090939,0,0,720x1280,739918,42.41
1478931053614763,0,0,720x1280,982067,60.53
1212127940752948,0,0,720x1280,495244,50.75
1614741389625403,0,0,720x1280,1180582,32.25
1630939561247763,0,0,720x1280,1000571,32.08
2397605794050606,0,0,720x1280,1097347,33.58
2765895983774795,0,0,720x1280,857389,49.15
1307849048060522,0,0,720x1280,758687,72.28
1989886525288548,0,0,720x1280,1068852,40.87
1286729530256052,0,0,720x1280,644835,44.73
1285831290406325,0,0,720x1280,952269,28.99
1478654923647189,0,0,720x1280,926905,47.47
1626121971865132,0,0,720x1280,907227,57.68
2187419395358283,0,0,720x1280,916406,28.2
1242366044736854,0,0,720x1280,629308,36.29
826432333386014,0,0,720x1280,1154488,27.09
2387899661694831,0,0,720x1280,795600,52.05
989986120264986,0,0,720x1280,997591,41.92
1347488020552162,0,0,720x1280,893379,26.9
1620376385881859,0,0,720x1280,1417320,38.78
1866932230635827,0,0,720x1280,1048672,19.16
746424205071026,0,0,720x1280,1409005,30.11
1653210032495777,0,0,720x1280,1547511,34.71
1264519888531888,0,0,720x1280,598413,68.12
1314307757419045,0,0,720x1280,638556,50.11
1770363464324959,0,0,720x1280,973137,53.29
3008300169365904,0,0,720x1280,1002558,35.24
859137023885126,0,0,720x1280,1328287,50.75
1467122958239207,0,0,720x1280,2060558,59.11
960956759748865,0,0,720x1280,746478,8.85
1717411569667579,0,0,720x1280,978498,36.99
742213492260575,0,0,720x1280,1500152,47.04
2055592285000447,0,0,720x1280,800637,73.49
1420757516152319,0,0,720x1280,814212,65.9
1539756771201455,0,0,720x1280,1044728,39.91
2399884270494026,0,0,720x1280,2111088,26.28
1588105538932312,0,0,720x1280,733536,37.12
2091651081684278,0,0,720x1280,1061360,24.57
1708863120542000,0,0,720x1280,498695,54.14
1942366103150412,0,0,720x1280,1323183,31.21
1962373651339452,0,0,720x1280,672987,85.12
1523637609344603,0,0,720x1280,1009628,50.24
1271807964925842,0,0,720x1280,495244,50.75
1293430818987867,0,0,720x1280,705929,56.75
2302627590232724,0,0,720x1280,1102870,34.69
4423694127908972,0,0,720x1280,1328287,50.75
2529987434101574,0,0,720x1280,1208869,31.83
26500345142960290,0,0,720x1280,1385498,28.91
4692336211033556,0,0,720x1280,1009628,50.24
2452799651819967,0,0,720x1280,705929,56.75
2276309532904433,0,0,720x1280,833709,49.94
1530231268517968,0,0,720x1280,703333,55.79
1315278853860233,0,0,720x1280,737046,63.79
1490811412668874,0,0,720x1280,1071602,45.82
2209407279828265,0,0,720x1280,899162,42.81
1910847972970449,0,0,720x1280,1212694,33.85
1441789124160984,0,0,720x1280,800637,73.49
2776880132659566,0,0,720x1280,1358184,41.56
939608312302127,0,0,720x1280,1159034,35.16
1609972700062447,0,0,720x1280,1161250,44.35
1530439098436504,0,0,720x1280,1295050,33.45
2378305412681631,0,0,720x1280,1160611,48.32
1370927334845390,0,0,720x1280,891278,19.65
27290206770667258,0,0,720x1280,848062,57.39
1622316815528717,0,0,720x1280,644835,44.73
27312994971640756,0,0,720x1280,492803,191.27
985312770873625,0,0,720x1280,498695,54.14
4336764726641466,0,0,720x1280,644843,52.73
1227122602738586,0,0,720x1280,1065695,23.44
1568040264293931,0,0,720x1280,1295366,43.45
1470843210799466,0,0,720x1280,1135770,50.15
4579746415644559,0,0,720x1280,885315,28.78
1638603650681901,0,0,720x1280,1185475,25.15
1628742508669950,0,0,720x1280,1051048,30.01
2121614641744252,0,0,720x1280,1038820,66.17
4459719324263987,0,0,720x1280,1150450,59.24
1606083887290831,0,0,720x1280,536902,89.62
1129305642655282,0,0,720x1280,450353,57.58
959052360353565,0,0,720x1280,1783647,28.99
1601587284252288,0,0,720x1280,826326,49.39
1651364626065468,0,0,720x1280,1689774,41.68
1455494769217666,0,0,720x1280,1002684,51.71
1280510130862115,0,0,720x1280,277023,67.58
1666186587861287,0,0,720x1280,1827798,41.45
1520336123110661,0,0,720x1280,791736,20.78
1680723016283648,0,0,720x1280,985303,58.58
807034821685948,0,0,720x1280,1153358,59.09
949263154633774,0,0,720x1280,800637,73.49
1463703209122858,0,0,720x1280,1108371,14.55
916573367889182,0,0,720x1280,812216,42.62
1015363504486020,0,0,720x1280,644835,44.73
1947479269512510,0,0,720x1280,955774,33.92
1521260382932826,0,0,720x1280,375899,61.05
1500426661589445,0,0,720x1280,705929,56.75
3965412450258955,0,0,720x1280,850993,43.28
1322744639755965,0,0,720x1280,933239,52.54
992334193289614,0,0,720x1280,1057278,47.83
1431473318131548,0,0,720x1280,915781,29.08
4313351258910187,0,0,720x1280,976532,31.15
968622909066343,0,0,720x1280,758687,72.28
1405230281623570,0,0,720x1280,943594,32.66
705794385890226,0,0,720x1280,457799,43.2
1995592874641198,0,0,720x1280,1760919,52.84
1658711432116969,0,0,720x1280,1090935,49.28
947506234652795,0,0,720x1280,2769775,57.41
1495407728856561,0,0,720x1280,1385781,53.42
1281378333413448,0,0,720x1280,1033314,86.59
921850710723400,0,0,720x1280,1071602,45.82
866302806504191,0,0,720x1280,912819,30.51
1003248342235659,0,0,720x1280,644835,44.73
942633635178774,0,0,720x1280,644843,52.73
1345343977409186,0,0,720x1280,975413,25.9
1010624641345110,0,0,720x1280,1009628,50.24
2088470005267498,0,0,720x1280,885068,52.99
934221722543718,0,0,720x1280,536902,89.62
2428302261018727,0,0,720x1280,849834,53.29
2827512444247406,0,0,720x1280,720578,50.45
1634596240921014,0,0,720x1280,937756,32.04
837153365685876,0,0,720x1280,2111088,26.28
2121227375086598,0,0,720x720,624864,41.28
1456489775973937,0,0,720x1280,828650,56.19
795836983249916,0,0,720x1280,899162,42.81
1592301229332646,0,0,720x1280,2111088,26.28
811009854797079,0,0,720x1280,1040144,38.74
2070373570188595,0,0,720x1280,1135770,50.15
1203928548386984,0,0,720x1280,891278,19.65
1764981477809750,0,0,720x1280,1051263,66.41
1875316373174565,0,0,720x1280,1304407,34.86
1486895715778238,0,0,720x1280,1002684,51.71
1985957042274440,0,0,720x1280,776273,32.67
1331012325538734,0,0,720x1280,875933,49.11
1224918086193675,0,0,720x1280,888890,26.9
1433463448462695,0,0,720x1280,644843,52.73
2076956256589089,0,0,720x1280,848062,57.39
1536680921225179,0,0,720x1280,791736,20.78
2015938819317138,0,0,720x1280,1602979,45.29
1543430324019962,0,0,720x1280,831635,48.75
3081854985538533,0,0,720x1280,1006958,49.41
787191001127991,0,0,720x1280,811498,35.54
3989397097863539,0,0,720x1280,1341804,66.47
1484045400015832,0,0,720x1280,1092647,37.22
1560434122167033,0,0,720x1280,800637,73.49
1276393614386637,0,0,720x1280,1172906,72.51
1669002574241061,0,0,720x1280,1238867,58.41
2314753332335203,0,0,720x1280,1462410,39.87
1509398264054775,0,0,720x1280,973572,45.99
1711130029905009,0,0,720x1280,1483687,40.75
26659524697044325,0,0,720x1280,1017164,61.12
1739199627266969,0,0,720x1280,1827798,41.45
944584511642715,0,0,720x1280,958283,66.9
993558049787194,0,0,720x1280,885315,28.78
948102247969480,0,0,720x1280,1097347,33.58
1485119189949790,0,0,720x1280,375899,61.05
1709243003542256,0,0,720x1280,1179764,51.45
2819469955061376,0,0,720x1280,1537177,39.74
1596918468180759,0,0,720x1280,961808,40.55
2016029852643642,0,0,720x1280,741576,23.05
1451238069802927,0,0,720x1280,1929854,31.23
1006339081731432,0,0,720x1280,943259,40.53
1796581764649740,0,0,720x1280,1154758,36.37
4360532544221904,0,0,720x1280,1071602,45.82
2379080592572632,0,0,720x1280,1314144,51.28
821618137635352,0,0,720x1280,1071273,30.93
1868630073705991,0,0,720x1280,808524,32.36
1218021356745535,0,0,720x1280,907227,57.68
1401902647937495,0,0,720x1280,277023,67.58
1313251437526813,0,0,720x1280,457799,43.2
1478416939939741,0,0,720x1280,1855310,31.36
1690288165491901,0,0,720x1280,388504,65.9
4390605991210193,0,0,720x1280,2257563,28.37
1700085264501741,0,0,720x1280,1827798,41.45
1219340386634401,0,0,720x1280,1358184,41.56
926009359893772,0,0,720x1280,1054484,52.76
26278682328431057,0,0,720x1280,1125626,53.61
1014042748128782,0,0,720x1280,1518935,40.92
2823515984648506,0,0,720x1280,629308,36.29
1195821235715911,0,0,720x1280,1198847,36.52
1326096859611351,0,0,720x1280,1033314,86.59
793690836766387,0,0,720x1280,2799175,33.79
999638893239027,0,0,720x1280,776273,32.67
924262160239210,0,0,720x1280,1621331,42.45
1339833164866055,0,0,720x1280,1721130,56.23
1622507415558676,0,0,720x1280,1021860,51.71
1727118561628310,0,0,720x1280,1002684,51.71
1649433082992165,0,0,720x1280,936358,47.15
1561720772037299,0,0,720x1280,424479,61.61
1457288369432786,0,0,720x1280,1649523,49.32
956403490251878,0,0,720x1280,450353,57.58
966723839225566,0,0,720x1280,629308,36.29
2451096275411627,0,0,720x1280,1188770,43.88
1535372884822703,0,0,720x1280,899735,29.99
3857284184581387,0,0,720x1280,1208869,31.83
1500805688153912,0,0,720x1280,739918,42.41
1915691329071893,0,0,720x1280,789935,62.3
25786060331062685,0,0,720x1280,866489,6.95
996364509503732,0,0,720x1280,664225,59.45
26934101952860497,0,0,720x1280,1346080,29.14
1620491635933671,0,0,720x1280,723638,42.47
919532227571116,0,0,720x1280,1102806,55.66
926061870295157,0,0,720x1280,867424,36.22
1306358368312161,0,0,720x1280,910174,40.64
1604785474162240,0,0,720x1280,1689774,41.68
1967935713800436,0,0,720x1280,776765,34.75
884633817515736,0,0,720x1280,1202641,24.12
2766863023656792,0,0,720x1280,1291441,41.56
936653912069346,0,0,720x1280,978498,36.99
2162696541198042,0,0,720x1280,1425209,37.69
1000700585621663,0,0,720x1280,1855310,31.36
1816838959704190,0,0,720x1280,1102870,34.69
1505743891180697,0,0,720x1280,943594,32.66
776162075567159,0,0,720x1280,931362,47.91
2459081154523683,0,0,720x1280,1296818,34.71
24844316141933002,0,0,720x1280,2060558,59.11
1254804086634998,0,0,720x1280,330294,73.56
943464778173601,0,0,720x1280,996089,78.36
3305640266285189,0,0,720x1280,1071602,45.82
1539028177185374,0,0,720x1280,1036440,42.28
891598777054338,0,0,720x1280,1000571,32.08
789122750339119,0,0,720x1280,1462410,39.87
1728653804970842,0,0,720x1280,495930,25.0
1679466513497742,0,0,720x1280,1617495,29.37
964508779739269,0,0,720x1280,1598602,45.97
4453558948123129,0,0,720x1280,1106152,64.43
1526617879093958,0,0,720x1280,498695,54.14
1471243361454315,0,0,720x1280,1048919,41.15
1919584545595598,0,0,720x1280,759848,63.19
903518789396968,0,0,720x1280,1021259,39.02
1462325405530541,0,0,720x1280,1358184,41.56
2042552579944139,0,0,720x1280,340348,73.56
1646689376349126,0,0,720x1280,1048470,32.49
4313382038882062,0,0,720x1280,492803,191.27
1721412492564117,0,0,720x1280,2329501,30.89
1348652633751025,0,0,720x720,543474,66.88
965322049573525,0,0,720x1280,1180582,32.25
1485718526534550,0,0,720x1280,1346080,29.14
1448851236921412,0,0,720x1280,375899,61.05
1481353283633101,0,0,720x1280,379445,90.15
26066105419731633,0,0,720x1280,644835,44.73
2395677954250668,0,0,720x1280,447537,24.51
943159985433635,0,0,720x1280,1234792,52.91
1692608401755773,0,0,720x1280,859877,61.58
948196901262777,0,0,720x1280,893379,26.9
24784832384548343,0,0,720x1280,1129740,39.96
2213473106125559,0,0,720x1280,1227744,63.49
1435417828331595,0,0,720x1280,1587113,28.78
4577544502529598,0,0,720x1280,1256571,41.09
1232331902298821,0,0,720x1280,617222,39.04
2174537080053843,0,0,720x1280,1598602,45.97
2206113140214651,0,0,720x1280,375899,61.05
3283246428543500,0,0,720x1280,1048672,19.16
1481710299952338,0,0,720x1280,1358184,41.56
1472728870657417,0,0,720x1280,910174,40.64
934210496167793,0,0,720x1280,671418,50.79
964962082987018,0,0,720x1280,1841612,73.83
929881406663276,0,0,720x1280,1431957,36.95
1307503301440658,0,0,720x1280,672987,85.12
948098764436671,0,0,720x1280,1767544,37.16
707154835791768,0,0,720x1280,1071602,45.82
2137355713774144,0,0,720x1280,1185475,25.15
2795072854189932,0,0,720x1280,739918,42.41
1665607881389336,0,0,720x1280,762562,28.69
1305924191718003,0,0,720x1280,1560541,65.98
1700565688060104,0,0,720x1280,447537,24.51
1557981489376910,0,0,720x1280,1385498,28.91
1318480437075234,0,0,720x1280,1406286,53.44
4466306300265392,0,0,720x1280,324706,38.72
1336551831707497,0,0,720x1280,1051048,30.01
1487480122759476,0,0,720x1280,800637,73.49
821884560200700,0,0,720x1280,819372,53.03
1298382092497834,0,0,720x1280,1598602,45.97
3087833694742781,0,0,720x1280,993687,35.28
1395624818998219,0,0,720x1280,1004499,41.45
1645285983333298,0,0,720x1280,886574,39.98
1633088194638293,0,0,720x1280,733536,37.12
1700511944704291,0,0,720x1280,2257563,28.37
2016488485927149,0,0,720x1280,857389,49.15
1466430171199966,0,0,720x1280,1113429,44.01
2091781858050047,0,0,720x1280,1547511,34.71
27030739196535929,0,0,720x1280,1598602,45.97
969145382581015,0,0,720x1280,791736,20.78
1314557267227715,0,0,720x1280,1010372,57.4
1452493899608866,0,0,720x1280,788112,43.28
1975915979948979,0,0,720x1280,807878,50.29
3583464295143448,0,0,720x1280,447537,24.51
2218922798640333,0,0,720x1280,1198847,36.52
968917315767506,0,0,720x1280,2257563,28.37
1407967170401357,0,0,720x1280,729286,41.53
26531650446495110,0,0,720x1280,1002558,35.24
2459656454453683,0,0,720x1280,891704,41.32
2029738507649525,0,0,720x1280,1714565,28.61
959828883152594,0,0,720x1280,1217718,46.65
969992315779319,0,0,720x1280,885315,28.78
984634497256178,0,0,720x1280,762562,28.69
792723907110134,0,0,720x1280,885315,28.78
1265701665062256,0,0,720x1280,1146848,62.97
983702551010180,0,0,720x1280,846987,70.29
1464075105326463,0,0,720x1280,1188770,43.88
1241566174149176,0,0,720x1280,1247104,44.12
1593881836073732,0,0,720x1280,776765,34.75
1645379259937138,0,0,720x1280,1043286,55.68
1464052005475525,0,0,720x1280,791736,20.78
1481447600050949,0,0,720x1280,1071602,45.82
1661688855146161,0,0,720x1280,762562,28.69
870690051952433,0,0,720x1280,1827798,41.45
953740530634532,0,0,720x1280,760123,46.61
26897514576536099,0,0,720x1280,2111088,26.28
5332995790259682,0,0,720x1280,1448216,52.05
1287468993306146,0,0,720x1280,1006026,48.57
4304630953136970,0,0,720x1280,1295366,43.45
2120502182068858,0,0,720x1280,798641,51.54
4358310907775498,0,0,720x1280,1041098,40.04
992270790003041,0,0,720x1280,932584,28.24
913183784536403,0,0,720x1280,1068855,34.76
967691059186923,0,0,720x1280,1051048,30.01
2081386736088958,0,0,720x1280,1002684,51.71
783367227802865,0,0,720x1280,1210028,10.28
1662011885142984,0,0,720x1280,736957,41.9
3233760643474918,0,0,720x1280,857389,49.15
1164966265742950,0,0,720x1280,1179293,34.86
966255596321371,0,0,720x1280,498695,54.14
945186171850008,0,0,720x1280,831635,48.75
2048629836075469,0,0,720x1280,1323183,31.21
950900830803629,0,0,720x1280,855877,59.88
25866749899663745,0,0,720x1280,973137,53.29
1397004718903036,0,0,720x1280,1154758,36.37
2881901835488839,0,0,720x1280,447537,24.51
2871680879847724,0,0,720x1280,1255648,53.48
1595108178304052,0,0,720x1280,1021860,51.71
852615603796664,0,0,720x1280,925233,53.18
942718048768917,0,0,720x1280,1123698,41.75
1629713591627815,0,0,720x1280,1295366,43.45
1500069821493677,0,0,720x1280,787532,44.07
1726990782004448,0,0,720x1280,664494,25.02
2331390980671913,0,0,720x1280,1767544,37.16
947652718222471,0,0,720x1280,1019874,63.29
1450953927076228,0,0,720x1280,1051048,30.01
4607699552793256,0,0,720x1280,1426770,36.91
4366156280372577,0,0,720x1280,1455077,28.33
2366576817154685,0,0,720x1280,629308,36.29
1660703588257619,0,0,720x1280,1074703,51.06
2583482575445539,0,0,720x1280,1295461,29.2
26430272379956289,0,0,720x1280,776765,34.75
2120930112092379,0,0,720x720,624864,41.28
1140292949160917,0,0,720x1280,857389,49.15
1387004289863130,0,0,720x1280,739695,37.48
973796251712263,0,0,720x1280,644843,52.73
1901820123666387,0,0,720x1280,728921,24.15
778012685144422,0,0,720x1280,1056110,42.67
976607848248590,0,0,720x1280,885315,28.78
1306524454766929,0,0,720x1280,388504,65.9
1313928680696805,0,0,720x1280,2329501,30.89
1688462195504963,0,0,720x1280,1337471,53.59
1061561487050658,0,0,720x1280,762562,28.69
26937562759189829,0,0,720x1280,857389,49.15
1458297728810742,0,0,720x1280,1154758,36.37
986010943880650,0,0,720x1280,644835,44.73
1356834662539667,0,0,720x1280,888890,26.9
2115044552561363,0,0,720x1280,403383,71.83
1669662424053951,0,0,720x1280,1500152,47.04
1482275693353748,0,0,720x1280,854206,64.02
2703501580024060,0,0,720x1280,899735,29.99
953674700600091,0,0,720x1280,1150027,27.71
1229290809234566,0,0,720x1280,1247104,44.12
26792219687066551,0,0,720x1280,872306,39.87
2642755476096212,0,0,720x1280,805497,8.23
2543246099427611,0,0,720x1280,1154758,36.37
2266101524219379,0,0,720x1280,959347,8.96
959527233333406,0,0,720x1280,815841,52.69
2131334867640279,0,0,720x1280,1036440,42.28
1992227425012427,0,0,720x1280,1291441,41.56
1897696050982785,0,0,720x1280,819372,53.03
1267559591988783,0,0,720x1280,728209,44.5
3718261868313314,0,0,720x1280,1518528,50.11
1689973585509293,0,0,720x1280,1159034,35.16
940533131682059,0,0,720x1280,1048470,32.49
1288767583323452,0,0,720x1280,1108371,14.55
978451728264533,0,0,720x1280,933239,52.54
26812097085066896,0,0,720x1280,1469128,41.92
3096779047174950,0,0,720x1280,1286535,43.95
1367247608771937,0,0,720x1280,979162,33.71
1505891424660108,0,0,720x1280,1149702,29.2
1126137613014416,0,0,720x1280,846987,70.29
2590034808066034,0,0,720x1280,1051048,30.01
1541902667322346,0,0,720x1280,1060164,32.11
4339328176335731,0,0,720x1280,1256151,34.81
1488089789765921,0,0,720x1280,388504,65.9
4322014331449545,0,0,720x1280,1612436,45.12
1621840732206711,0,0,720x1280,1123698,41.75
1014733037553692,0,0,720x1280,850993,43.28
1370650128429240,0,0,720x1280,864579,47.49
1689041099181537,0,0,720x1280,973572,45.99
941511472103541,0,0,720x1280,1084340,34.9
1972617633340327,0,0,720x1280,784054,25.02
951380894120941,0,0,720x1280,782148,50.29
4566117496990420,0,0,720x1280,1017164,61.12
1370900101752444,0,0,720x1280,1569440,53.01
4246708335582097,0,0,720x1280,1150450,59.24
938731389069788,0,0,720x1280,1328287,50.75
1310199464304855,0,0,720x1280,1068852,40.87
1598091577944535,0,0,720x1280,1612436,45.12
2017396718820761,0,0,720x1280,1033314,86.59
2208415999973119,0,0,720x1280,1721130,56.23
1519955099838378,0,0,720x1280,1038820,66.17
931433652868993,0,0,720x1280,695919,41.98
2027401971528085,0,0,720x1280,746478,8.85
2409289836238890,0,0,720x1280,1259979,38.12
1464022011851944,0,0,720x1280,1150450,59.24
2029975774624157,0,0,720x1280,1394646,43.65
1659068365351673,0,0,720x1280,1286140,52.76
4393526130890052,0,0,720x1280,1044470,39.49
986775453722985,0,0,720x1280,2431725,37.33
1352427616717956,0,0,720x1280,1217718,46.65
2460215957760374,0,0,720x1280,1078948,33.94
2024472394773472,0,0,720x1280,1304407,34.86
1302328652024705,0,0,720x1280,1189021,30.16
26941389452214403,0,0,720x1280,916406,28.2
952192981000880,0,0,720x1280,1259979,38.12
1984284925540252,0,0,720x1280,1182382,55.04
1325752129390385,0,0,720x1280,1074703,51.06
1287526666918581,0,0,720x1280,2329501,30.89
1856949234997201,0,0,720x1280,418059,26.41
2085226275390677,0,0,720x1280,867742,31.21
982888250809737,0,0,720x1280,1560541,65.98
26441861282177302,0,0,720x1280,849834,53.29
1698263594660134,0,0,720x1280,1454765,35.67
982478627705636,0,0,720x1280,1528397,48.49
3877822139193411,0,0,720x1280,2111088,26.28
2453912481744633,0,0,720x1280,2329501,30.89
2197267675006327,0,0,720x1280,937824,42.37
859893617128888,0,0,720x1280,1084340,34.9
1333829674989627,0,0,720x1280,1582804,30.27
967585749230479,0,0,720x1280,388504,65.9
1007842078762414,0,0,720x1280,1154945,62.68
1497741681853834,0,0,720x1280,1119144,64.79
2025853124633131,0,0,720x1280,1490674,38.01
1656851008918287,0,0,720x1280,1008120,50.15
1236548948187901,0,0,720x1280,1431957,36.95
1558642682492094,0,0,720x1280,1346080,29.14
987667137292726,0,0,720x1280,2051176,36.82
1435881974870948,0,0,720x1280,495930,25.0
991581486564627,0,0,720x1280,1528397,48.49
1390131569055238,0,0,720x1280,870193,32.19
1131534372517442,0,0,720x1280,844831,39.57
1470635231402391,0,0,720x1280,770775,70.17
2987234168133064,0,0,720x1280,1021970,68.24
2175701933182464,0,0,720x1280,1113002,40.68
1461158331820946,0,0,720x1280,882108,55.91
1904211583591369,0,0,720x1280,1123698,41.75
1879274509358826,0,0,720x1280,2329501,30.89
959606870179196,0,0,720x1280,1173404,34.15
1546738243449603,0,0,720x1280,1291041,48.04
4490442197870544,0,0,720x1280,1718098,50.45
2071595920905981,0,0,720x1280,1105556,55.91
1297225115212417,0,0,720x1280,1179293,34.86
987831403795168,0,0,720x1280,1448216,52.05
1330545398994372,0,0,720x1280,645236,46.65
1725681045089794,0,0,720x1280,1006026,48.57
2147593776037558,0,0,720x1280,1548347,31.42
1478141534102605,0,0,720x1280,1033314,86.59
962093910152140,0,0,720x1280,476202,65.21
984955804324170,0,0,720x1280,754815,54.89
2257225825106721,0,0,720x1280,1328287,50.75
1528976885507695,0,0,720x1280,1569440,53.01
901875156246106,0,0,720x1280,1083537,35.48
1279149687664468,0,0,720x1280,1058983,30.61
1487072386145745,0,0,720x1280,776765,34.75
3031483217048129,0,0,720x1280,1082026,34.22
1657979605480527,0,0,720x1280,2257563,28.37
1863640678372921,0,0,720x1280,1173221,33.49
2369813166836159,0,0,720x1280,418059,26.41
1249174010524007,0,0,720x1280,1286048,53.08
1001059995777573,0,0,720x1280,1452715,34.54
1650698336116329,0,0,720x1280,1358184,41.56
1683264352685191,0,0,720x1280,1084340,34.9
2057581878159178,0,0,720x1280,1614304,39.12
949417667920028,0,0,720x1280,1115479,31.57
1649622126228565,0,0,720x1280,1435094,43.28
4451172295160916,0,0,720x1280,936358,47.15
1657056882105372,0,0,720x1280,1259170,45.61
1376007294580877,0,0,720x1280,1051048,30.01
2081180309106863,0,0,720x1280,1154945,62.68
1213393680793399,0,0,720x1280,1233064,30.4
1750173749486671,0,0,720x1280,1360960,44.46
3164644693735244,0,0,720x1280,1033314,86.59
2912711272407775,0,0,720x1280,784054,25.02
894973102911612,0,0,720x1280,559215,61.21
1012816707855134,0,0,720x1280,1005714,51.82
939108672088071,0,0,720x1280,932584,28.24
800552822418657,0,0,720x1280,1646097,30.39
1556601025436131,0,0,720x1280,1658227,44.24
1269854692007881,0,0,720x1280,1232134,64.64
2414164452430992,0,0,720x1280,672987,85.12
1765370368176218,0,0,720x1280,1174010,30.61
956286053934209,0,0,720x1280,1328287,50.75
1392451052712863,0,0,720x1280,1047055,34.99
1255589999874347,0,0,720x1280,993797,40.38
26352975817738468,0,0,720x1280,1327130,40.45
1242823861048522,0,0,720x1280,787532,44.07
945049811773120,0,0,720x1280,737046,63.79
1349705593717687,0,0,720x1280,1472235,42.77
2068310060707785,0,0,720x1280,1674173,41.79
2412938622562182,0,0,720x1280,859197,40.4
26482665764696379,0,0,720x1280,1346080,29.14
27708258138829302,0,0,720x1280,872238,29.2
1824375835211023,0,0,720x1280,1480785,51.5
1652373855979847,0,0,720x1280,951611,46.08
797169483413618,0,0,720x1280,1126396,61.78
939726098884612,0,0,720x1280,555031,23.47
3365731203598320,0,0,720x1280,954843,39.57
1624336858626264,0,0,720x1280,1301279,45.08
1524688152699651,0,0,720x1280,941875,55.12
1634244961233033,0,0,720x1280,1623575,31.04
2129645074556664,0,0,720x1280,632022,61.99
1461215278536774,0,0,720x1280,1394646,43.65
1493468135853086,0,0,720x1280,1066274,41.45
26549538874713189,0,0,720x1280,1033314,86.59
1249160150446166,0,0,720x1280,815828,9.92
1483274040193786,0,0,720x1280,2077389,46.19
1601951614205367,0,0,720x1280,1663037,43.07
962631736733594,0,0,720x1280,1043286,55.68
1910431216329797,0,0,720x1280,1216739,48.43
4439133773011029,0,0,720x1280,1371396,47.51
1171865195999146,0,0,720x1280,1084340,34.9
1631502014816088,0,0,720x1280,984408,43.41
2159250388250975,0,0,720x1280,495930,25.0
2782619062102285,0,0,720x1280,458878,30.01
846054941857253,0,0,720x1280,976361,47.74
806601685303616,0,0,720x1280,973137,53.29
1973062820248049,0,0,720x1280,1475872,37.29
1433332981385605,0,0,720x1280,1078948,33.94
1638685187199143,0,0,720x1280,394670,33.17
1242429531197028,0,0,720x1280,854206,64.02
1493169602282638,0,0,720x1280,826015,64.7
1524730945708418,0,0,720x1280,701496,44.22
1659230525388915,0,0,720x1280,913241,29.69
2185711878862830,0,0,720x1280,2566427,65.98
1016776607368962,0,0,720x1280,1521713,53.91
1357892296202438,0,0,720x1280,2329501,30.89
1465573407768187,0,0,720x1280,1285502,29.27
27373646608895195,0,0,720x1280,1659561,49.83
4300901276840117,0,0,720x1280,1252809,48.11
1922541018447999,0,0,720x1280,398501,61.72
967253719139180,0,0,720x1280,1256571,41.09
1464612034684616,0,0,720x1280,1582804,30.27
26214298964910174,0,0,720x1280,860238,43.09
1640775290563845,0,0,720x1280,1758588,48.98
809134125539276,0,0,720x1280,1128822,55.12
3110368095822268,0,0,720x1280,1084325,45.55
1814117549564104,0,0,720x1280,2387807,42.58
1975616730478592,0,0,720x1280,535532,16.79
26879165861740023,0,0,720x1280,447537,24.51
1002353409457732,0,0,720x1280,1394646,43.65
1894605654529598,0,0,720x1280,1113429,44.01
911225398592349,0,0,720x720,277126,26.41
1881421959222715,0,0,720x1280,1560168,34.24
851319157987747,0,0,720x1280,1252809,48.11
1365711322054968,0,0,720x1280,945313,29.16
1001757512318941,0,0,720x1280,1212489,55.96
1466842838079048,0,0,720x1280,937726,53.72
1343618321028277,0,0,720x1280,1413658,49.24
1314430623997985,0,0,720x1280,826701,41.58
974830881998836,0,0,720x1280,826017,52.41
913131001745918,0,0,720x1280,827754,48.19
2687430314972043,0,0,720x1280,672987,85.12
848906564223908,0,0,720x1280,1469128,41.92
2000629287190400,0,0,720x1280,1756088,48.98
1465353234806275,0,0,720x1280,1286535,43.95
1467304325131224,0,0,720x1280,728921,24.15
1958023728913494,0,0,720x1280,664225,59.45
1155999686642393,0,0,720x1280,1144380,50.41
1864588170807575,0,0,720x1280,867424,36.22
1421549569742524,0,0,720x1280,1196137,42.28
1013088271281877,0,0,720x1280,1827798,41.45
945657694898180,0,0,720x1280,1002684,51.71
1428594649033873,0,0,720x1280,737046,63.79
990521150592596,0,0,720x1280,1051048,30.01
967267452835096,0,0,720x1280,826116,39.74
2747985128912996,0,0,720x1280,1328287,50.75
1719999308984065,0,0,720x1280,1526094,43.05
1286000256930884,0,0,720x1280,1327130,40.45
3475306155959884,0,0,720x1280,1054684,8.57
4137390766573800,0,0,720x1280,1019874,63.29
4332131490436715,0,0,720x1280,1629977,51.82
1652476355899155,0,0,720x1280,896986,51.84
1460349038674065,0,0,720x1280,418059,26.41
3380153405468183,0,0,720x1280,867424,36.22
2330900914065991,0,0,720x1280,1196137,42.28
2126023174606193,0,0,720x1280,728921,24.15
26662604133381724,0,0,720x1280,975413,25.9
1953601601902513,0,0,720x1280,1435094,43.28
1656028475602497,0,0,720x1280,1489119,44.41
1625096595272565,0,0,720x1280,1327130,40.45
1724825138928525,0,0,720x1280,1084340,34.9
1287804709503036,0,0,720x1280,2383399,46.42
1305301490970231,0,0,720x1280,398501,61.72
977340141945135,0,0,720x1280,1371967,41.21
1530098145357085,0,0,720x1280,1163774,47.83
2469480630130728,0,0,720x1280,1371967,41.21
966544669468282,0,0,720x1280,1182382,55.04
989386253531350,0,0,720x1280,1569440,53.01
1555850109496354,0,0,720x1280,967443,39.21
2468537496920641,0,0,720x1280,831635,48.75
1466038664677722,0,0,720x1280,1167721,40.45
1916121519108439,0,0,720x1280,945313,29.16
902122562866761,0,0,720x1280,1412030,60.16
2415331668950258,0,0,720x1280,1048672,19.16
962754449720152,0,0,720x1280,849834,53.29
935496569417744,0,0,720x1280,1286048,53.08
1390079446488488,0,0,720x1280,1598602,45.97
1912867212698568,0,0,720x1280,497748,72.02
1249379997383205,0,0,720x1280,867424,36.22
2047450022863820,0,0,720x1280,826701,41.58
2062749137923060,0,0,720x1280,508835,19.97
1300722798918053,0,0,720x1280,555031,23.47
1036636192124153,0,0,720x1280,1154945,62.68
2185422348879860,0,0,720x1280,1328287,50.75
3985502365087406,0,0,720x1280,826015,64.7
1285279843766771,0,0,720x1280,1448216,52.05
1579612067062961,0,0,720x1280,848062,57.39
1322579466521965,0,0,720x1280,1528397,48.49
823995510713983,0,0,720x1280,817105,55.17
1437836428042957,0,0,720x1280,1346080,29.14
1311513633640795,0,0,720x1280,1394646,43.65
1674516020404016,0,0,720x1280,781870,41.71
1637090384215796,0,0,720x1280,1123698,41.75
1185388110264484,0,0,720x1280,1455077,28.33
997772296021988,0,0,720x1280,1036597,40.38
767216583109107,0,0,720x1280,1925400,38.89
937024319252126,0,0,720x1280,1033314,86.59
2709519946086937,0,0,720x1280,664225,59.45
1678816606470135,0,0,720x1280,1082026,34.22
1735354927606491,0,0,720x1280,1286535,43.95
1496611822156872,0,0,720x1280,1010529,62.21
1275559221331262,0,0,720x1280,1282580,60.05
1266779002205775,0,0,720x1280,1196137,42.28
995961249582263,0,0,720x1280,1118469,31.21
797694513391424,0,0,720x1280,695919,41.98
998718419418428,0,0,720x1280,1528397,48.49
1683232069690419,0,0,720x1280,1118469,31.21
1234361632112514,0,0,720x1280,1084325,45.55
1603652110726963,0,0,720x1280,826701,41.58
1294674038888116,0,0,720x1280,1038101,40.25
1353268443528401,0,0,720x1280,1168187,31.66
1821541971857301,0,0,720x1280,1526094,43.05
27170496985887290,0,0,720x1280,1005714,51.82
1576543196960751,0,0,720x1280,728209,44.5
2449851418795282,0,0,720x1280,1285502,29.27
1009047662075206,0,0,720x1280,1889276,40.45
2452166731863699,0,0,720x1280,1560541,65.98
983823350703718,0,0,720x1280,1394646,43.65
1583933756013633,0,0,720x1280,867424,36.22
921846370903579,0,0,720x1280,739918,42.41
961031936723602,0,0,720x1280,1005714,51.82
1287652570233234,0,0,720x1280,787532,44.07
935677736125799,0,0,720x1280,556104,37.89
782777504803482,0,0,720x1280,1736381,39.53
2067666377522112,0,0,720x1280,1327130,40.45
1360759119207161,0,0,720x1280,1234792,52.91
1720791165584032,0,0,720x1280,1028380,34.11
1511504937368732,0,0,720x1280,1234792,52.91
2176296829790438,0,0,720x1280,1563156,33.88
1241079728219299,0,0,720x1280,973137,53.29
2359622414563979,0,0,720x1280,1167721,40.45
791235580707058,0,0,720x1280,831829,51.86
1491322362783599,0,0,720x1280,330294,73.56
1276073134738825,0,0,720x1280,1569440,53.01
1001707738963676,0,0,720x1280,1291041,48.04
1153603026847697,0,0,720x1280,340348,73.56
1310442251212671,0,0,720x1280,1448216,52.05
1213229874075179,0,0,720x1280,875933,49.11
2182310698840588,0,0,720x1280,1714565,28.61
1005003175356379,0,0,720x1280,1371967,41.21
835980929521036,0,0,720x1280,976532,31.15
1615005419579542,0,0,720x1280,1196137,42.28
1333689152005636,0,0,720x1280,1220166,45.18
1479164583678882,0,0,720x1280,1413658,49.24
976702268037781,0,0,720x1280,1150450,59.24
706984715831260,0,0,720x1280,688608,49.32
740467572463488,0,0,720x1280,1889276,40.45
1629766001479851,0,0,720x1280,497748,72.02
992529766655290,0,0,720x1280,1168187,31.66
4334803856836463,0,0,720x1280,865260,49.79
895888356589234,0,0,720x1280,937458,52.33
2383716688745275,0,0,720x1280,1623575,31.04
1302923527948389,0,0,720x1280,1058983,30.61
986294017236395,0,0,720x1280,1119144,64.79
1561884662029196,0,0,720x1280,560331,37.89
1006527541916464,0,0,720x1280,1167721,40.45
813172141406511,0,0,720x1280,1563156,33.88
2412501682509273,0,0,720x1280,1066274,41.45
1001906345650383,0,0,720x1280,2141839,47.49
1486511518988909,0,0,720x1280,1036597,40.38
944079981938585,0,0,720x1280,1179293,34.86
993101106535307,0,0,720x1280,826701,41.58
955931157404252,0,0,720x1280,568030,67.52
896845852977201,0,0,720x1280,937458,52.33
791531614025212,0,0,720x1280,976532,31.15
858184180059111,0,0,720x1280,1154945,62.68
1426709108679011,0,0,720x1280,1533145,41.53
993073986493551,0,0,720x1280,508835,19.97
976415494758889,0,0,720x720,277126,26.41
1648748513083306,0,0,720x1280,1154945,62.68
26872691479089671,0,0,720x1280,1889276,40.45
2133223274130105,0,0,720x1280,867424,36.22
26885996691068733,0,0,720x1280,1038101,40.25
1541004774310767,0,0,720x1280,1413658,49.24
964585392991870,0,0,720x1280,495930,25.0
1532213468692292,0,0,720x1280,1256151,34.81
4448835111997016,0,0,720x1280,1256151,34.81
805463449281078,0,0,720x1280,897834,53.82
1682172103136114,0,0,720x1280,498704,64.72
950529750847803,0,0,720x1280,793061,34.41
1278151670430640,0,0,720x1280,556104,37.89
1422277683247820,0,0,720x1280,1196137,42.28
955776800594012,0,0,720x1280,912449,35.22
927302763674890,0,0,720x1280,398501,61.72
2340991813061527,0,0,720x1280,875933,49.11
1428151732403427,0,0,720x1280,1328285,52.33
2835887000092387,0,0,720x1280,1658227,44.24
959821773710617,0,0,720x1280,762562,28.69
1674406057031821,0,0,720x1280,1220166,45.18
1034486135715678,0,0,720x1280,1889276,40.45
997590829368224,0,0,720x1280,1016257,34.71
1256964593083627,0,0,720x1280,349638,51.95
2218589522246132,0,0,720x1280,1064695,25.85
1147796740835407,0,0,720x1280,555740,55.23
1037629698588306,0,0,720x1280,1036597,40.38
1691307355416551,0,0,720x1280,1413658,49.24
1498164595276790,0,0,720x1280,698368,42.77
1690732371937108,0,0,720x1280,1736381,39.53
913402598377032,0,0,720x1280,1167721,40.45
974630395474784,0,0,720x1280,1234792,52.91
1938545806827209,0,0,720x1280,1154945,62.68
1377971844172092,0,0,720x1280,865260,49.79
1662665314680083,0,0,720x1280,1058983,30.61
2066489094217287,0,0,720x1280,791736,20.78
935574709257724,0,0,720x1280,1756088,48.98
816290354883143,0,0,720x1280,1758588,48.98
1285990649669186,0,0,720x1280,644843,52.73
1657600135463203,0,0,720x1280,1286535,43.95
806088175124414,0,0,720x1280,1533145,41.53
1537583717704545,0,0,720x1280,498704,64.72
1944164302881937,0,0,720x1280,865260,49.79
1638788880692492,0,0,720x1280,728921,24.15
1287865029978714,0,0,720x1280,1016257,34.71
1000945729537948,0,0,720x1280,1598602,45.97
2221726161911720,0,0,720x1280,814096,34.69
4463459293888264,0,0,720x1280,1282580,60.05
966804315995716,0,0,720x1280,1371967,41.21
1160876739397413,0,0,720x1280,757543,41.45
835422885855723,0,0,720x1280,1036597,40.38
2151661992284014,0,0,720x1280,1147437,39.72
2485768455272079,0,0,720x1280,1066274,41.45
773374239040095,0,0,720x1280,1412030,60.16
1999641547298588,0,0,720x1280,1220166,45.18
3119538861563833,0,0,720x1280,1168187,31.66
1638503980701255,0,0,720x1280,568030,67.52
972115431841276,0,0,720x1280,1505422,59.09
1477533853844045,0,0,720x1280,1324689,40.36
847116958451101,0,0,720x1280,1413658,49.24
986720473719848,0,0,720x1280,739918,42.41
1442021773677303,0,0,720x1280,891953,53.82
1989753958578690,0,0,720x1280,450956,22.61
909071678796205,0,0,720x1280,891953,53.82
957337403958368,0,0,720x1280,1256151,34.81
877350008696721,0,0,720x1280,560331,37.89
1309794577224111,0,0,720x1280,1328285,52.33
1516027933547951,0,0,720x1280,1889276,40.45
1996649315060771,0,0,720x1280,1371967,41.21
1501933281301258,0,0,720x1280,1196137,42.28
4345090322372663,0,0,720x1280,2383399,46.42
1477266293525820,0,0,720x1280,1124218,47.17
1589202742765592,0,0,720x1280,1889276,40.45
2540369646381064,0,0,720x1280,1036597,40.38
1482736313641865,0,0,720x1280,891106,35.43
1674027553637979,0,0,720x1280,1560168,34.24
1513317316827089,0,0,720x1280,1220166,45.18
1678438890143831,0,0,720x1280,787532,44.07
1001044492454350,0,0,720x1280,1256151,34.81
1274740634160526,0,0,720x1280,1505422,59.09
954594866940569,0,0,720x1280,848864,53.82
2014918706118228,0,0,720x1280,450956,22.61
1471962381341513,0,0,720x1280,865260,49.79
1566601798458309,0,0,720x1280,865260,49.79
1013854707885207,0,0,720x1280,1736381,39.53
2275202553283552,0,0,720x1280,1074197,36.84
2821147041581055,0,0,720x1280,865260,49.79
1007429928523695,0,0,720x1280,1074197,36.84
1229112135812363,0,0,720x1280,2141839,47.49
1544277357216388,0,0,720x1280,2141839,47.49
2384343958707632,0,0,720x1280,1415639,96.49
867185333062103,0,0,720x1280,897834,53.82
3251318191706684,0,0,720x1280,781870,41.71
3377249175775247,0,0,720x1280,349638,51.95
996993639443770,0,0,720x1280,450956,22.61
2360470397795125,0,0,720x1280,848864,53.82
993440616502014,0,0,720x1280,1341865,37.97
26925923477034989,0,0,720x1280,1074197,36.84
1148084247404233,0,0,720x1280,1147437,39.72
27367556752850049,0,0,720x1280,1074197,36.84
1008106691639361,0,0,720x1280,1074197,36.84
1716391936213329,0,0,720x1280,2141839,47.49
964868699756081,0,0,720x1280,1074197,36.84
1022336593482318,0,0,720x1280,1124218,47.17
2126837924556346,0,0,720x1280,839205,44.29
967299862756247,0,0,720x1280,839205,44.29
2058708198355990,0,0,720x1280,2141839,47.49
929094670155291,0,0,720x1280,814096,34.69
972275398944393,0,0,720x1280,839205,44.29
1687487609106178,0,0,720x1280,839205,44.29
974254935233695,0,0,720x1280,839205,44.29
1216705487077132,0,0,720x1280,1228224,51.71
876412925491800,0,0,720x1280,2141839,47.49
1268336871323861,0,0,720x720,758926,26.92
1063692802211225,0,0,720x720,609088,49.58
1504897837819150,0,0,720x1280,705628,40.92
1650079819366116,0,0,720x1280,705628,40.92
1845750346108706,0,0,720x1280,841155,33.02
919416144130224,0,0,720x1280,1528645,29.84
2141955079979520,0,0,720x1280,1528645,29.84
3471950609648062,0,0,720x1280,841155,33.02
2469306593530142,0,0,720x1280,820474,32.08
1008231658224617,0,0,720x1280,896986,51.84
2411773012629776,0,0,720x1280,462807,23.27
2381165805628683,0,0,720x1280,918123,35.18
1633513357977227,0,0,720x1280,918123,35.18
2208276953242683,0,0,720x1280,797896,52.31
1260189796267400,0,0,720x1280,745146,50.09
2094961914403268,0,0,720x1280,797896,52.31
1365096822098347,0,0,720x1280,451837,23.89
1579256663181765,0,0,720x1280,1249603,105.72
2830223587356205,0,0,720x1280,1296539,42.54
802916655974862,0,0,720x1280,1602979,45.29
1746202000123337,0,0,720x1280,1118153,47.21
997757806110067,0,0,720x1280,1228815,50.92
973738558531150,0,0,720x1280,2159002,69.05
885982111176708,0,0,720x1280,1165993,28.99
935651469467557,0,0,720x1280,1012911,45.61
1481880370348464,0,0,720x1280,1396050,45.65
26627886823532573,0,0,720x1280,745146,50.09
1644301336843782,0,0,720x1280,451837,23.89
931068273002235,0,0,720x1280,866489,6.95
824655086830758,0,0,720x1280,859495,47.98
2733572580357581,0,0,720x1280,1296539,42.54
2870718243272920,0,0,720x1280,413829,71.28
814453281403568,0,0,720x1280,820474,32.08
2165198370981956,0,0,720x1280,1494639,67.65
969193632529719,0,0,720x1280,967497,48.32
1311353980866748,0,0,720x1280,1249603,105.72
3676293635858295,0,0,720x1280,1455604,50.09
2001837147872826,0,0,720x1280,1244498,33.92
1592647208460957,0,0,720x1280,1228265,32.96
26997230736567251,0,0,720x1280,850993,43.28
4425519174363749,0,0,720x1280,1108371,14.55
1359225819350762,0,0,720x1280,1565256,42.09
1384519936752533,0,0,720x1280,977844,45.72
3633154320158711,0,0,720x1280,1012911,45.61
1286562256396800,0,0,720x1280,896986,51.84
2126856914820990,0,0,720x1280,1494639,67.65
1462266312313546,0,0,720x1280,1665810,38.21
4373904222920501,0,0,720x1280,1964841,32.04
1302863798631451,0,0,720x1280,1165993,28.99
963707096066927,0,0,720x1280,1665810,38.21
1591761556292288,0,0,720x1280,1030203,30.55
2229685480897303,0,0,720x1280,918123,35.18
2165925787635529,0,0,720x1280,942584,71.57
1520431749655532,0,0,720x1280,1181365,51.41
1601352417781439,0,0,720x1280,801733,44.73
1312319890964004,0,0,720x1280,1149702,29.2
801068813064626,0,0,720x1280,1784429,43.35
1552891233073638,0,0,720x1280,1344794,29.55
1451670662800433,0,0,720x1280,2026165,24.75
35521914890755970,0,0,720x1280,1118153,47.21
1420603876749885,0,0,720x1280,1113957,28.61
1496114285478679,0,0,720x1280,1249603,105.72
2089858311743087,0,0,720x1280,1189021,30.16
1766235101419950,0,0,720x1280,1084049,35.22
1629788641378720,0,0,720x1280,1942106,62.14
1276672411312388,0,0,720x1280,1500152,47.04
2152369525523856,0,0,720x1280,1137331,34.75
1699159654789405,0,0,720x720,701529,47.79
2150303552176321,0,0,720x1280,1006587,51.82
3588472361291704,0,0,720x1280,223767,28.48
1324994226219659,0,0,720x1280,2159002,69.05
1614783906399545,0,0,720x1280,1189834,32.81
1691098845361818,0,0,720x1280,1090855,36.48
1362725889021539,0,0,720x1280,1113957,28.61
1327750302736660,0,0,720x1280,1231750,49.71
2995894884080267,0,0,720x1280,1467231,50.09
1514363137003205,0,0,720x1280,1252809,48.11
2368191860258559,0,0,720x1280,379445,90.15
956931933889027,0,0,720x1280,1012911,45.61
1654655492231126,0,0,720x1280,1964841,32.04
1290413195771674,0,0,720x1280,1455604,50.09
4424951174408834,0,0,720x1280,888890,26.9
710773818697429,0,0,720x1280,1115581,10.2
936224196120689,0,0,720x1280,2026165,24.75
873908202336553,0,0,720x1280,1006587,51.82
1502750718528352,0,0,720x720,555667,35.22
1703924783939415,0,0,720x720,645684,51.41
1547254686967064,0,0,720x1280,1149702,29.2
1333646135343537,0,0,720x720,295955,23.89
2019063905653656,0,0,720x1280,1228265,32.96
913598528343469,0,0,720x1280,1784429,43.35
2014496799209731,0,0,720x1280,394670,33.17
2230785143994906,0,0,720x1280,2026165,24.75
1921056165244988,0,0,720x1280,1325938,25.07
1455352729720949,0,0,720x1280,810052,50.09
1624171552207010,0,0,720x1280,840734,67.6
4403278009942249,0,0,720x1280,1978753,35.11
2442521946211355,0,0,720x1280,1467231,50.09
1511421143660267,0,0,720x1280,1335237,35.77
1696014508193655,0,0,720x1280,1078034,45.69
4514495442158073,0,0,720x1280,861454,50.99
892918537099449,0,0,720x1280,310266,44.07
1559698442249274,0,0,720x1280,794099,31.85
973230148643659,0,0,720x1280,1074197,36.84
26688852157415809,0,0,720x1280,324706,38.72
988196743624288,0,0,720x1280,1565256,42.09
977961991665745,0,0,720x1280,2329501,30.89
1683164669767833,0,0,720x1280,859495,47.98
1395803742440561,0,0,720x1280,1163644,42.77
1551969199772400,0,0,720x1280,1383104,26.77
723052994202973,0,0,720x1280,1444958,33.26
4345009092483673,0,0,720x1280,1038820,66.17
1666686724680685,0,0,720x1280,1632924,44.03
1505673714266930,0,0,720x1280,1190074,69.97
2068967657016909,0,0,720x1280,1232131,51.71
1881823485865170,0,0,720x1280,745146,50.09
1580328820382730,0,0,720x1280,2046301,41.53
1263262909291174,0,0,720x1280,967497,48.32
26797446529949002,0,0,720x1280,1210331,42.94
2999749580221758,0,0,720x1280,728209,44.5
1676164730555007,0,0,720x1280,995968,37.27
1628318558372207,0,0,720x1280,1261600,42.47
1702365984091788,0,0,720x1280,1244498,33.92
2564643630659219,0,0,720x1280,1090855,36.48
1804914553523178,0,0,720x1280,1322376,50.35
4588402051391271,0,0,720x1280,1850231,52.95
953940747635434,0,0,720x1280,1062457,29.95
1954231588789188,0,0,720x1280,899735,29.99
1025823893719739,0,0,720x1280,942310,58.15
2917136741819239,0,0,720x1280,998345,35.27
831199716711951,0,0,720x1280,654671,43.71
965858049156388,0,0,720x1280,568219,52.75
949864101142646,0,0,720x1280,820474,32.08
963301103260986,0,0,720x1280,795843,22.59
970796419093125,0,0,720x1280,2100366,34.45
3942165792755421,0,0,720x1280,797896,52.31
1352174446780972,0,0,720x1280,1620262,29.01
1506619871166049,0,0,720x1280,1010989,63.27
1634247687874165,0,0,720x1280,1325938,25.07
868697129596674,0,0,720x1280,1030203,30.55
4570128656535656,0,0,720x1280,942584,71.57
2060176722044292,0,0,720x1280,1296539,42.54
2225074694903314,0,0,720x1280,1560168,34.24
1622638588998351,0,0,720x1280,394670,33.17
2018262128778241,0,0,720x1280,1444958,33.26
24553583707571927,0,0,720x1280,1269928,47.35
986145514360579,0,0,720x1280,1249603,105.72
948655514510811,0,0,720x1280,1115581,10.2
4864204520477238,0,0,720x1280,1062915,50.92
811127561729088,0,0,720x1280,375685,24.79
1454778745778342,0,0,720x1280,1602979,45.29
1506622564414295,0,0,720x1280,375685,24.79
1466073121784359,0,0,720x1280,1055371,46.9
2239670780110111,0,0,720x1280,310266,44.07
4407884322759937,0,0,720x1280,315397,51.16
954347117164133,0,0,720x1280,1231750,49.71
1333942925270111,0,0,720x1280,1030203,30.55
1206186428392911,0,0,720x1280,1062915,50.92
1295814982684644,0,0,720x1280,310266,44.07
1033265965736570,0,0,720x1280,1270540,34.9
1316236780725834,0,0,720x1280,1325938,25.07
939913685696213,0,0,720x1280,1210331,42.94
1278473014229905,0,0,720x1280,728209,44.5
2323860141440071,0,0,720x1280,1415639,96.49
1665387897930682,0,0,720x1280,1632924,44.03
844004938732119,0,0,720x1280,1261600,42.47
1665988394548609,0,0,720x1280,1560168,34.24
4364553960461634,0,0,720x1280,1071724,41.56
1509591393863692,0,0,720x1280,2179056,47.96
1259568146280651,0,0,720x1280,1598299,40.98
994384176872673,0,0,720x1280,1228265,32.96
1722747075991853,0,0,720x1280,2179056,47.96
2050151385851572,0,0,720x1280,654671,43.71
945149298505749,0,0,720x1280,1252809,48.11
921430964084713,0,0,720x1280,431374,16.17
989106957021665,0,0,720x1280,1632924,44.03
1233755815585440,0,0,720x1280,926213,49.78
1282839540710742,0,0,720x1280,1978753,35.11
757013760735660,0,0,720x1280,375685,24.79
884389957937458,0,0,720x1280,1178771,38.43
1288101293503202,0,0,720x1280,1195256,48.79
1761280558169447,0,0,720x1280,1415639,96.49
941404922116643,0,0,720x1280,1050416,59.25
1900304170623199,0,0,720x1280,1091319,53.76
1334043231976836,0,0,720x1280,2179056,47.96
969976285892619,0,0,720x1280,1379125,51.71
4388276651441859,0,0,720x1280,1226800,48.87
1278792650523442,0,0,720x1280,1190074,69.97
2114929652384853,0,0,720x1280,1454268,49.21
857849987351632,0,0,720x1280,1197805,51.22
1994524164823254,0,0,720x720,1028536,19.99
989844030660981,0,0,720x1280,1296539,42.54
2842175216147297,0,0,720x1280,814096,34.69
1716559362664150,0,0,720x720,1103953,27.22
992624103152687,0,0,720x1280,814096,34.69
928131210058674,0,0,720x1280,1619113,49.49
997750183151295,0,0,720x1280,1209745,40.82
2067144280501671,0,0,720x1280,814096,34.69
1462388985537185,0,0,720x1280,1301635,44.91
2117708235706666,0,0,720x1280,865561,44.16
2433732887048975,0,0,720x1280,2799175,33.79
1314122850567353,0,0,720x1280,1612719,57.13
1672392883790170,0,0,720x1280,1054484,52.76
2404124340028110,0,0,720x1280,847925,41.28
931622252814916,0,0,720x1280,926905,47.47
999947279265885,0,0,720x1280,846987,70.29
991175326907313,0,0,720x1280,925233,53.18
1667844751047305,0,0,720x1280,1228224,51.71
1302756378351352,0,0,720x1280,910174,40.64
933262946235946,0,0,720x1280,1314144,51.28
1673435757132082,0,0,720x1280,916406,28.2
980294774943521,0,0,720x1280,645236,46.65
2496520560750855,0,0,720x1280,1083044,31.27
1151663514688025,0,0,720x1280,1155430,33.49
952171714657023,0,0,720x1280,1133440,35.63
756325934218747,0,0,720x1280,1119238,58.96
918571931129028,0,0,720x1280,1100069,24.04
2117649575649233,0,0,720x1280,814456,44.88
1317716303542292,0,0,720x1280,1665810,38.21
966684345790577,0,0,720x1280,1068852,40.87
2422283561576901,0,0,720x1280,1009628,50.24
1642652350197830,0,0,720x1280,566358,40.08
1879038982757913,0,0,720x1280,784054,25.02
4517533995175335,0,0,720x1280,1760601,34.28
971914591954473,0,0,720x1280,1185475,25.15
1419201076128864,0,0,720x1280,1136938,54.68
1492236602640876,0,0,720x1280,973572,45.99
1251362460515133,0,0,720x1280,972098,29.14
1465693778484060,0,0,720x1280,1040144,38.74
898788299356495,0,0,720x1280,815828,9.92
2100754480710607,0,0,720x1280,993687,35.28
2526183224467378,0,0,720x1280,1385498,28.91
1259351176158549,0,0,720x1280,1133440,35.63
2166519527537093,0,0,720x1280,598413,68.12
1784873822495389,0,0,720x1280,1425209,37.69
1234736965404166,0,0,720x1280,1134145,58.39
966652642818393,0,0,720x1280,1518935,40.92
1493763522185565,0,0,720x1280,1017164,61.12
35346300615014993,0,0,720x1280,1448216,52.05
1263491662355958,0,0,720x1280,1364312,48.08
1506466884530800,0,0,720x1280,746478,8.85
2005749643347608,0,0,720x1280,973600,29.12
2228703687959276,0,0,720x1280,925233,53.18
26855024550751815,0,0,720x1280,1013449,48.11
654884707719987,0,0,720x1280,1126396,61.78
2357808904682799,0,0,720x1280,1071273,30.93
1648550166387923,0,0,720x1280,2799175,33.79
2283185362168906,0,0,720x1280,1228224,51.71
1484875443337231,0,0,720x1280,746478,8.85
904725375680049,0,0,720x1280,1309811,51.45
1446616440491217,0,0,720x1280,791314,31.89
1613007016632719,0,0,720x1280,1291441,41.56
950800311063469,0,0,720x1280,1393660,28.86
785963657528956,0,0,720x1280,867200,32.55
1974355020143862,0,0,720x1280,937503,45.29
4434299713468696,0,0,720x1280,919155,34.54
729755693462144,0,0,720x1280,926905,47.47
4333182190269237,0,0,720x1280,1001721,55.04
1447310469919244,0,0,720x1280,932584,28.24
943556318445207,0,0,720x1280,1155430,33.49
934416192418998,0,0,720x1280,847925,41.28
1566066851151129,0,0,720x1280,1784429,43.35
923312633399347,0,0,720x1280,1136938,54.68
973437802008916,0,0,720x1280,1255965,30.95
914367568121395,0,0,720x1280,1301635,44.91
1486315572970305,0,0,720x1280,1665810,38.21
3906372976325729,0,0,720x1280,784054,25.02
900996322983088,0,0,720x1280,1469128,41.92
1519407696310883,0,0,720x1280,1149702,29.2
1449479493347015,0,0,720x1280,993687,35.28
946115641259323,0,0,720x1280,694990,10.64
1489698239617285,0,0,720x1280,944334,61.91
993914189728348,0,0,720x1280,1964841,32.04
2177734223002124,0,0,720x1280,1185475,25.15
1650055542580076,0,0,720x1280,645236,46.65
2282920772237156,0,0,720x1280,1964841,32.04
957788610045603,0,0,720x1280,1537177,39.74
1279713767692486,0,0,720x1280,1256571,41.09
1945990252717139,0,0,720x1280,1058983,30.61
1281842880587780,0,0,720x1280,330294,73.56
896370286784868,0,0,720x1280,1010529,62.21
1146573297659532,0,0,720x1280,826326,49.39
2811319042547435,0,0,720x1280,941859,44.32
852057223823065,0,0,720x1280,340348,73.56
1487582089569840,0,0,720x1280,1587113,28.78
996773916259061,0,0,720x1280,1149702,29.2
1563401251429096,0,0,720x1280,1942106,62.14
800270126006456,0,0,720x1280,1006026,48.57
920107747234392,0,0,720x1280,978275,62.85
2145516519321655,0,0,720x1280,1017164,61.12
1914012535979632,0,0,720x1280,1460619,41.3
2074065876709578,0,0,720x1280,1335318,63.25
2814618505547674,0,0,720x1280,1071724,41.56
1491104619093475,0,0,720x1280,615337,56.11
1567427324338391,0,0,720x1280,1119238,58.96
1587377062318723,0,0,720x1280,1784429,43.35
1255624560024896,0,0,720x1280,598413,68.12
2949806511886806,0,0,720x1280,1517828,30.53
1011678297893214,0,0,720x1280,1016257,34.71
1334520321876231,0,0,720x1280,1084325,45.55
1481711833647092,0,0,720x1280,664494,25.02
1967730397468922,0,0,720x1280,826116,39.74
933849582812762,0,0,720x1280,1182382,55.04
3256073471238491,0,0,720x1280,1154630,44.16
1476070434166479,0,0,720x1280,1758588,48.98
1668250954361069,0,0,720x1280,1006026,48.57
1603644724186218,0,0,720x1280,1048470,32.49
2791879697846410,0,0,720x1280,1295050,33.45
978446761551850,0,0,720x1280,1660235,32.45
4512978995690821,0,0,720x1280,1393660,28.86
1711345093197080,0,0,720x1280,971399,47.74
1309732577713094,0,0,720x1280,819372,53.03
1268633278781006,0,0,720x1280,349638,51.95
844649882007515,0,0,720x1280,1010529,62.21
729901470083197,0,0,720x1280,1335318,63.25
4179647645586249,0,0,720x1280,1756088,48.98
2528689397550560,0,0,720x1280,1964841,32.04
783529444726663,0,0,720x1280,1844990,45.01
1529321882132386,0,0,720x1280,1553823,33.17
1469654061103002,0,0,720x1280,1228224,51.71
1331245188939998,0,0,720x1280,1374692,53.69
948714514431596,0,0,720x1280,1563156,33.88
1326779202838738,0,0,720x1280,1193924,34.24
942686628450568,0,0,720x1280,807406,60.35
929087416430681,0,0,720x1280,1784429,43.35
810618368177111,0,0,720x1280,1048470,32.49
1489528902711053,0,0,720x1280,1066274,41.45
1437151928100779,0,0,720x1280,1444565,42.11
4640916496127984,0,0,720x1280,1124527,37.95
910782815316789,0,0,720x1280,733536,37.12
1816186535737116,0,0,720x1280,819372,53.03
918933737818360,0,0,720x1280,1118154,33.98
850485390656030,0,0,720x1280,556104,37.89
1798126881352695,0,0,720x1280,330294,73.56
2006620453275735,0,0,720x1280,1547511,34.71
1307996761535426,0,0,720x1280,1588340,31.36
2068717307413498,0,0,720x1280,1528397,48.49
2022432844996505,0,0,720x1280,1071724,41.56
1946640566031312,0,0,720x1280,1009628,50.24
1698123041376849,0,0,720x1280,425927,109.97
953452073969111,0,0,720x1280,1155430,33.49
1845837336078860,0,0,720x1280,1385498,28.91
729999700140044,0,0,720x1280,664494,25.02
1298742838453102,0,0,720x1280,1154630,44.16
924032526923654,0,0,720x1280,1003833,31.12
4507442786240623,0,0,720x1280,826326,49.39
3832667117040834,0,0,720x1280,340348,73.56
1483474123320143,0,0,720x1280,1282580,60.05
1071218332745359,0,0,720x1280,1469128,41.92
1608996323737663,0,0,720x1280,1084325,45.55
27857383140528183,0,0,720x1280,568030,67.52
2202697953874551,0,0,720x1280,1756088,48.98
1679385150149383,0,0,720x1280,1563156,33.88
1492746895696930,0,0,720x1280,1548347,31.42
1353281539974463,0,0,720x1280,941875,55.12
814662408115014,0,0,720x1280,1058983,30.61
1244249980815352,0,0,720x1280,1505422,59.09
1737564467616497,0,0,720x1280,1182382,55.04
1676742056654769,0,0,720x1280,560331,37.89
796741819912167,0,0,720x1280,891953,53.82
1262752772689545,0,0,720x1280,1256571,41.09
2430598764121681,0,0,720x1280,1154630,44.16
1668182810858464,0,0,720x1280,1126396,61.78
960244010133429,0,0,720x1280,826116,39.74
799742366537014,0,0,720x1280,1767544,37.16
1268071498810975,0,0,720x1280,848864,53.82
1066138226590208,0,0,720x1280,1341865,37.97
1633858934287065,0,0,720x1280,978275,62.85
984780324005175,0,0,720x1280,615337,56.11
944621461452164,0,0,720x1280,1113002,40.68
2802423913468003,0,0,720x1280,897834,53.82
979413024459656,0,0,720x1280,1528397,48.49
1457538572341789,0,0,720x1280,398501,61.72
1142897134628752,0,0,720x1280,1261600,42.47
912237754769878,0,0,720x1280,1767544,37.16
1257810376436956,0,0,720x1280,1455077,28.33
1018784857139748,0,0,720x1280,848864,53.82
1972865810107259,0,0,720x1280,978275,62.85
1489480965907714,0,0,720x1280,568030,67.52
1259506026253863,0,0,720x1280,349638,51.95
2035298957384770,0,0,720x1280,1066274,41.45
966883769424056,0,0,720x1280,945313,29.16
1275667777964478,0,0,720x1280,897834,53.82
1668487264579198,0,0,720x1280,1016257,34.71
921744083597234,0,0,720x1280,1623575,31.04
1641221933807538,0,0,720x1280,403383,71.83
1528642198598715,0,0,720x1280,891953,53.82
1727410958267128,0,0,720x1280,1341865,37.97
25887546494216031,0,0,720x1280,875196,50.64
1228215292748737,0,0,360x640,144078,38.34
1300014528301734,0,0,720x1280,1406286,53.44
2120218238836065,0,0,720x1280,942584,71.57
970702658955414,0,0,720x1280,1528645,29.84
1706914207334653,0,0,720x1280,1393660,28.86
892399700479760,0,0,720x1280,967497,48.32
2094624967986267,0,0,720x1280,918123,35.18
1257639629903436,0,0,720x1280,705628,40.92
1677552406571209,0,0,720x1280,841155,33.02
1629675654924775,0,0,720x1280,457791,24.25
928550653256515,0,0,720x1280,886574,39.98
2388503891642566,0,0,720x1280,797896,52.31
979626977901900,0,0,720x1280,1154630,44.16
1488525479334576,0,0,720x1280,1202526,41.09
1458602939352865,0,0,720x1280,745146,50.09
1660631924974339,0,0,720x1280,820474,32.08
1025418433476462,0,0,720x1280,975413,25.9
946578058140761,0,0,720x1280,2159002,69.05
1280146903794468,0,0,720x1280,535532,16.79
4216193448647693,0,0,720x1280,705628,40.92
1638639490679571,0,0,720x1280,1163774,47.83
876583388784328,0,0,720x1280,1244498,33.92
2154159342046433,0,0,720x1280,1776545,69.55
2701220936928037,0,0,720x1280,759848,63.19
960123896753761,0,0,720x1280,1602979,45.29
1686679699000031,0,0,720x1280,859495,47.98
1292619755641005,0,0,720x1280,1106359,40.11
1897474770928730,0,0,720x1280,841155,33.02
1652974085821089,0,0,720x1280,1228265,32.96
3753984338076916,0,0,720x1280,2159002,69.05
1979317382961809,0,0,720x1280,788160,37.14
815777861234969,0,0,720x1280,457791,24.25
1592044018737354,0,0,720x1280,652333,32.02
876285282244370,0,0,720x1280,322289,25.58
920193407589752,0,0,720x1280,671418,50.79
1643092743565496,0,0,720x1280,1455604,50.09
26342476628786885,0,0,720x1280,1137331,34.75
4500291830191736,0,0,720x1280,1118153,47.21
960381926780829,0,0,720x1280,1783647,28.99
986710711203181,0,0,720x1280,1494639,67.65
959500716517162,0,0,720x1280,885068,52.99
4292515307668393,0,0,720x1280,1393660,28.86
955990643908718,0,0,720x1280,1150027,27.71
26670396275954443,0,0,720x1280,462807,23.27
979450941709260,0,0,720x1280,2060558,59.11
1447730720180243,0,0,720x1280,918123,35.18
981003261006458,0,0,720x1280,1244498,33.92
1124450573189262,0,0,720x1280,1044142,28.69
4641390749474437,0,0,720x1280,1285454,44.16
1679656313349867,0,0,720x1280,1165993,28.99
2505171623253330,0,0,720x1280,942584,71.57
869097026219993,0,0,720x1280,1202526,41.09
920684857670148,0,0,720x1280,476327,25.47
1473041047655931,0,0,720x1280,1053174,32.83
1648971856222147,0,0,720x1280,2011075,68.16
1503072351399232,0,0,720x1280,899735,29.99
954861997511251,0,0,720x1280,810052,50.09
969163899316714,0,0,720x1280,2011075,68.16
1115265437463707,0,0,720x1280,1190074,69.97
896100040116048,0,0,720x1280,967497,48.32
984992170710940,0,0,720x1280,1021259,39.02
1632918904659828,0,0,720x1280,1467231,50.09
974150594960208,0,0,720x1280,909270,41.45
2012642789330329,0,0,720x1280,1304407,34.86
967686042515582,0,0,720x1280,1632924,44.03
840908545727210,0,0,720x1280,1155430,33.49
1883499019704596,0,0,720x1280,3281336,36.52
945070185072288,0,0,720x1280,1301820,41.58
1299553298337156,0,0,720x1280,641829,70.55
2204353180393978,0,0,720x1280,1229078,57.13
27112460661684304,0,0,720x1280,375685,24.79
1618813365848433,0,0,720x1280,1090855,36.48
1714158716684403,0,0,720x1280,825791,34.37
1030675609297107,0,0,720x1280,1202526,41.09
1592551325145055,0,0,720x1280,1113957,28.61
1285376607017338,0,0,720x1280,462807,23.27
1371368328372305,0,0,720x1280,1048672,19.16
1328346785805810,0,0,720x1280,2383399,46.42
4211823889130191,0,0,720x1280,508835,19.97
957532570497814,0,0,720x1280,941875,55.12
1605300637184266,0,0,720x1280,1044728,39.91
1316314037066625,0,0,720x1280,1776545,69.55
1309060790707208,0,0,720x1280,2011075,68.16
990313726753595,0,0,720x1280,759848,63.19
725235630646657,0,0,720x1280,394670,33.17
992672380372443,0,0,720x720,844516,35.16
2092245861321306,0,0,720x1280,636344,57.64
821984804005150,0,0,720x1280,957958,31.02
3316498475188105,0,0,720x1280,1030203,30.55
26168226789452355,0,0,720x1280,788160,37.14
998686606028867,0,0,720x1280,1155430,33.49
1594691094930621,0,0,720x1280,1248164,49.26
1251420677073716,0,0,720x1280,1244498,33.92
981223431511398,0,0,720x1280,1841612,73.83
1227219209350106,0,0,720x1280,957958,31.02
965183063075473,0,0,720x1280,2026165,24.75
1515067203533260,0,0,720x1280,941875,55.12
1653184542633277,0,0,720x1280,1690766,34.24
26591956137093279,0,0,720x1280,654671,43.71
1704435247382664,0,0,720x1280,3281336,36.52
847053931175223,0,0,720x1280,933239,52.54
1928379848037642,0,0,720x1280,326399,50.17
1280568334271585,0,0,720x1280,1383380,30.72
876595381443358,0,0,720x1280,1210331,42.94
1331606945546433,0,0,720x1280,2159002,69.05
1224292176310292,0,0,720x1280,825791,34.37
2168403830564045,0,0,720x1280,1018491,49.49
2536968253428776,0,0,720x1280,1011010,42.22
2269969620499402,0,0,720x1280,1088187,36.05
1505238367859240,0,0,720x1280,324706,38.72
1706609284023850,0,0,720x1280,1053174,32.83
2220176722113512,0,0,720x1280,1159034,35.16
1610994969957745,0,0,720x1280,671418,50.79
833989979759542,0,0,720x1280,967497,48.32
1517658706674605,0,0,720x1280,825791,34.37
930019113406036,0,0,720x1280,476327,25.47
858227866648949,0,0,720x1280,1467231,50.09
807614085565502,0,0,720x1280,1690766,34.24
1295050182727826,0,0,720x1280,615337,56.11
947073054868139,0,0,720x1280,1301820,41.58
1567766221632447,0,0,720x1280,1248164,49.26
1284301350495944,0,0,720x1280,1106359,40.11
888667267562500,0,0,720x1280,805658,48.28
1555341046258540,0,0,720x1280,1769414,64.75
1293320999431833,0,0,720x1280,1163774,47.83
1293550505557455,0,0,720x1280,1565256,42.09
1531173532000419,0,0,720x1280,1011010,42.22
3468765959958942,0,0,720x1280,1030203,30.55
717491314754581,0,0,720x1280,875933,49.11
734480859685959,0,0,720x1280,1295461,29.2
1333116955395722,0,0,720x1280,1602979,45.29
1004638178631775,0,0,720x1280,926186,37.76
959872013301221,0,0,720x1280,1154630,44.16
1676825953767096,0,0,720x1280,1150027,27.71
4325128924402660,0,0,720x1280,1444958,33.26
1682634462923678,0,0,720x1280,1383380,30.72
1510029493813221,0,0,720x1280,952269,28.99
1318281880450717,0,0,720x1280,1141381,37.35
992457370127075,0,0,720x1280,1185680,80.64
961457740019518,0,0,720x1280,737892,53.31
2149180252598588,0,0,720x1280,1118153,47.21
960292289945581,0,0,720x1280,1010324,37.67
3128254054012661,0,0,720x1280,1137331,34.75
2282035235538969,0,0,720x1280,394670,33.17
2160539037836230,0,0,720x1280,868669,34.81
925449443638704,0,0,720x1280,846987,70.29
1685365425953446,0,0,720x1280,859495,47.98
2479659245833705,0,0,720x1280,1084340,34.9
3170929749745269,0,0,720x1280,379445,90.15
1766288344813815,0,0,720x1280,1783647,28.99
963998116611419,0,0,720x1280,1167721,40.45
966215432889068,0,0,720x1280,310266,44.07
1745597086849103,0,0,720x1280,1455077,28.33
1483495626521470,0,0,720x1280,1494639,67.65
2069285177340370,0,0,720x1280,1248164,49.26
2238985510203547,0,0,720x1280,1118469,31.21
1237252241877883,0,0,720x1280,1231750,49.71
893592617057361,0,0,720x1280,1202526,41.09
1472857190875267,0,0,720x1280,1655519,46.19
1026794740313685,0,0,720x1280,825791,34.37
1400742708539520,0,0,720x1280,781870,41.71
2250238389116857,0,0,720x1280,1144380,50.41
1655623609191725,0,0,720x1280,1219747,44.61
2909101879460289,0,0,720x1280,457791,24.25
1549558530222265,0,0,720x1280,1210331,42.94
1976761133717281,0,0,720x1280,1228265,32.96
1547555903540302,0,0,720x1280,1270540,34.9
1495070945529416,0,0,720x1280,757543,41.45
2148083845740644,0,0,720x1280,957958,31.02
2367717377368550,0,0,720x1280,1185680,80.64
1441837924379258,0,0,720x1280,781870,41.71
1136463338572869,0,0,720x1280,1474055,30.59
3387953328040082,0,0,720x1280,1118469,31.21
2071790433550826,0,0,720x1280,1011010,42.22
2046992506702404,0,0,720x1280,2026165,24.75
906156605788310,0,0,720x1280,1455604,50.09
1984310748856010,0,0,720x1280,555031,23.47
1296087632102451,0,0,720x1280,1392674,47.04
1000021972451745,0,0,720x1280,805658,48.28
1087463254453365,0,0,720x1280,698368,42.77
4082423051901954,0,0,720x1280,1190074,69.97
942367345082160,0,0,720x1280,1090855,36.48
1484771760111193,0,0,720x720,623097,40.55
1653137739166143,0,0,720x1280,1185680,80.64
3385102185164539,0,0,720x1280,2060558,59.11
839811269139842,0,0,720x1280,745146,50.09
1497560987900464,0,0,720x1280,508835,19.97
1176164031259480,0,0,720x1280,820474,32.08
1728644134968734,0,0,720x1280,706550,66.49
1494109405462807,0,0,720x1280,2383399,46.42
4404024616542731,0,0,720x1280,1002263,42.4
824526280306363,0,0,720x1280,933239,52.54
1267449912124220,0,0,720x1280,555031,23.47
1242981157906827,0,0,720x1280,1632924,44.03
995273783039925,0,0,720x1280,875196,50.64
1514417556866116,0,0,720x1280,615337,56.11
1653722725817987,0,0,720x1280,1076077,29.23
1779473963021054,0,0,720x1280,1455077,28.33
4414656942145630,0,0,720x1280,508835,19.97
1604451180614858,0,0,720x1280,375685,24.79
26295031813516077,0,0,720x1280,1080203,48.25
1464662801454982,0,0,720x1280,277023,67.58
2057853838497259,0,0,720x1280,1548347,31.42
4444707579134614,0,0,720x1280,1444958,33.26
1335172875137272,0,0,720x1280,1050187,37.33
2502707080175731,0,0,720x1280,654671,43.71
1288945649476800,0,0,720x1280,945313,29.16
1370366274946670,0,0,720x1280,1113957,28.61
1488073576103618,0,0,720x1280,698368,42.77
1221948466595673,0,0,720x1280,1073990,38.33
993375999725505,0,0,720x1280,1167721,40.45
2064409367758999,0,0,720x1280,1078246,38.31
2037303586855288,0,0,720x1280,698368,42.77
2877629302579404,0,0,720x1280,825791,34.37
835384069629859,0,0,720x1280,1078246,38.31
1343141777630823,0,0,720x1280,2179056,47.96
1851964862087655,0,0,720x1280,536902,89.62
1642682883632159,0,0,720x1280,795600,52.05
1326732156052418,0,0,720x1280,773174,59.82
1495057108934221,0,0,720x720,295955,23.89
1701651697935230,0,0,720x1280,1157972,55.23
1506950921002125,0,0,720x1280,766096,41.34
1261771975661596,0,0,720x1280,257182,38.45
1013466967686150,0,0,720x1280,1296539,42.54
1685447422464956,0,0,720x1280,773174,59.82
881727308209965,0,0,720x1280,1101232,48.49
822019604253506,0,0,720x1280,526107,70.46
974140661688188,0,0,720x1280,705929,56.75
1433159625277891,0,0,720x1280,375899,61.05
26125248277177953,0,0,720x1280,468841,77.09
987241837589243,0,0,720x1280,866933,32.19
894479153624093,0,0,720x1280,978498,36.99
2158818621597371,0,0,720x1280,674775,43.56
2158462321608573,0,0,720x1280,899735,29.99
829321840224716,0,0,720x1280,893379,26.9
4425769041080368,0,0,720x1280,1385498,28.91
1459186306004468,0,0,720x1280,1304407,34.86
4417336568500421,0,0,720x1280,706550,66.49
943620374955183,0,0,720x1280,1053174,32.83
2001299393844156,0,0,720x1280,1252809,48.11
26617501507876670,0,0,720x1280,805658,48.28
956287430357321,0,0,720x1280,973572,45.99
2476605526098229,0,0,720x1280,703333,55.79
1536411941329964,0,0,720x1280,1665810,38.21
2833310423703622,0,0,720x1280,926186,37.76
1661161988339623,0,0,720x1280,1448216,52.05
954621050709416,0,0,720x1280,703333,55.79
1011854077861728,0,0,720x1280,973572,45.99
1660021821919357,0,0,720x1280,1185475,25.15
953857770870220,0,0,720x1280,926186,37.76
27932844696318320,0,0,720x1280,1486683,49.96
1426019572856130,0,0,720x1280,403383,71.83
4441412029519259,0,0,720x1280,1758588,48.98
1638251300797325,0,0,720x1280,1154630,44.16
1714713006202899,0,0,720x1280,1228224,51.71
1519183813092055,0,0,720x1280,495930,25.0
1856979208332377,0,0,720x1280,1068852,40.87
995474763431312,0,0,720x1280,495930,25.0
1324308712904279,0,0,720x1280,556104,37.89
975886871718212,0,0,720x1280,1119238,58.96
4309710132600481,0,0,720x1280,1548347,31.42
1427122046102047,0,0,720x1280,1182382,55.04
4290098487973202,0,0,720x1280,1964841,32.04
2012397439485192,0,0,720x1280,1505422,59.09
1270519995162704,0,0,720x1280,1133440,35.63
1742378790261594,0,0,720x1280,495930,25.0
1645212966784073,0,0,720x1280,1040144,38.74
1626034001814352,0,0,720x1280,1784429,43.35
1523052696135524,0,0,720x1280,1455077,28.33
1526192532480742,0,0,720x1280,1113002,40.68
2462011570955819,0,0,720x1280,1048470,32.49
755788270889411,0,0,720x1280,1054484,52.76
961036996847414,0,0,720x1280,3281336,36.52
1357559996224113,0,0,720x1280,1665810,38.21
1510521857442967,0,0,720x1280,641829,70.55
1204258391720574,0,0,720x1280,957958,31.02
4213597842242138,0,0,720x1280,652333,32.02
1009126704917577,0,0,720x1280,1210331,42.94
1306231228368803,0,0,720x1280,1185475,25.15
2903421953330894,0,0,720x1280,784054,25.02
1284743680391630,0,0,720x1280,781870,41.71
1312273210331672,0,0,720x1280,1210331,42.94
1473242320615654,0,0,720x1280,1119238,58.96
1004438218941464,0,0,720x1280,1185680,80.64
1315308839934589,0,0,720x1280,1448216,52.05
1466740917939266,0,0,720x1280,1050187,37.33
2206910626727153,0,0,720x1280,1210331,42.94
4540727896198471,0,0,720x1280,652333,32.02
2010892052833632,0,0,720x1280,536902,89.62
1015907504329532,0,0,720x1280,568953,51.63
1270866117980436,0,0,720x1280,758687,72.28
1959256218044145,0,0,720x1280,644843,52.73
1479084277297129,0,0,720x1280,526107,70.46
1350633686991222,0,0,720x1280,795600,52.05
1984556269094861,0,0,720x1280,498704,64.72
1529031282072857,0,0,720x1280,495244,50.75
1390725829744328,0,0,720x1280,2329501,30.89
1634637974461648,0,0,720x1280,1034782,40.25
1296584732668823,0,0,720x1280,433512,41.88
1317399247037470,0,0,720x1280,1075331,38.31
1300255132287922,0,0,720x1280,433512,41.88
1529591205546777,0,0,720x1280,1071602,45.82
4566008667010641,0,0,720x1280,833709,49.94
703050002902917,0,0,720x1280,498704,64.72
1743357160437955,0,0,720x1280,1008044,37.33
1500146871561558,0,0,720x1280,1117916,64.79
1014801664308233,0,0,720x1280,1034782,40.25
1034041895626221,0,0,720x1280,978498,36.99
1300050945064302,0,0,720x1280,1075331,38.31
969700349268024,0,0,720x1280,568953,51.63
2451068958721852,0,0,720x1280,833709,49.94
2018970885719105,0,0,720x1280,705929,56.75
1022586203666228,0,0,720x1280,891278,19.65
942082795041598,0,0,720x1280,907227,57.68
887955943678596,0,0,720x1280,1259170,45.61
1503317931521366,0,0,720x1280,498695,54.14
985576927210131,0,0,720x1280,926186,37.76
1726412415058913,0,0,720x1280,1077307,70.19
1994247904545818,0,0,720x1280,1216739,48.43
1488914539399319,0,0,720x1280,848062,57.39
2468285216977452,0,0,720x1280,1139347,33.88
1377415020913215,0,0,720x1280,1185119,48.02
1675155500460063,0,0,720x1280,1159197,31.08
1087417490926752,0,0,720x1280,1185119,48.02
2301236813739561,0,0,720x1280,1123698,41.75
1022434796890840,0,0,720x1280,544807,34.28
1325949222966537,0,0,720x1280,1185119,48.02
2000356520863551,0,0,720x1280,1649523,49.32
1013031401115448,0,0,720x1280,492803,191.27
1585617636898981,0,0,720x1280,1149702,29.2
1628739848211557,0,0,720x1280,867200,32.55
1041331531793186,0,0,720x1280,1185119,48.02
2828668334192442,0,0,720x1280,2618633,26.35
1328300965840646,0,0,720x1280,762562,28.69
989544863558229,0,0,720x1280,860238,43.09
2846803885657346,0,0,720x1280,885315,28.78
1257723099480067,0,0,720x1280,1337471,53.59
1497075785250883,0,0,720x1280,867200,32.55
3264317643755663,0,0,720x1280,2091735,34.62
1318121753627923,0,0,720x1280,1208911,33.98
1728784508257822,0,0,720x1280,1149702,29.2
985145291157544,0,0,720x1280,1572517,39.81
4296580653926356,0,0,720x1280,2091735,34.62
1349413790381614,0,0,720x1280,762562,28.69
963007006510526,0,0,720x1280,701496,44.22
2544633702634148,0,0,720x1280,1159197,31.08
1737265357272628,0,0,720x1280,388504,65.9
27494098080215685,0,0,720x1280,911001,38.44
26811535081806561,0,0,720x1280,388504,65.9
2312195699188392,0,0,720x1280,910174,40.64
975996065285604,0,0,720x1280,1139347,33.88
998543456028693,0,0,720x1280,544807,34.28
1355879426392568,0,0,720x1280,544807,34.28
1463268341677786,0,0,720x1280,2141839,47.49
2438971033237539,0,0,720x1280,1159197,31.08
2406759349808828,0,0,720x1280,1260932,31.4
820127957618228,0,0,720x1280,544807,34.28
900745539757586,0,0,720x1280,1159197,31.08
1316309580688725,0,0,720x1280,885315,28.78
1505587977729241,0,0,720x1280,1408756,38.78
2495683897596153,0,0,720x1280,1573904,44.65
1212260880908199,0,0,720x1280,1159197,31.08
1347913483864622,0,0,720x1280,1598602,45.97
26998229939840758,0,0,720x1280,1573904,44.65
978177095098389,0,0,720x1280,1139347,33.88
976317738621747,0,0,720x1280,860238,43.09
2119140315611050,0,0,720x1280,860238,43.09
1640816750526652,0,0,720x1280,860238,43.09
1301407418240081,0,0,720x1280,2141839,47.49
1012224571313537,0,0,720x1280,1408756,38.78
1169582301967723,0,0,720x1280,494757,29.95
1710087066843185,0,0,720x1280,926186,37.76
1677639010144848,0,0,720x1280,860238,43.09
1303786048023058,0,0,720x1280,1139347,33.88
1711001836720468,0,0,720x1280,826701,41.58
1555389392591097,0,0,720x1280,1265733,60.59
1500392072102714,0,0,720x1280,1123698,41.75
2270309397109641,0,0,720x1280,1408756,38.78
1629916878227863,0,0,720x1280,867424,36.22
1962399937815466,0,0,720x1280,860238,43.09
1768520967841938,0,0,720x1280,1224863,37.78
947133261656713,0,0,720x1280,529138,26.77
4107404316224571,0,0,720x1280,860238,43.09
2229287067891015,0,0,720x1280,959347,8.96
1311776783725351,0,0,720x1280,1115461,31.4
993362263414101,0,0,720x1280,1139347,33.88
1701116024258615,0,0,720x1280,1408756,38.78
27982903524633146,0,0,720x1280,860238,43.09
1329958215899466,0,0,720x1280,1077307,70.19
1384270370430134,0,0,720x1280,494757,29.95
990347163802225,0,0,720x1280,1224863,37.78
1801977730789968,0,0,720x1280,544807,34.28
1701300371040609,0,0,720x1280,529138,26.77
1011599144785131,0,0,720x1280,912449,35.22
2470813780057683,0,0,720x1280,1224863,37.78
2563194657448953,0,0,720x1280,1408756,38.78
1744180170070541,0,0,720x1280,957307,29.37
1694758394881604,0,0,720x1280,1058983,30.61
1474458497230488,0,0,720x1280,2618633,26.35
1732380821513009,0,0,720x1280,494757,29.95
2187186002058927,0,0,720x1280,494757,29.95
934970286262057,0,0,720x1280,1688734,31.55
1561329018844614,0,0,720x1280,828650,56.19
2079704669260233,0,0,720x1280,555740,55.23
2082321505965509,0,0,720x1280,1224863,37.78
1700082744465484,0,0,720x1280,1224863,37.78
2772625586437847,0,0,720x1280,494757,29.95
1724985298506481,0,0,720x1280,1066274,41.45
962713016574724,0,0,720x1280,1154945,62.68
1653266972572375,0,0,720x1280,1154945,62.68
1524706855951660,0,0,720x1280,957307,29.37
1331481325833376,0,0,720x1280,529138,26.77
1487362129537955,0,0,720x1280,494757,29.95
1009692828663783,0,0,720x1280,529138,26.77
1722407235776727,0,0,720x1280,957307,29.37
3588732101266015,0,0,720x1280,973423,48.45
1671673823890460,0,0,720x1280,1265733,60.59
1536856024770034,0,0,720x1280,957307,29.37
2098355081092484,0,0,720x1280,957307,29.37
1364006092255413,0,0,720x1280,529138,26.77
1650201839616756,0,0,720x1280,1889276,40.45
1015949454132376,0,0,720x1280,957307,29.37
1023230697042440,0,0,720x1280,1889276,40.45
2283416315525470,0,0,720x1280,1224863,37.78
1499237924705868,0,0,720x1280,1185119,48.02
1272952361273336,0,0,720x1280,865260,49.79
969504339283890,0,0,720x1280,494757,29.95
1318147317052647,0,0,720x1280,1528397,48.49
1004657832250578,0,0,720x1280,1260932,31.4
1481936509872557,0,0,720x1280,1224863,37.78
950838251282665,0,0,720x1280,1115461,31.4
1544380703870356,0,0,720x1280,529138,26.77
1223535143082969,0,0,720x1280,529138,26.77
1305419434597035,0,0,720x1280,957307,29.37
1289311326649348,0,0,720x1280,1153358,59.09
883747533984473,0,0,720x1280,1523484,33.94
1018987467129308,0,0,720x1280,865260,49.79
957527410496428,0,0,720x1280,1341865,37.97
1007859061967446,0,0,720x1280,767089,31.91
1536715494649558,0,0,720x1280,973423,48.45
1466438068588297,0,0,720x1280,896986,51.84
2036534961078679,0,0,720x1280,197078,32.34
1293666709499380,0,0,720x1280,451837,23.89
1895734594401619,0,0,720x1280,1054484,52.76
974298155593175,0,0,720x1280,1077307,70.19
2405799469887575,0,0,720x1280,1077307,70.19
844541795395576,0,0,720x1280,2618633,26.35
1311608444365772,0,0,720x1280,1249603,105.72
2490035064776770,0,0,720x1280,2618633,26.35
1278191154031620,0,0,720x1280,1108371,14.55
771032532665618,0,0,720x1280,866489,6.95
1719075089266767,0,0,720x1280,1012911,45.61
833176272826506,0,0,720x1280,470603,77.09
995431933016008,0,0,720x1280,1181365,51.41
1509492873884162,0,0,720x1280,1077307,70.19
36996275276638007,0,0,720x720,609088,49.58
1019095820441633,0,0,720x1280,1325938,25.07
4379684485635761,0,0,720x1280,2618633,26.35
1901269943919389,0,0,720x1280,1260932,31.4
2446046299152595,0,0,720x1280,1265733,60.59
1180867061766442,0,0,720x1280,1108371,14.55
1625873801849131,0,0,720x720,758926,26.92
1030563102970448,0,0,720x1280,1054484,52.76
1346433270765484,0,0,720x1280,1325938,25.07
1581838189759945,0,0,720x720,701529,47.79
2142674293222089,0,0,720x1280,1265733,60.59
3931456330493777,0,0,720x1280,1115461,31.4
1011849414860904,0,0,720x1280,1265733,60.59
2203490913744323,0,0,720x1280,1260932,31.4
4475712959365662,0,0,720x1280,1115461,31.4
1270525948569198,0,0,720x1280,1454268,49.21
1034306395923315,0,0,720x1280,1115461,31.4
1310942920479367,0,0,720x1280,1942106,62.14
1698470371304291,0,0,720x1280,767089,31.91
2099275117301825,0,0,720x720,701529,47.79
991969836753167,0,0,720x1280,1134437,47.69
1000224085729870,0,0,720x1280,1022185,44.22
2554854708282850,0,0,720x1280,1525934,34.75
866981022429514,0,0,720x1280,1071724,41.56
4691227711105054,0,0,720x1280,767089,31.91
1636097347513415,0,0,720x1280,773174,59.82
2140866776750997,0,0,720x1280,1295366,43.45
1666367364780907,0,0,720x1280,375899,61.05
1506409264305894,0,0,720x1280,1041656,34.28
1679783823054856,0,0,720x1280,1625731,55.68
27122402534086529,0,0,720x1280,1041656,34.28
1458281322361409,0,0,720x1280,1358184,41.56
1066340023015133,0,0,720x1280,1498405,40.0
1008328898373593,0,0,720x1280,718752,23.02
1017943474524070,0,0,720x1280,991687,18.71
999136349755639,0,0,720x1280,1625731,55.68
1344878170866731,0,0,720x1280,1041656,34.28
1359841639365969,0,0,720x1280,1041656,34.28
990352297082515,0,0,720x1280,1409005,30.11
1037814022250953,0,0,720x1280,1625731,55.68
2250006169146539,0,0,720x1280,1625731,55.68
2769559763418086,0,0,720x1280,1625731,55.68
1188908510963474,0,0,720x1280,1620096,35.11
1788001398845945,0,0,720x1280,1625731,55.68
1537221441214812,0,0,720x1280,2083614,23.21
1650289427097173,0,0,720x1280,1283142,48.96
1291230196517358,0,0,720x1280,1041656,34.28
998421769434433,0,0,720x1280,1043375,41.34
1637372094227141,0,0,720x1280,1546516,31.4
1524329376091352,0,0,720x1280,738806,38.36
3564436110374473,0,0,720x1280,979636,33.28
1688911125634993,0,0,720x1280,1225960,33.94
1356426436337931,0,0,720x1280,1523484,33.94
1561773591951150,0,0,720x1280,1259131,57.98
1635446724422738,0,0,720x1280,1012982,24.85
1334889925416629,0,0,720x1280,1701270,57.71
2216599412438097,0,0,720x1280,1559744,47.08
1500516918382773,0,0,720x1280,1131169,43.73
2407354493083441,0,0,720x1280,1224688,28.03
853384804024221,0,0,720x1280,1577326,41.9
1553049886391368,0,0,720x1280,718752,23.02
2803693386660290,0,0,720x1280,822348,29.95
2147013479483812,0,0,720x1280,948639,40.79
2075221883346083,0,0,720x1280,1401295,31.08
1699804464616882,0,0,720x1280,1193764,52.46
3971658792964044,0,0,720x1280,901394,19.71
1001920132811784,0,0,720x1280,1625731,55.68
36525046867093608,0,0,720x1280,1525934,34.75
2063488454599605,0,0,720x1280,1620096,35.11
1567890598025665,0,0,720x1280,1124842,26.54
1353065573407452,0,0,720x1280,1525934,34.75
803170229331324,0,0,720x1280,1371967,41.21
1355392709825401,0,0,720x1280,987171,38.31
3359463744214834,0,0,720x1280,1498405,40.0
1359578639392264,0,0,720x1280,698988,69.55
3040928739429154,0,0,720x1280,875476,34.24
1549310346578195,0,0,720x1280,968603,42.75
2005158646795279,0,0,720x1280,1371967,41.21
2773343266355319,0,0,720x1280,901394,19.71
1316271846669677,0,0,720x1280,801733,44.73
2115711899302070,0,0,720x1280,1038101,40.25
1571501974333983,0,0,720x1280,875476,34.24
1660858375135743,0,0,720x1280,875476,34.24
2251716805656304,0,0,720x1280,1160668,30.72
1496480095586708,0,0,720x1280,2083614,23.21
1000699919023827,0,0,720x1280,875476,34.24
875327102286852,0,0,720x1280,875476,34.24
1673473457313905,0,0,720x1280,875476,34.24
2071822720034134,0,0,720x1280,875476,34.24
3064960277032195,0,0,720x1280,1796121,67.09
1327267376206202,0,0,720x1280,955879,41.11
1308990824214902,0,0,720x1280,1015750,31.81
1521686099968292,0,0,720x1280,901848,66.75
2310427539481023,0,0,720x1280,988140,48.79
1558182202492615,0,0,720x1280,1344794,29.55
2369751233551128,0,0,720x1280,767089,31.91
2641474309587811,0,0,720x1280,718752,23.02
2873166289694383,0,0,720x1280,718752,23.02
1652269289164044,0,0,720x1280,718752,23.02
1197447455800650,0,0,720x1280,901394,19.71
1432470592246085,0,0,720x1280,901394,19.71
1495472408716092,0,0,720x1280,1525934,34.75
1296064569362246,0,0,720x1280,901394,19.71
1039905945883728,0,0,720x1280,1325938,25.07
1061382179740833,0,0,720x1280,400868,8.62
1724031045284359,0,0,720x1280,1498405,40.0
1000886632936275,0,0,720x1280,1498405,40.0
2015053139404947,0,0,720x1280,973572,45.99
1217240273745791,0,0,720x1280,1498405,40.0
26911484771845811,0,0,720x1280,1498405,40.0
2443105446101740,0,0,720x1280,1498405,40.0
1646539509973802,0,0,720x1280,1498405,40.0
1036584785402285,0,0,720x1280,1525934,34.75
1500440954766383,0,0,720x1280,1525934,34.75
2501529263605263,0,0,720x1280,1620096,35.11
1687411885636150,0,0,360x640,286207,22.25
1172585451672422,0,0,720x1280,2900229,30.55
4328377604041100,0,0,720x1280,1038549,22.48
996997993257293,0,0,720x1280,1570588,38.61
1726323228720419,0,0,720x1280,809750,42.28
1635016610905029,0,0,720x1280,759091,32.19
1680615213081868,0,0,720x1280,1527402,44.61
764954353306974,0,0,720x1280,1380305,22.72
2046255255930438,0,0,720x1280,1029685,35.41
1498882485354087,0,0,720x1280,1279006,32.11
1000169915758853,0,0,720x1280,1403608,30.12
2202318807288664,0,0,720x1280,1366266,31.57
1966896044032369,0,0,720x1280,1304209,37.4
1716910039339239,0,0,720x1280,620712,26.99
906633782444832,0,0,720x1280,1221959,37.82
976375551848837,0,0,720x1280,951675,45.29
1455142066295736,0,0,720x1280,1073882,42.45
1449797707082254,0,0,720x1280,1525934,34.75
847357824665423,0,0,720x1280,1163776,53.16
1320611019512097,0,0,720x1280,1620096,35.11
1678500320119217,0,0,720x1280,1876929,30.21
1511239463793904,0,0,720x1280,847185,33.11
1001496475609120,0,0,720x1280,909787,18.96
1564106068677720,0,0,720x1280,1405802,27.86
4318989495033729,0,0,720x1280,1525934,34.75
3196256247224525,0,0,720x1280,1369134,32.62
27268288746190443,0,0,720x1280,1138146,45.67
1307444947667286,0,0,720x1280,686012,63.12
925673733678297,0,0,720x1280,560331,37.89
943077205374197,0,0,720x1280,978275,62.85
972740062202300,0,0,720x1280,1261600,42.47
954571814046530,0,0,720x1280,1210331,42.94
1539307817777791,0,0,720x1280,1201703,33.83
1328959226036759,0,0,720x1280,819278,47.08
1510761807190895,0,0,720x1280,1798447,38.61
4001385613487843,0,0,720x1280,1185680,80.64
27164587509825001,0,0,720x1280,388504,65.9
824290690534939,0,0,720x1280,1304407,34.86
1057132903335321,0,0,720x1280,566358,40.08
907001725743671,0,0,720x1280,1385498,28.91
4356269961279689,0,0,720x1280,932584,28.24
4198651363612430,0,0,720x1280,1181365,51.41
3734932646646722,0,0,720x1280,1034782,40.25
1487853392436697,0,0,720x1280,498704,64.72
1044099954803974,0,0,720x1280,932584,28.24
879780724428689,0,0,720x1280,1075331,38.31
872455912576404,0,0,720x1280,433512,41.88
973966135458716,0,0,720x1280,1181365,51.41
1665952551144851,0,0,720x1280,1117916,64.79
1435007378435198,0,0,720x1280,566358,40.08
1337846945211681,0,0,720x1280,1385498,28.91
962640563254667,0,0,720x1280,1008044,37.33
2008268559798673,0,0,720x1280,1304407,34.86
830827740038509,0,0,720x1280,1113002,40.68
947770501599395,0,0,720x1280,1796121,67.09
1612614686503372,0,0,720x1280,1036597,40.38
2428035340942905,0,0,720x1280,487448,25.07
1456203896191010,0,0,720x1280,1338842,30.95
1403248248278464,0,0,720x1280,487448,25.07
986162187597364,0,0,720x1280,901848,66.75
2154787301730525,0,0,720x1280,901848,66.75
796237126852641,0,0,720x1280,901848,66.75
1666736444644442,0,0,720x1280,1338842,30.95
1037406932183506,0,0,720x1280,1338842,30.95
1722807232402706,0,0,720x1280,1338842,30.95
2014967315771895,0,0,720x1280,901848,66.75
3294416307404381,0,0,720x1280,1338842,30.95
2246774942840842,0,0,720x1280,1338842,30.95
2055380618414066,0,0,720x1280,1338842,30.95
1475985547091281,0,0,720x1280,487448,25.07
1488277815957869,0,0,720x1280,1224220,44.65
36026325717014917,0,0,720x1280,487448,25.07
4114467625363486,0,0,720x1280,487448,25.07
2046521053414270,0,0,720x1280,1715218,27.54
4417370535206792,0,0,720x1280,487448,25.07
2155766768590897,0,0,720x1280,1528397,48.49
1612701149834888,0,0,720x1280,945313,29.16
979397958248683,0,0,720x1280,1224220,44.65
