ad_id,version_index,creative_index,video_resolution,video_bitrate,duration_s
1477183203777341,0,0,720x720,1280814,56.19
1293067956117881,0,0,720x720,1092279,57.94
1182441817236590,0,0,720x720,431439,53.59
967017965779261,0,0,720x720,428208,67.28
1261894342696646,0,0,720x720,728153,98.75
2203881063685200,0,0,720x1276,1148947,80.99
1386304936584896,0,0,720x720,708311,48.79
2162968067812618,0,0,720x1280,750968,43.19
2718857995158689,0,0,720x720,774812,78.36
950441070968656,0,0,720x720,474771,48.07
953470727433696,0,0,720x720,572007,53.61
1913593379351763,0,0,720x1280,959684,41.07
953292117697900,0,0,720x720,845010,49.11
842899398339565,0,0,720x720,794960,42.52
922333753982552,0,0,720x720,609231,55.81
1670382757639077,0,0,720x720,582690,57.28
995718232905948,0,0,720x720,932803,64.98
26831805176478505,0,0,720x720,544589,59.24
1668568907754755,0,0,720x720,609889,47.72
1333380855312442,0,0,720x1280,1007172,34.46
1494320365675491,0,0,720x1280,1065241,70.29
1865042314101385,0,0,720x1280,943336,52.22
2185353608668047,0,0,720x720,944573,76.23
1470861051315043,0,0,720x720,450667,38.38
3391983870966275,0,0,720x720,1341083,76.02
906995315729188,0,0,720x720,619574,51.18
3226076084220389,0,0,720x1280,1273269,31.74
1281577630753736,0,0,720x720,927755,61.3
1467213678402110,0,0,720x720,840601,40.47
1382923387003958,0,0,720x720,743311,27.54
1646829209907293,0,0,720x1280,1251568,29.35
2677142752658813,0,0,720x1280,968363,54.8
1694023131623811,0,0,720x1280,1204398,38.15
26864506773237930,0,0,720x720,733947,54.78
1277243397882538,0,0,720x720,585030,44.67
2429663597501268,0,0,720x720,845010,49.11
1702346954551106,0,0,720x1280,1027835,37.2
1429462188410527,0,0,720x720,846272,53.44
1306098638255345,0,0,720x1280,649904,65.88
2165128834325739,0,0,720x720,461542,58.92
861281100343417,0,0,720x1280,1341636,42.54
2442362952880772,0,0,720x720,533997,57.32
1006329295201378,0,0,720x1280,1352496,49.32
1542208837423364,0,0,720x720,471627,33.92
1008847321469743,0,0,720x720,900424,49.64
810679145097987,0,0,720x720,921970,40.2
958273773623414,0,0,720x720,808327,56.85
2331531480702586,0,0,720x720,557221,50.6
1655535008789619,0,0,720x1280,1349726,57.75
1631492917935092,0,0,720x720,816093,29.49
1263424899236990,0,0,720x720,821878,133.59
813412201592967,0,0,720x720,463513,61.84
1674695527105346,0,0,720x720,1078503,56.32
1666733754369589,0,0,720x720,664287,34.06
940578045564403,0,0,720x1280,1334681,93.85
1293999789370021,0,0,720x720,406370,41.68
802134739188636,0,0,720x720,471492,62.99
2504659850014715,0,0,720x1280,794869,29.29
2047136142819030,0,0,720x720,788339,53.23
1534951244867864,0,0,720x1280,1302644,42.52
2295536704309986,0,0,720x1280,1251770,30.7
2235801616953885,0,0,720x720,809140,39.75
1816385469321451,0,0,720x720,685150,193.9
965390732957236,0,0,720x720,706493,27.54
1482004609604227,0,0,720x720,480519,58.17
822646964213690,0,0,720x720,482257,61.48
1685482815926044,0,0,720x720,513694,27.19
1282823553919831,0,0,720x720,657573,47.76
1446240430854536,0,0,720x720,737995,86.74
1751381559566795,0,0,720x1280,1648773,48.4
2191004834982270,0,0,720x720,989952,33.5
35711967805116200,0,0,720x720,471627,33.92
942092611562781,0,0,720x720,504225,60.37
1685505725983692,0,0,720x720,922642,62.72
2528750337543867,0,0,720x720,910580,68.16
1301259608777420,0,0,720x720,622697,50.08
2033981820847254,0,0,720x720,585023,51.31
958926196946861,0,0,720x720,604681,52.78
1476659844143221,0,0,720x720,942180,73.28
1682994332739683,0,0,720x720,567597,89.64
2048236592746332,0,0,712x1266,772176,32.76
2053832001834030,0,0,720x1280,803570,38.59
812647415013944,0,0,720x720,1033725,65.17
2405709006591713,0,0,720x720,501633,25.96
1480436776901571,0,0,720x720,489423,29.31
970516062537557,0,0,720x720,589813,53.68
26440235635678026,0,0,720x1280,1537678,38.87
969146279157123,0,0,720x1280,1296520,54.8
983234034190027,0,0,720x720,572359,48.18
2004608190130920,0,0,720x720,506501,70.7
1468615711427185,0,0,720x720,1160987,57.41
984918357242547,0,0,720x720,1053574,62.11
3028455167350044,0,0,720x1280,1321610,41.11
1279276767638086,0,0,720x720,779923,39.25
931187749685280,0,0,720x720,684948,112.43
1348762350434051,0,0,720x1280,1403349,45.65
1687496652376090,0,0,720x720,545208,65.94
1598629301201879,0,0,720x1280,897668,48.13
962132652878187,0,0,720x720,703683,114.24
993529143162192,0,0,720x720,393072,31.79
1349370937055281,0,0,720x720,546439,58.24
1478426623765158,0,0,720x720,526073,37.55
2850844975268677,0,0,720x720,558849,72.04
1686360975738216,0,0,720x720,520224,51.05
4446530095614785,0,0,720x720,506937,70.36
999336602437836,0,0,720x720,554109,147.18
2204005596804828,0,0,720x720,380295,30.11
982953024519886,0,0,720x720,974749,68.78
1416378913857622,0,0,720x1280,842955,34.32
2468043330284583,0,0,720x720,774812,78.36
1026640269709018,0,0,720x1280,1501104,57.68
1561713398936768,0,0,720x1280,984232,35.15
2161668907979676,0,0,720x720,531639,47.96
1025052986513701,0,0,720x1280,917079,44.41
1294983332740325,0,0,720x1280,1306857,52.82
1498207608381120,0,0,720x720,1012816,64.25
838145219358586,0,0,720x720,367371,65.88
951439150997123,0,0,720x720,448397,38.43
1672373224199119,0,0,720x720,1023521,36.16
2809428052749261,0,0,720x720,526073,37.55
1000338829196892,0,0,720x1280,995483,35.43
831865046236591,0,0,720x720,576053,61.12
1671433074080008,0,0,720x1280,1257432,48.62
1342031744648586,0,0,720x1280,1033435,60.67
2217341015763503,0,0,720x1280,1556072,49.04
1641975910360142,0,0,720x1280,2016200,43.4
2030240231207465,0,0,720x1280,1509721,41.62
952737910984432,0,0,720x1280,1223900,33.02
3443849799125735,0,0,720x1280,878526,50.49
847846551131630,0,0,720x720,406216,44.4
1607956950303032,0,0,720x900,405197,22.68
937743845921852,0,0,720x1280,856424,46.86
2170637817088886,0,0,720x720,469581,35.07
1483250163405257,0,0,720x720,740978,62.69
1531687464577242,0,0,720x720,568648,53.29
1598934404482182,0,0,720x720,546758,39.26
931936369278461,0,0,720x720,847106,23.27
1030503980140114,0,0,720x720,644563,37.75
884905214442278,0,0,720x720,535949,50.66
880800171143322,0,0,720x1280,525086,46.46
1511111056828106,0,0,720x1280,905332,42.88
1606416436942554,0,0,720x720,408088,57.15
954809496875720,0,0,720x720,458979,41.33
4438025873093504,0,0,720x1280,1386825,43.14
1384125720047598,0,0,720x1280,593012,32.4
1569837701108499,0,0,720x1280,521360,31.23
25689263567435851,0,0,720x1280,1220011,48.38
1598944374618214,0,0,720x1280,572713,30.61
1857730538277430,0,0,720x720,727130,33.78
937087548666909,0,0,720x720,598057,36.78
767982765971645,0,0,720x720,613724,42.24
1242925180598225,0,0,720x720,461422,40.96
903649205408344,0,0,720x720,516231,53.52
858959107181092,0,0,720x720,699777,32.37
1615741946275334,0,0,720x720,624690,54.45
965434199345665,0,0,720x720,632115,53.76
4487212464857580,0,0,720x720,600902,42.79
1420564419556783,0,0,720x720,670186,39.73
2337690173390963,0,0,720x720,465286,41.42
1447298590404255,0,0,720x720,958613,68.76
2163947724344247,0,0,720x720,590815,57.94
2105293576950861,0,0,720x720,657287,52.59
1624410095245730,0,0,360x360,175664,37.71
960506216864353,0,0,720x1280,1102288,59.7
1696524301725159,0,0,720x720,402305,42.96
1224354406554260,0,0,720x720,1348586,34.11
3003093209899598,0,0,720x720,773580,42.77
1327836129169546,0,0,720x720,458288,41.05
2216320602522093,0,0,720x720,1227629,34.37
3034428376940626,0,0,720x1280,954186,46.09
1722146582095771,0,0,720x1280,1220011,48.38
918714334465060,0,0,720x720,784085,38.8
4214340422164193,0,0,720x720,540601,32.55
1824295468237331,0,0,720x720,891176,35.03
1627007201772082,0,0,720x720,627891,33.04
4025885004370334,0,0,720x720,605561,49.5
1201463028826137,0,0,720x1280,973640,46.09
839466612486237,0,0,720x720,954242,43.22
1566297197911206,0,0,720x720,636314,49.32
3357549721086679,0,0,720x720,1318743,34.86
1953642172029834,0,0,720x720,695916,48.32
931857945993685,0,0,720x720,815943,37.03
1846567089393685,0,0,720x720,841349,39.43
1166838812014048,0,0,720x720,540360,31.69
1366359718626426,0,0,720x720,1215109,34.37
2393357557844949,0,0,720x720,562197,32.09
891251400369366,0,0,360x360,220953,37.25
1871665510183650,0,0,360x360,194510,35.35
4317358591866176,0,0,720x720,774812,78.36
1507220527751466,0,0,720x720,927755,61.3
2443712506142477,0,0,720x720,845010,49.11
27292861753737186,0,0,720x1280,1584934,53.57
884765954660063,0,0,720x1276,1148947,80.99
1287946936434940,0,0,720x720,794960,42.52
2284848355255499,0,0,720x720,921970,40.2
1692395758675404,0,0,720x720,1280814,56.19
1945016303042855,0,0,720x720,431439,53.59
1635365307514500,0,0,720x720,867166,35.27
861317746449714,0,0,720x720,728153,98.75
1534214218051412,0,0,720x720,944573,76.23
1008889414931118,0,0,720x1280,649904,65.88
1271227128122015,0,0,720x720,609889,47.72
1650498256245529,0,0,720x720,428208,67.28
1718754532619881,0,0,720x720,367371,65.88
1318836490216975,0,0,720x720,872862,35.29
975392855199734,0,0,720x720,791388,32.57
26968972736117345,0,0,720x720,471627,33.92
918355924593292,0,0,720x720,506501,70.7
1306104707759795,0,0,720x720,708311,48.79
4514909948796940,0,0,720x720,506937,70.36
2887194411625477,0,0,720x720,406370,41.68
1970602930490694,0,0,720x720,697431,48.44
1459744116192629,0,0,720x720,1092279,57.94
1357098709656712,0,0,720x720,471492,62.99
1553179199937865,0,0,720x720,533997,57.32
820194970971284,0,0,720x1280,968363,54.8
4304356203209733,0,0,720x720,564092,38.75
1385625296768441,0,0,720x720,740395,34.24
976542395354747,0,0,720x720,526073,37.55
2205572380178415,0,0,720x720,564092,38.75
2073537180176297,0,0,720x720,704025,69.27
2055225678395208,0,0,720x720,588272,60.49
929060776855189,0,0,720x720,489423,29.31
2205072176896653,0,0,720x720,833712,50.9
878652348591010,0,0,720x720,519552,46.74
4322078088052764,0,0,720x720,1341083,76.02
1455497906349902,0,0,720x720,504225,60.37
975868448384290,0,0,720x720,582690,57.28
1316777246578170,0,0,720x720,583062,51.29
1314381756861108,0,0,720x720,362187,77.33
1317357846423381,0,0,720x720,733947,54.78
4511383839140943,0,0,720x720,706493,27.54
1662266588372476,0,0,720x720,583062,51.29
1355959489761084,0,0,720x720,809140,39.75
3907189146244683,0,0,720x720,1370673,53.36
4432264630363822,0,0,720x720,482257,61.48
1631437637912562,0,0,720x720,874775,35.8
1527222942372722,0,0,720x1280,1334681,93.85
993366446988196,0,0,720x720,662531,74.47
1528983802208134,0,0,720x720,474771,48.07
794762543589793,0,0,720x720,737995,86.74
1566808484881295,0,0,720x1280,842955,34.32
2011866696882033,0,0,720x1280,1204398,38.15
878992604485262,0,0,720x720,619574,51.18
997704165962187,0,0,720x720,501633,25.96
965991376247034,0,0,720x720,788339,53.23
1015528570998771,0,0,720x720,491712,52.43
1519137703335884,0,0,720x720,779923,39.25
1890571951655444,0,0,720x720,733947,54.78
880180717685885,0,0,720x720,718739,34.22
1007530385081900,0,0,720x720,1078503,56.32
1724422962333351,0,0,720x720,757612,85.33
1359996982637929,0,0,720x720,511477,47.91
1043103124812012,0,0,720x720,989952,33.5
1027447753065197,0,0,720x720,846272,53.44
26844394018563524,0,0,720x720,872862,35.29
1005340095418175,0,0,720x720,900424,49.64
989290027036103,0,0,720x720,526073,37.55
2215935059244884,0,0,720x720,1023521,36.16
37337901365796958,0,0,720x720,794960,42.52
1019027777130898,0,0,720x720,942180,73.28
1361741085811598,0,0,720x720,878580,42.62
2050501535881254,0,0,720x720,808327,56.85
1712870236507784,0,0,720x720,997031,62.97
1755985579113125,0,0,720x720,557221,50.6
1665305344789047,0,0,720x720,1053574,62.11
1537332977762360,0,0,720x720,1160987,57.41
1541795334197554,0,0,720x720,994988,52.31
3194390794101462,0,0,720x720,664287,34.06
972418258831307,0,0,720x720,816093,29.49
872479192551236,0,0,720x720,513698,45.49
1804477307581471,0,0,720x1280,1482255,34.85
1350966316920951,0,0,720x720,788339,53.23
983037457947633,0,0,720x720,743311,27.54
2027539371487379,0,0,720x720,520224,51.05
1664834988132991,0,0,720x720,545208,65.94
2077159863678503,0,0,720x720,804428,63.46
1883151975705319,0,0,720x720,768903,56.51
1518844083190295,0,0,720x720,471038,88.04
1559092795653919,0,0,720x720,515006,50.27
1283594347179158,0,0,720x720,524197,45.63
1795514791415516,0,0,720x720,657573,47.76
4495689713987746,0,0,720x720,1335735,56.1
1573736987697228,0,0,720x720,544589,59.24
2087931068421187,0,0,720x720,576053,61.12
1529888078840502,0,0,720x720,845010,49.11
2445266529284122,0,0,720x720,922642,62.72
3689448171208985,0,0,720x720,774812,78.36
1002307968916209,0,0,720x720,522772,49.47
2245758992828721,0,0,720x720,1033725,65.17
1385223413421257,0,0,720x720,701357,59.43
873618651754187,0,0,720x720,567597,89.64
1707722113596111,0,0,720x720,513698,45.49
3987052924921931,0,0,720x1280,1349726,57.75
1656371092252840,0,0,720x720,910580,68.16
1030440172717015,0,0,720x720,604681,52.78
824616770475280,0,0,720x720,546439,58.24
1496154588035776,0,0,720x720,482257,61.48
1616518609443578,0,0,720x720,697431,48.44
1543328573849703,0,0,720x720,837051,52.5
36389016304045469,0,0,720x720,531639,47.96
1689862095613058,0,0,720x720,757612,85.33
1312620537668127,0,0,720x720,512149,50.24
2852148961823035,0,0,720x720,1012816,64.25
4807246549502326,0,0,720x1280,1482255,34.85
1676862793642995,0,0,720x720,622868,72.54
36517908114474049,0,0,720x720,932803,64.98
978342788423757,0,0,720x720,589813,53.68
1017961491189825,0,0,720x720,838739,37.84
1333107758784573,0,0,720x720,399357,71.77
1524055402758387,0,0,720x720,393072,31.79
1748068816627011,0,0,720x720,527921,62.62
2180793392740960,0,0,720x720,558849,72.04
1339557674759234,0,0,720x720,514651,49.81
1361766756008318,0,0,720x720,504225,60.37
1387399283411233,0,0,720x720,463513,61.84
1406313074589852,0,0,720x720,685360,55.85
2065465224040395,0,0,720x720,513694,27.19
928672226847609,0,0,720x720,886190,43.45
983503630938689,0,0,720x720,792035,30.89
1888179688562464,0,0,720x720,480519,58.17
2177042646483754,0,0,720x720,572007,53.61
1264668848807533,0,0,720x1280,1375237,36.22
1730346694625329,0,0,720x720,571182,49.2
27039326735676879,0,0,720x720,585023,51.31
1451452453663844,0,0,720x720,413170,55.7
986106167606403,0,0,720x720,687164,61.72
1371947624756416,0,0,720x720,622697,50.08
1681625439656874,0,0,720x720,609231,55.81
2380382949113659,0,0,720x720,577493,43.12
1017963330951251,0,0,720x720,840601,40.47
993829903054464,0,0,720x720,380295,30.11
1812790096772217,0,0,720x720,974749,68.78
1019696327203383,0,0,720x720,512764,82.62
998521345905657,0,0,720x720,455325,53.52
1018266577731610,0,0,720x720,413170,55.7
1536798551167599,0,0,720x720,572359,48.18
1023443820344511,0,0,720x720,469581,35.07
2092553101321689,0,0,720x720,568648,53.29
1022215520148720,0,0,720x1280,1284198,87.91
2076389589888535,0,0,720x1280,1131920,66.22
1311019194506588,0,0,720x1280,954186,46.09
1681006989507648,0,0,720x1280,1220011,48.38
1653131032409183,0,0,720x720,670186,39.73
972999335641391,0,0,720x720,458979,41.33
1016408487631842,0,0,720x720,699777,32.37
1515357813295706,0,0,720x720,546758,39.26
1327506092053493,0,0,720x720,815943,37.03
1308281881491141,0,0,720x720,633970,35.45
1010201854756042,0,0,720x720,540601,32.55
1315260573546336,0,0,720x720,408088,57.15
1527023688816595,0,0,720x720,644563,37.75
1341044771217348,0,0,720x720,646033,37.82
2143158666473457,0,0,720x720,465286,41.42
1332278622154395,0,0,720x720,461422,40.96
1774406133527244,0,0,720x720,1227629,34.37
1935452127101651,0,0,720x720,636314,49.32
802986049419170,0,0,720x720,740978,62.69
27533535899632138,0,0,720x720,784085,38.8
1473297194097493,0,0,720x720,632115,53.76
2420249835122409,0,0,720x720,695916,48.32
1645428323393253,0,0,720x720,600902,42.79
997953383090881,0,0,720x720,773580,42.77
985072957572062,0,0,720x720,727130,33.78
36121185230830159,0,0,720x720,891176,35.03
1696016167950307,0,0,720x720,1348586,34.11
2518993185212523,0,0,720x720,516231,53.52
1001955356099173,0,0,720x720,590815,57.94
1209738614498577,0,0,720x720,841349,39.43
1632127831228011,0,0,720x720,624690,54.45
830432456491902,0,0,720x720,778729,37.35
1606018377805781,0,0,720x1280,973640,46.09
1008374951703241,0,0,720x1280,1102288,59.7
2009437412992427,0,0,720x1280,1482255,34.85
1013212574970448,0,0,720x720,867166,35.27
1362357932437068,0,0,720x1280,2339752,60.25
1983198572319105,0,0,720x1280,771627,54.68
983216337888875,0,0,720x1280,1403750,35.8
998550299423313,0,0,720x1280,1690633,41.05
874484212365190,0,0,720x1280,1033435,60.67
2253803472091205,0,0,720x1280,1342497,51.33
27149779458007487,0,0,720x720,491712,52.43
1515349576107394,0,0,720x1280,959684,41.07
2640130723049758,0,0,720x720,836958,91.01
4601170513445450,0,0,720x1280,779166,45.11
2312156932524239,0,0,720x720,865422,82.47
1308818070876182,0,0,720x1280,897668,48.13
1531246168408197,0,0,720x720,701357,59.43
1013684581594802,0,0,720x720,729872,100.71
1057542156838977,0,0,720x720,692909,96.57
1529478111859234,0,0,720x720,448397,38.43
691760497365738,0,0,720x1280,1501104,57.68
4473968839557115,0,0,720x1280,2016200,43.4
940203322383049,0,0,720x1280,1537678,38.87
1033816292419500,0,0,720x1280,842955,34.32
1436395304911998,0,0,720x900,405197,22.68
2875471912820841,0,0,720x1280,1403349,45.65
1165796592370540,0,0,720x720,572454,142.29
3505206902990144,0,0,712x1266,772176,32.76
1591966805893885,0,0,720x720,1082647,89.39
1492658115275135,0,0,720x1280,856424,46.86
971854005467557,0,0,720x720,759985,110.74
1473581078140211,0,0,720x1280,1509721,41.62
1026930139840138,0,0,720x1280,1556072,49.04
864406799548908,0,0,720x720,810538,90.45
1681602069650676,0,0,720x720,654912,103.12
2103193720227930,0,0,720x1280,1257432,48.62
847771278003454,0,0,720x1280,878526,50.49
1018113810666965,0,0,720x720,595402,108.95
1031255179567911,0,0,720x1280,1284198,87.91
1701137244411815,0,0,720x720,546758,39.26
845484834915284,0,0,720x1278,1024523,61.39
1032088779257493,0,0,720x1280,850399,59.92
985249144363806,0,0,720x1280,969525,68.24
2852221428457241,0,0,720x1280,1267042,52.07
1318839933771493,0,0,720x1280,1060570,58.58
1513995210370651,0,0,720x1280,958098,59.3
1305210145123671,0,0,720x1280,917079,44.41
4453895394857011,0,0,720x720,579053,67.65
2388442184983530,0,0,720x720,532116,60.37
1496676271648492,0,0,720x720,859194,66.73
986517717608957,0,0,720x720,654718,57.21
1025990436670236,0,0,720x720,699441,65.68
1035528505819917,0,0,720x720,894653,74.09
767446326457622,0,0,720x720,653348,60.35
1718380856161077,0,0,720x1280,842955,34.32
1655986182354518,0,0,720x720,400014,54.68
933981069692312,0,0,720x1280,1131920,66.22
994360239650876,0,0,720x720,598057,36.78
1590372805977740,0,0,720x720,1318743,34.86
1028166556448476,0,0,720x720,540360,31.69
26934517899574318,0,0,720x720,613724,42.24
27190286223915226,0,0,720x720,847106,23.27
1635261984214711,0,0,360x360,175754,32.0
1792147965089294,0,0,720x720,958613,68.76
1437925238368999,0,0,720x720,450667,38.38
1029162966150456,0,0,720x1280,771627,54.68
2606314053100217,0,0,720x1280,1690633,41.05
882770080862495,0,0,720x720,729090,50.49
1519722763280163,0,0,720x720,893135,91.54
962644176775840,0,0,720x720,890179,51.58
4080095702285014,0,0,720x720,729554,83.03
1619112265859099,0,0,720x720,646596,85.12
2333949223804215,0,0,720x720,784163,65.9
1994437664508894,0,0,720x720,947113,63.76
2059459548034333,0,0,720x720,682441,118.44
3990092734455118,0,0,720x1280,1390858,74.79
1330425475878108,0,0,720x1280,1315099,44.51
28089870667280259,0,0,720x1280,1212447,38.64
3065782370284569,0,0,720x1280,1362538,75.11
875854235560274,0,0,720x1280,1014854,47.85
27672248245738865,0,0,720x720,908662,107.84
842042471990963,0,0,720x720,788770,76.48
1312577211049891,0,0,720x1280,1403750,35.8
1537054738130040,0,0,720x720,518324,59.42
2218610062223953,0,0,720x720,557563,40.49
2939848399741782,0,0,720x1280,1501885,60.0
1702445107451796,0,0,720x1280,855317,43.53
2217549132503972,0,0,720x1280,779166,45.11
1963315200982929,0,0,720x720,497742,65.62
1011020231314440,0,0,720x1280,2339752,60.25
1613759500749307,0,0,720x1280,1342497,51.33
1286607256921711,0,0,720x720,402305,42.96
2031030720821846,0,0,720x720,954242,43.22
1030329693015754,0,0,720x1280,1620117,59.75
1811089719867101,0,0,720x1280,1087991,60.63
1021419060465263,0,0,720x720,568648,53.29
840537108879492,0,0,720x1280,797826,50.56
2088037832070282,0,0,720x1280,1590627,95.0
866993049339352,0,0,720x1280,1189848,102.54
4728728327449719,0,0,1080x608,1060210,56.89
3121491911373420,0,0,1200x674,1414525,58.47
2525386577875029,0,0,720x1270,956578,38.66
982762464660618,0,0,720x1270,825157,50.55
1020332987278380,0,0,720x1280,1119403,114.07
1699245951288574,0,0,1080x608,781859,50.96
1387888156724645,0,0,718x1268,1409020,68.01
4358734457789065,0,0,720x1280,955346,61.16
1347442427544614,0,0,720x1280,1600958,52.65
1498890518001413,0,0,1080x608,1168660,60.32
1551825403153031,0,0,720x1280,1459070,90.56
3447639855395718,0,0,720x720,445493,59.82
1410814954213068,0,0,1080x608,1060513,62.51
2289248188147929,0,0,720x1280,1383981,94.5
1532929268504608,0,0,720x1280,1287940,42.11
1023169040228570,0,0,720x720,461394,59.67
1635169330918905,0,0,1080x608,754613,52.2
933124559783220,0,0,720x1280,867792,61.42
1538015284461246,0,0,720x1280,1316885,60.37
709027778972260,0,0,718x1268,868785,46.58
1784390322973469,0,0,720x1280,972129,95.79
1002400492791378,0,0,1080x608,987235,57.12
1785926192782164,0,0,720x1280,1356610,75.92
1719995149342353,0,0,720x1270,1280659,44.95
1297084372624612,0,0,720x1270,790326,47.41
1293621632927561,0,0,1080x608,906734,41.92
817247541325649,0,0,720x1280,1070879,82.75
2192604258204586,0,0,720x1280,1877824,59.48
