ad_id,script_group_id,group_size,variant_role,replication_type,text_similarity
1271072245182250,pw-talk-g0000,7,original,original,
1281960683918283,pw-talk-g0000,7,replica,visual_variant,0.350
1538536904371801,pw-talk-g0000,7,replica,visual_variant,0.049
2012900123438878,pw-talk-g0000,7,replica,visual_variant,0.395
26910824648598388,pw-talk-g0000,7,replica,visual_variant,0.049
941613088747926,pw-talk-g0000,7,replica,visual_variant,0.395
956692124024564,pw-talk-g0000,7,replica,visual_variant,0.346
1290451376083367,pw-talk-g0001,7,replica,exact_replica,1.000
1542662291202539,pw-talk-g0001,7,original,original,
1551214316696728,pw-talk-g0001,7,replica,reworded_replica,0.164
1673722073879679,pw-talk-g0001,7,replica,reworded_replica,0.233
4032411253724650,pw-talk-g0001,7,replica,reworded_replica,0.145
794561180289136,pw-talk-g0001,7,replica,reworded_replica,0.389
856074337114553,pw-talk-g0001,7,replica,visual_variant,0.273
1513314403857875,pw-talk-g0002,6,replica,reworded_replica,0.724
1586731656353958,pw-talk-g0002,6,replica,reworded_replica,0.728
1694533281791470,pw-talk-g0002,6,replica,visual_variant,0.391
873558985758115,pw-talk-g0002,6,replica,visual_variant,0.391
982593771083391,pw-talk-g0002,6,original,original,
990621093352631,pw-talk-g0002,6,replica,reworded_replica,0.381
1165795875730721,pw-talk-g0003,4,original,original,
1337220371117503,pw-talk-g0003,4,replica,reworded_replica,0.030
1545955853653859,pw-talk-g0003,4,replica,reworded_replica,0.051
1833591784277010,pw-talk-g0003,4,replica,reworded_replica,0.680
1017025177512749,pw-talk-g0004,3,original,original,
1343483664648943,pw-talk-g0004,3,replica,reworded_replica,0.747
2490566491402542,pw-talk-g0004,3,replica,reworded_replica,0.622
1244804194191792,pw-talk-g0005,3,original,original,
1410583254158330,pw-talk-g0005,3,replica,reworded_replica,0.797
1477133837198003,pw-talk-g0005,3,replica,reworded_replica,0.797
1359488312753507,pw-talk-g0006,3,original,original,
1922940892437204,pw-talk-g0006,3,replica,exact_replica,1.000
25708460672174884,pw-talk-g0006,3,replica,exact_replica,1.000
1383764603589213,pw-talk-g0007,3,replica,reworded_replica,0.720
1557206485797910,pw-talk-g0007,3,replica,reworded_replica,0.616
26964483843185846,pw-talk-g0007,3,original,original,
1419619376634665,pw-talk-g0008,3,replica,exact_replica,1.000
1484396486622158,pw-talk-g0008,3,original,original,
990103036720803,pw-talk-g0008,3,replica,exact_replica,1.000
1440487231130234,pw-talk-g0009,3,replica,exact_replica,1.000
1545545373757343,pw-talk-g0009,3,original,original,
1697902834684350,pw-talk-g0009,3,replica,exact_replica,1.000
1459802412348522,pw-talk-g0010,3,original,original,
2044839999773285,pw-talk-g0010,3,replica,exact_replica,1.000
958573573586121,pw-talk-g0010,3,replica,exact_replica,0.938
1481417903730539,pw-talk-g0011,3,original,original,
1995190501114135,pw-talk-g0011,3,replica,character_variant,0.152
3300601286799572,pw-talk-g0011,3,replica,character_variant,0.601
1500684418055839,pw-talk-g0012,3,original,original,
718234571379170,pw-talk-g0012,3,replica,visual_variant,0.578
824600273417843,pw-talk-g0012,3,replica,exact_replica,1.000
1532066918300938,pw-talk-g0013,3,original,original,
863233420161856,pw-talk-g0013,3,replica,reworded_replica,0.498
969397399258262,pw-talk-g0013,3,replica,visual_variant,0.518
1713215196773751,pw-talk-g0014,3,original,original,
2468284430277467,pw-talk-g0014,3,replica,reworded_replica,0.227
3004045323138221,pw-talk-g0014,3,replica,reworded_replica,0.223
1716360766456463,pw-talk-g0015,3,original,original,
1975446566468610,pw-talk-g0015,3,replica,exact_replica,1.000
823893853913277,pw-talk-g0015,3,replica,exact_replica,1.000
1724197118748377,pw-talk-g0016,3,original,original,
27245669081785604,pw-talk-g0016,3,replica,exact_replica,1.000
910631738693945,pw-talk-g0016,3,replica,reworded_replica,0.016
1888603368477515,pw-talk-g0017,3,original,original,
954609790259093,pw-talk-g0017,3,replica,exact_replica,1.000
962920393089241,pw-talk-g0017,3,replica,exact_replica,1.000
1001221348906871,pw-talk-g0018,2,original,original,
874203262356382,pw-talk-g0018,2,replica,reworded_replica,0.260
1032008312493950,pw-talk-g0019,2,original,original,
3482915095217476,pw-talk-g0019,2,replica,visual_variant,0.318
1274208157485689,pw-talk-g0020,2,original,original,
1810610246280277,pw-talk-g0020,2,replica,exact_replica,1.000
1319590739598224,pw-talk-g0021,2,original,original,
1378914400744740,pw-talk-g0021,2,replica,exact_replica,1.000
1324708162884438,pw-talk-g0022,2,original,original,
1656226372193192,pw-talk-g0022,2,replica,exact_replica,1.000
1448807829637445,pw-talk-g0023,2,original,original,
955183070649190,pw-talk-g0023,2,replica,reworded_replica,0.293
1476773330606036,pw-talk-g0024,2,original,original,
1744948076945550,pw-talk-g0024,2,replica,reworded_replica,0.473
1484334716724850,pw-talk-g0025,2,original,original,
1610948496652199,pw-talk-g0025,2,replica,exact_replica,1.000
1537961454587719,pw-talk-g0026,2,replica,exact_replica,1.000
2147829419384950,pw-talk-g0026,2,original,original,
3404871473007544,pw-talk-g0027,2,replica,visual_variant,0.787
2509145826184441,pw-talk-g0027,2,original,original,
1002363505662165,pw-talk-g0028,1,original,unique,
1007300494972391,pw-talk-g0029,1,original,unique,
1021255273973673,pw-talk-g0030,1,original,unique,
1175933374295559,pw-talk-g0031,1,original,unique,
1285399016659666,pw-talk-g0032,1,original,unique,
1305202587874367,pw-talk-g0033,1,original,unique,
1313145004338868,pw-talk-g0034,1,original,unique,
1331709948907806,pw-talk-g0035,1,original,unique,
1364636219033957,pw-talk-g0036,1,original,unique,
1383947583494215,pw-talk-g0037,1,original,unique,
1398691244996445,pw-talk-g0038,1,original,unique,
1459063862660451,pw-talk-g0039,1,original,unique,
1504396264684384,pw-talk-g0040,1,original,unique,
1510838230642930,pw-talk-g0041,1,original,unique,
1550607903145461,pw-talk-g0042,1,original,unique,
1558063979656305,pw-talk-g0043,1,original,unique,
1569659958009913,pw-talk-g0044,1,original,unique,
1629149148185749,pw-talk-g0045,1,original,unique,
1656555158970509,pw-talk-g0046,1,original,unique,
1656820212211156,pw-talk-g0047,1,original,unique,
1671362184120151,pw-talk-g0048,1,original,unique,
1685794299537493,pw-talk-g0049,1,original,unique,
1716593546422400,pw-talk-g0050,1,original,unique,
1739956290526598,pw-talk-g0051,1,original,unique,
1761637955248042,pw-talk-g0052,1,original,unique,
1785711215744376,pw-talk-g0053,1,original,unique,
1812131213254272,pw-talk-g0054,1,original,unique,
2012385659367758,pw-talk-g0055,1,original,unique,
2099085243988558,pw-talk-g0056,1,original,unique,
2118422772240776,pw-talk-g0057,1,original,unique,
2233165930785010,pw-talk-g0058,1,original,unique,
2261387548010517,pw-talk-g0059,1,original,unique,
2332698647256427,pw-talk-g0060,1,original,unique,
2408984296280626,pw-talk-g0061,1,original,unique,
25506520168976866,pw-talk-g0062,1,original,unique,
2689205164778706,pw-talk-g0063,1,original,unique,
27959016983700695,pw-talk-g0064,1,original,unique,
2927738817566830,pw-talk-g0065,1,original,unique,
35616055594707499,pw-talk-g0066,1,original,unique,
4422642624690358,pw-talk-g0067,1,original,unique,
829706806169021,pw-talk-g0068,1,original,unique,
911440421411962,pw-talk-g0069,1,original,unique,
931656546562920,pw-talk-g0070,1,original,unique,
933714815692813,pw-talk-g0071,1,original,unique,
939016588843645,pw-talk-g0072,1,original,unique,
984170634387806,pw-talk-g0073,1,original,unique,
986491307132323,pw-talk-g0074,1,original,unique,
987809037221331,pw-talk-g0075,1,original,unique,
990067790082865,pw-talk-g0076,1,original,unique,
996186669659412,pw-talk-g0077,1,original,unique,
1023770803552722,pw-talk-g0078,1,original,unique,
1470471397608970,pw-talk-g0079,1,original,unique,
2152190968965147,pw-talk-g0080,1,original,unique,
