ad_id,version_index,creative_index,visual_hash,phash_frames,visual_group_id,visual_group_size
1477183203777341,0,0,88e0681e36f4f9cb,9e956268129f8db3;88e0681e36f4f9cb;cfcee461e50c602f,speakx-v0040,3
1293067956117881,0,0,a0f85da34fcc8c5c,e9d6ae28151ee25a;a0f85da34fcc8c5c;f0f85da14bc58c5c,speakx-v0071,2
1182441817236590,0,0,f53c62b3ce263231,e1a1c6967921e66e;f53c62b3ce263231;f43c72e3cb263238,speakx-v0072,2
967017965779261,0,0,88f04333c7cf85ea,ccf079311dce2a66;88f04333c7cf85ea;88b7f0d631f2870d,speakx-v0073,2
1261894342696646,0,0,f2865ee88633658e,849dd3659663c98b;f2865ee88633658e;f1800f58e5323f75,speakx-v0074,2
2203881063685200,0,0,afd096c3b419646b,d823d7f50289d578;afd096c3b419646b;d4212efd016a97dc,speakx-v0075,2
1386304936584896,0,0,f15a2d860f4f0727,f15a2d970e4e92a5;f15a2d860f4f0727;f15a2d870e4e13a7,speakx-v0041,3
2162968067812618,0,0,c5ed3c929ab9036a,c4ec3d929ab9076a;c5ed3c929ab9036a;c6ed3d929ab90632,speakx-v0194,1
2718857995158689,0,0,c334c7f1c721dcc2,9d5007b6ebad4a29;c334c7f1c721dcc2;c234e6b1cf298d8b,speakx-v0003,6
950441070968656,0,0,c26ccbb32963929b,c26cceb32963929b;c26ccbb32963929b;c36cc7b36933928a,speakx-v0076,2
953470727433696,0,0,e29799d9c9669033,ccf6c41e8dd66688;e29799d9c9669033;af31c14c6dcd4699,speakx-v0077,2
1913593379351763,0,0,a731dbc64f0c6c91,a331dfc64d0c3c99;a731dbc64f0c6c91;ea19f566c404b99b,speakx-v0014,4
953292117697900,0,0,e4933ec5eafc0072,ee933fc5c2f82430;e4933ec5eafc0072;e41b3ac5dae93072,speakx-v0015,4
842899398339565,0,0,a49009f9777866a7,a49649287d3827bf;a49009f9777866a7;f1d33a542817b16b,speakx-v0042,3
922333753982552,0,0,b14d53a6da6e50a3,b14d51a6da6ed8a2;b14d53a6da6e50a3;b1e9d1a4da6e58a2,speakx-v0078,2
1670382757639077,0,0,a3cc4d1e5cd34527,fbb3e48899530da8;a3cc4d1e5cd34527;f3b379074ca2b099,speakx-v0004,6
995718232905948,0,0,a0605c1a3257dfbe,cb2e1133642cfcdc;a0605c1a3257dfbe;da2a957165b6fc08,speakx-v0043,3
26831805176478505,0,0,e4885f61c6662da7,e2990485ad756f36;e4885f61c6662da7;e4954823d6c693de,speakx-v0016,4
1668568907754755,0,0,dba6a2cd4dcd0782,f9a211a1f4ea1b1e;dba6a2cd4dcd0782;dad790dd50323273,speakx-v0079,2
1333380855312442,0,0,a4177be4340aceda,b69369e42e08d2f9;a4177be4340aceda;a4936be43e08c6f9,speakx-v0195,1
1494320365675491,0,0,e9a1979e18c579c4,e1c73c949e786196;e9a1979e18c579c4;e9a1869e1ac97dc1,speakx-v0196,1
1865042314101385,0,0,b0931b3d30727adc,faa48659c5788778;b0931b3d30727adc;b2970f3c303176d9,speakx-v0197,1
2185353608668047,0,0,84c1da9bc399393d,c1619ed8c33663e9;84c1da9bc399393d;857cd33d87359134,speakx-v0080,2
1470861051315043,0,0,c03ff8e61a64e2c3,c23ffac61a64c30b;c03ff8e61a64e2c3;d17266cc9ac99993,speakx-v0000,19
3391983870966275,0,0,aab51ce6660233f3,aaf118a5e72603e7;aab51ce6660233f3;ae058fac763223f1,speakx-v0081,2
906995315729188,0,0,c9a365d1661e729c,eed85518de874263;c9a365d1661e729c;d5915eb0b69a4987,speakx-v0017,4
3226076084220389,0,0,8c336675f5229b8c,992674e555ba8a99;8c336675f5229b8c;983264e5e5369b9c,speakx-v0198,1
1281577630753736,0,0,cf0972f4215c670f,d414c2953ebbc19d;cf0972f4215c670f;b946629d5a067db8,speakx-v0002,7
1467213678402110,0,0,d13266cc9bc99993,b1c0ce9ce8673633;d13266cc9bc99993;b1c2ce18d96566d9,speakx-v0000,19
1382923387003958,0,0,86493c3c999c6de3,92c3b292966ccf69;86493c3c999c6de3;92c79e1893738c6d,speakx-v0082,2
1646829209907293,0,0,948253d23a757f29,f6835cd8ab54274c;948253d23a757f29;a1f435ca939d3c2c,speakx-v0199,1
2677142752658813,0,0,e8b197960e69926d,e8b197c61e6cd861;e8b197960e69926d;e9b197ce1658c865,speakx-v0083,2
1694023131623811,0,0,81a36d5c7a2d5c33,e0cacb5595b67819;81a36d5c7a2d5c33;eac8c6f591902fb4,speakx-v0084,2
26864506773237930,0,0,a5c2c1b50bd1dfe0,f4762acda4e85a0b;a5c2c1b50bd1dfe0;9dc262de9d092e66,speakx-v0005,6
1277243397882538,0,0,f8a537d2728d22c6,decfe43191d46e10;f8a537d2728d22c6;cdcfe431d8ca2711,speakx-v0200,1
2429663597501268,0,0,e4933ec5eafc0072,ee933fc5c2f82430;e4933ec5eafc0072;e41b3ac5dae93072,speakx-v0015,4
1702346954551106,0,0,f898e4b63a2ccd34,da98e4b62b1acc27;f898e4b63a2ccd34;c28aabd36b15946e,speakx-v0201,1
1429462188410527,0,0,adc756c84d9c8ea1,8fecb947817094e3;adc756c84d9c8ea1;f2a9cfb28c4c9c86,speakx-v0018,4
1306098638255345,0,0,e0b16706c67b9ac5,f0b017c68eda3387;e0b16706c67b9ac5;e0b577c48e7a98c1,speakx-v0085,2
2165128834325739,0,0,894a35e10fec6a57,a15c99e319b76a15;894a35e10fec6a57;a51abce358a76b14,speakx-v0202,1
861281100343417,0,0,e980561f7a3561f1,eda45b0b591e7883;e980561f7a3561f1;d3d32e2d4c313355,speakx-v0086,2
2442362952880772,0,0,e4985f61c66629a7,e2990485ad756f36;e4985f61c66629a7;e415582b96c693de,speakx-v0016,4
1006329295201378,0,0,e6903dfcc1833e34,e6903ffcc0c22b35;e6903dfcc1833e34;e6913fcc81d63e14,speakx-v0203,1
1542208837423364,0,0,b5c53d79648f20d8,b1ed3c7134ce21d8;b5c53d79648f20d8;b2ed3c6924ce23d8,speakx-v0044,3
1008847321469743,0,0,bf2b4969a28fb484,f2744734b113cacd;bf2b4969a28fb484;9abeada1e1c262c3,speakx-v0087,2
810679145097987,0,0,bec1a99673946c32,daa43c8d35c3a29d;bec1a99673946c32;aa96bc817b89f642,speakx-v0088,2
958273773623414,0,0,ade756c84d9c8e21,8fec99460378cce3;ade756c84d9c8e21;f6aa9eb2894d9984,speakx-v0018,4
2331531480702586,0,0,ecd32d994c4d2725,be0832c73b30f19b;ecd32d994c4d2725;8cf275998cbf2704,speakx-v0089,2
1655535008789619,0,0,a9a1874e9ed948ab,a9a98716cedd4a89;a9a1874e9ed948ab;a981871ebc787b25,speakx-v0090,2
1631492917935092,0,0,92cf6e9ac524e398,92cf4e9ac164f398;92cf6e9ac524e398;9269ceb2cf316698,speakx-v0091,2
1263424899236990,0,0,b41dcf5a0834f333,f4782b810f2e8ee5;b41dcf5a0834f333;9649fbb13447e690,speakx-v0204,1
813412201592967,0,0,fd02bcc25fb4a324,ae7a0b1bc5c278b2;fd02bcc25fb4a324;b39bc664cc668999,speakx-v0019,4
1674695527105346,0,0,bb4255f0823ac73d,bb4253f280bdc71c;bb4255f0823ac73d;bb4256f2809bc72d,speakx-v0092,2
1666733754369589,0,0,eef2b209359493c9,fba61758a09d9c58;eef2b209359493c9;aaf293193d9390cb,speakx-v0093,2
940578045564403,0,0,ebc0f69d91daa214,f23c4ecb41c94bcc;ebc0f69d91daa214;8c218fb313dc8db5,speakx-v0094,2
1293999789370021,0,0,966dc333666c9998,934c6cc3c6c9cd3c;966dc333666c9998;929369999c6d6666,speakx-v0095,2
802134739188636,0,0,a216f3e63c3b4683,a213e1f73d68068f;a216f3e63c3b4683;a216f3e63c396683,speakx-v0096,2
2504659850014715,0,0,fac185d6851ec33c,e697d35889a05675;fac185d6851ec33c;aadae1dad13a8d24,speakx-v0205,1
2047136142819030,0,0,a5c2c0b70b65df61,e4f62acdc4307a4b;a5c2c0b70b65df61;9dc262de9d092e66,speakx-v0005,6
1534951244867864,0,0,cad560cfca92893b,eb91e2173de224c6;cad560cfca92893b;d975a8da552139d2,speakx-v0206,1
2295536704309986,0,0,d1d4d6fe214cc139,fbc594b8700bcf09;d1d4d6fe214cc139;c1d4d6fc2740857e,speakx-v0097,2
2235801616953885,0,0,d17266cc9bc99932,b1c9ce1cc833669d;d17266cc9bc99932;b1c2ce98d964365b,speakx-v0000,19
1816385469321451,0,0,9465f1966a2d9666,d42bad4e3963845b;9465f1966a2d9666;e1f0d219fc2a8d4e,speakx-v0207,1
965390732957236,0,0,c7c36e9b31249a69,c6c7679931249b4d;c7c36e9b31249a69;c7c66ecb312492d9,speakx-v0098,2
1482004609604227,0,0,fd02bcd25fb4a304,a27a011fcdca7ab2;fd02bcd25fb4a304;e42a5e177686d970,speakx-v0019,4
822646964213690,0,0,b2a3f1e1261b67a2,9287b2a32e1967e6;b2a3f1e1261b67a2;92a3f3e1320b33c7,speakx-v0006,6
1685482815926044,0,0,969639c269696736,9632cb9a9acd9389;969639c269696736;c7c63c9b61643366,speakx-v0007,6
1282823553919831,0,0,b1d40c9cf32f3263,a2e60c9cf10d3977;b1d40c9cf32f3263;b2f41c3cf41b38b2,speakx-v0099,2
1446240430854536,0,0,c1b2c29e99cdc9cc,e4e6c9d8491963c7;c1b2c29e99cdc9cc;8d56e6b1724d3193,speakx-v0100,2
1751381559566795,0,0,e815153e9ae5631d,ac1a1af1f1e46c59;e815153e9ae5631d;ac1a11bbfbe42d09,speakx-v0208,1
2191004834982270,0,0,aadfd2cc996c3320,95dd6c9265253365;aadfd2cc996c3320;92972c8cd6e9f81a,speakx-v0101,2
35711967805116200,0,0,b5c53d79648f20d8,b1ed3c7134ce21d8;b5c53d79648f20d8;b2ed3c6924ce23d8,speakx-v0044,3
942092611562781,0,0,b2a3f1e12c1ae7a2,b2a3f1e12e1963a6;b2a3f1e12c1ae7a2;92a3f7e1220a37c7,speakx-v0006,6
1685505725983692,0,0,cf0974a4295c671f,d515c2947f98c59c;cf0974a4295c671f;b94662955a067db9,speakx-v0002,7
2528750337543867,0,0,c830393c3f5f9c19,c922b4782cfc5d2b;c830393c3f5f9c19;de25916965bc7c28,speakx-v0045,3
1301259608777420,0,0,f4d30e9869653b86,b3c44e9bd8987961;f4d30e9869653b86;93d14e86c9cd8cdc,speakx-v0102,2
2033981820847254,0,0,eed86d524946836d,e0f7e28c99532aac;eed86d524946836d;f3b3390c4ce6b093,speakx-v0004,6
958926196946861,0,0,c9b165d9661a729c,e3b3c2a45b4bd2a4;c9b165d9661a729c;d5925eb0b6994d85,speakx-v0017,4
1476659844143221,0,0,ccacf26237934335,ccacf0623593c33d;ccacf26237934335;cea6f2383dd11938,speakx-v0103,2
1682994332739683,0,0,e61a2591631fc7c6,e297596f18cc3326;e61a2591631fc7c6;e6126cb14f1b89e6,speakx-v0104,2
2048236592746332,0,0,f9174abd96680536,f01749b59e68471e;f9174abd96680536;ac4bc166b63cd199,speakx-v0105,2
2053832001834030,0,0,dce893874d92683e,ebe99024537f9c21;dce893874d92683e;dce8b2874f51603e,speakx-v0209,1
812647415013944,0,0,f5a95bc7829410be,b0838b2f5afdb490;f5a95bc7829410be;f4b40ad7c38b9d0c,speakx-v0046,3
2405709006591713,0,0,966dca9619c9c19e,923cc79339cd3632;966dca9619c9c19e;926d92c719cd9636,speakx-v0106,2
1480436776901571,0,0,923b69c6c2cfcc1c,923b69c6c6ce8c3c;923b69c6c2cfcc1c;9693c9cdcd9e1861,speakx-v0107,2
970516062537557,0,0,ccd7969091742f6c,da8592e1c4329cdf;ccd7969091742f6c;8643e7834779b43a,speakx-v0108,2
26440235635678026,0,0,97b2d2a5f424b0d9,95b3d2a5f42c92d1;97b2d2a5f424b0d9;dab5d1e02f619619,speakx-v0109,2
969146279157123,0,0,dad8a76145bb1a4a,dbcab0e5588e036e;dad8a76145bb1a4a;dbd8a7254598ba4a,speakx-v0110,2
983234034190027,0,0,911ecc8827f3c787,90a699dd5aa49373;911ecc8827f3c787;e6cc9933cc643399,speakx-v0111,2
2004608190130920,0,0,cc1b6683d6c2d8b5,d3f782ac8b710372;cc1b6683d6c2d8b5;e660719d38ed994c,speakx-v0011,5
1468615711427185,0,0,a4a0b8db8a9cdc5b,b1b348ee80db8dcc;a4a0b8db8a9cdc5b;aca0b0d3da989d5b,speakx-v0112,2
984918357242547,0,0,932f48e793b096c9,902f6a603bbf92a3;932f48e793b096c9;942beab08fb0cd8e,speakx-v0008,6
3028455167350044,0,0,e980561f723568f9,e5a45b0b793f6222;e980561f723568f9;d3d12e2d4c333355,speakx-v0086,2
1279276767638086,0,0,f2a1dac547cc8ccc,e7e6188dc8b34699;f2a1dac547cc8ccc;e5659894649699f6,speakx-v0113,2
931187749685280,0,0,823774f30e0ede98,e6f20c12e71e38d9;823774f30e0ede98;b43c97c3c3c6c293,speakx-v0210,1
1348762350434051,0,0,9b8361b4ad5e1e51,8bd370f40e0b3597;9b8361b4ad5e1e51;8b8b63b5895e9c51,speakx-v0020,4
1687496652376090,0,0,b3e22e841b5e73a2,b3e22e841b5e73a2;b3e22e841b5e73a2;b3c22e841f5e73a2,speakx-v0009,6
1598629301201879,0,0,b3f2c5930c0c99fc,b3c0e593da1c83ec;b3f2c5930c0c99fc;bbd40bcc0bd52c93,speakx-v0021,4
962132652878187,0,0,e8d61273e1f15349,b1676e8a362e32aa;e8d61273e1f15349;8bcb439ccf98643c,speakx-v0211,1
993529143162192,0,0,c6cc6c933bcc1a33,c7cc6c9339cd3832;c6cc6c933bcc1a33;869639933666639b,speakx-v0114,2
1349370937055281,0,0,e4f369ec69494552,e8b771ed69684151;e4f369ec69494552;e4f369ec69694542,speakx-v0047,3
1478426623765158,0,0,e2f98d7cca2530a3,a29e021ec9a1df6d;e2f98d7cca2530a3;e3f20d7c4b259263,speakx-v0022,4
2850844975268677,0,0,b3d22e801b5e73a6,f3f32ea0cf5803a2;b3d22e801b5e73a6;b3c32e801b5e73a6,speakx-v0009,6
1686360975738216,0,0,f76380ce595b30c6,f76288ce595bb086;f76380ce595b30c6;f76298c6595bb086,speakx-v0010,6
4446530095614785,0,0,cc93668396a789b5,d3e5c6289d799a84;cc93668396a789b5;e660f19d38cc994e,speakx-v0011,5
999336602437836,0,0,a4db0c8cd9c33673,d8782715cae7cc13;a4db0c8cd9c33673;d90e20f38e2c63b7,speakx-v0212,1
2204005596804828,0,0,9632cb9acac993c9,969219d765cc329b;9632cb9acac993c9;969219c665e73699,speakx-v0007,6
982953024519886,0,0,bcf696c94b619283,be34195263c8d93e;bcf696c94b619283;bec296c9499793e0,speakx-v0115,2
1416378913857622,0,0,c13e4865d56a6796,c13e4b658e7a46c6;c13e4865d56a6796;c13e5865857a27d6,speakx-v0023,4
2468043330284583,0,0,c334c7f1c721dcc2,9d5007b6ebad4a29;c334c7f1c721dcc2;c234e6b1cf298d8b,speakx-v0003,6
1026640269709018,0,0,8a0b9d94f17ac783,be91b4db2045caae;8a0b9d94f17ac783;8e0a959f69e07cd2,speakx-v0116,2
1561713398936768,0,0,9f96e0a13750d64e,81fcdff05a07815c;9f96e0a13750d64e;85e5d3f01e072d6c,speakx-v0117,2
2161668907979676,0,0,f76390cc595b30cc,f36384ea5959b286;f76390cc595b30cc;f76098ce595bb086,speakx-v0010,6
1025052986513701,0,0,a331dbe64d0c3c99,a731dbc64d0c6c59;a331dbe64d0c3c99;ea19f566c404b99b,speakx-v0014,4
1294983332740325,0,0,b7c2801d9df07666,b6c3829d996037e6;b7c2801d9df07666;dad8a7214d999a4e,speakx-v0110,2
1498207608381120,0,0,942f4ae63aa1b6f0,b95f10e23f700cb3;942f4ae63aa1b6f0;902feab08fb0cd8e,speakx-v0008,6
838145219358586,0,0,e2b32784dee11ac3,e2b33584dce93398;e2b32784dee11ac3;e2b32784dce51a87,speakx-v0118,2
951439150997123,0,0,b30bf8e634198da5,b30ff8e63419aca1;b30bf8e634198da5;b31be1e6349889e5,speakx-v0119,2
1672373224199119,0,0,e6a238f4465a7cb4,f3e064e0e0f8d4b9;e6a238f4465a7cb4;eded20b452b291d6,speakx-v0048,3
2809428052749261,0,0,e2f98d7cca2530a3,a29e021ec9a1df6d;e2f98d7cca2530a3;e3f20d7c4b259263,speakx-v0022,4
1000338829196892,0,0,9f96e0a93350d64e,9f96e0a131d2de0e;9f96e0a93350d64e;85e5d3f01e072d6c,speakx-v0117,2
831865046236591,0,0,f10c1ce71a4af2b3,e24ed4a738296d8b;f10c1ce71a4af2b3;f01c18a7324bdeb3,speakx-v0049,3
1671433074080008,0,0,e20e7df553a8c033,8181d6bdd560cb79;e20e7df553a8c033;e20f6b5652a9f521,speakx-v0120,2
1342031744648586,0,0,bef54103cdae5238,b8f087c36c0d9f70;bef54103cdae5238;d5d10a8a7233cdb3,speakx-v0121,2
2217341015763503,0,0,a904969e7c72f82b,d425b9913b7b829c;a904969e7c72f82b;dab28d5e0d1cc38b,speakx-v0122,2
1641975910360142,0,0,a6580b33d39e0e7a,a65823b7d3ce0ce2;a6580b33d39e0e7a;b961e6ce0db65298,speakx-v0123,2
2030240231207465,0,0,8a8a63b5955e5e70,89d952f4df2b2194;8a8a63b5955e5e70;9a8b63b5897e9451,speakx-v0020,4
952737910984432,0,0,d1f087acc51972e9,fbc6b0f4710fd202;d1f087acc51972e9;c1d4d4f82748857f,speakx-v0097,2
3443849799125735,0,0,b3f285930d4c93ec,b3d1f893484d87e1;b3f285930d4c93ec;f2c05f8c5ae51f24,speakx-v0021,4
847846551131630,0,0,c4ae335bb9915c61,c6a6355bf9911866;c4ae335bb9915c61;c4ee311bb9b31c23,speakx-v0213,1
1607956950303032,0,0,a8267fdd959e20a1,a237d9ec6c399283;a8267fdd959e20a1;aa37777f5d0c0281,speakx-v0124,2
937743845921852,0,0,afc782583d81526f,a3c7345a1835e3e6;afc782583d81526f;fae6017f490e36c1,speakx-v0125,2
2170637817088886,0,0,b30cf9e20e33c783,b30c79e60e73c683;b30cf9e20e33c783;ff22269398e62693,speakx-v0126,2
1483250163405257,0,0,a9a193746a4c6dcb,a9a193746b486dcb;a9a193746a4c6dcb;a9a313366acc65cb,speakx-v0127,2
1531687464577242,0,0,9acc5c9b4178c6d3,9bcc789b4372c6c2;9acc5c9b4178c6d3;9acc589b6372c6d2,speakx-v0050,3
1598934404482182,0,0,93596cc67a5326c5,97097dc6fb034685;93596cc67a5326c5;961929c67b5387c5,speakx-v0051,3
931936369278461,0,0,b7ebc3482d109f85,b7f369480d9bc9c0;b7ebc3482d109f85;b3f9f30c060b94cd,speakx-v0128,2
1030503980140114,0,0,d56666999a666623,8c738e76c9857239;d56666999a666623;8c55a235da89f659,speakx-v0024,4
884905214442278,0,0,af874ab494f495c8,8c8c5ab5a4f5b5c4;af874ab494f495c8;8eca5aa47ca43795,speakx-v0052,3
880800171143322,0,0,89164f31b36638eb,a9a13696c37e0c79;89164f31b36638eb;a9348f2d87c631e3,speakx-v0025,4
1511111056828106,0,0,feff7c8103c0b121,d8e50d9e538c35b1;feff7c8103c0b121;f1f9058ea9d56825,speakx-v0214,1
1606416436942554,0,0,edabc864378aa394,e9fa5ae43693a405;edabc864378aa394;edab4864379a83d4,speakx-v0129,2
954809496875720,0,0,b41bbcc71e43a4c3,e01bfac71c33e690;b41bbcc71e43a4c3;e4648a339b9b9acc,speakx-v0130,2
4438025873093504,0,0,f981a57ed69a8825,cbc28f1ee0076e36;f981a57ed69a8825;ebcb8084af73634c,speakx-v0215,1
1384125720047598,0,0,a914cf21336679e9,a9a03687c3d62779;a914cf21336679e9;a934cf2993c638e9,speakx-v0025,4
1569837701108499,0,0,8b16cf2931ce14f9,8d164f2933c67479;8b16cf2931ce14f9;8b16cf2931ce14f9,speakx-v0025,4
25689263567435851,0,0,f328e200d5367bf4,ff226800d5227fad;f328e200d5367bf4;ff2e680087326bbc,speakx-v0053,3
1598944374618214,0,0,8914ce29b766356b,aba13696c67c0c79;8914ce29b766356b;8914cf21b7c6356b,speakx-v0025,4
1857730538277430,0,0,80658f87e678d91b,e0720c9d6bf2d362;80658f87e678d91b;ce357a1b71e56424,speakx-v0026,4
937087548666909,0,0,c08fb696c92dd730,f1f3e0258ccdc38c;c08fb696c92dd730;e5a5d89a91998b66,speakx-v0131,2
767982765971645,0,0,b1b4a31e6bc6568c,e5e48e121bf4cb38;b1b4a31e6bc6568c;b5b6e10328b347b9,speakx-v0027,4
1242925180598225,0,0,86399be60239e7c6,933ccea3466cf0c3;86399be60239e7c6;913366cc9b9989b3,speakx-v0000,19
903649205408344,0,0,ae874ab494f59748,8c8e52b5a4fda45c;ae874ab494f59748;8eca5a847da43795,speakx-v0052,3
858959107181092,0,0,c0619f85e479d91b,82f9fd99d12e8542;c0619f85e479d91b;ce257a1b75e56025,speakx-v0026,4
1615741946275334,0,0,8bdbf20025973d59,fcf08b0edcd08c2e;8bdbf20025973d59;e8e48b1eddc0897c,speakx-v0132,2
965434199345665,0,0,9be85d87d0d46643,afec5d8570d46603;9be85d87d0d46643;9fe85d87d0d6e401,speakx-v0028,4
4487212464857580,0,0,b194e31f6e831e89,e5e48e129bf68b18;b194e31f6e831e89;b5b6e1032897669b,speakx-v0027,4
1420564419556783,0,0,a3db4c4ddb88c316,8df0071cf2d0c6be;a3db4c4ddb88c316;b137580d7b98ca1e,speakx-v0133,2
2337690173390963,0,0,8639dbe60639e4c6,933ccea2466ce6c3;8639dbe60639e4c6;d13266cc9b999933,speakx-v0000,19
1447298590404255,0,0,ac4598b39492f35b,9b73424159e7be84;ac4598b39492f35b;975742630bcc3e95,speakx-v0134,2
2163947724344247,0,0,bbf85c9750c66641,9becb497d0d2c243;bbf85c9750c66641;bbe85d85d0d66449,speakx-v0028,4
2105293576950861,0,0,c342f8f071dab649,fa5ac9852ecec816;c342f8f071dab649;c143f89439cbf474,speakx-v0216,1
1624410095245730,0,0,d163c6dc9272c671,8c738e72c98472bd;d163c6dc9272c671;8e75a235cb8974c9,speakx-v0024,4
960506216864353,0,0,b99d169259e186d9,b89d16d259c887cd;b99d169259e186d9;b6f3c90cd0bb3452,speakx-v0135,2
1696524301725159,0,0,b44be84e6f8287f0,b44bacd669968672;b44be84e6f8287f0;d13266cc9bd99992,speakx-v0000,19
1224354406554260,0,0,f68296b9848ba9cd,bc998d2dcc0bd896;f68296b9848ba9cd;f48702e5d3a807cf,speakx-v0029,4
3003093209899598,0,0,bfa6f2481de83283,fc7ab22952c10cf6;bfa6f2481de83283;add38e14d9711666,speakx-v0136,2
1327836129169546,0,0,8639dbe61239e4c6,933ccea3466cf0c3;8639dbe61239e4c6;913366cc9bd98933,speakx-v0000,19
2216320602522093,0,0,e28693e987cc99cc,b2b322add4c934f1;e28693e987cc99cc;b9a0566bd2d69a98,speakx-v0054,3
3034428376940626,0,0,be3d8183945d90f6,bcac17534968663d;be3d8183945d90f6;bcac17534960275f,speakx-v0030,4
1722146582095771,0,0,f328e200d5367bf4,ff226800d5227fad;f328e200d5367bf4;ff2e680087326bbc,speakx-v0053,3
918714334465060,0,0,a0df709c17d88cd5,b0fec0e56a559c4a;a0df709c17d88cd5;b0fac0e56a559d4a,speakx-v0137,2
4214340422164193,0,0,c366c89da34b6993,c167ccccc7524fb0;c366c89da34b6993;d13266cc9ac99b93,speakx-v0000,19
1824295468237331,0,0,f3d8872ce0962b27,efac861e62859e25;f3d8872ce0962b27;fb99c10de08c768b,speakx-v0031,4
1627007201772082,0,0,c2626dd04afd8c9d,c76a6dc05ff88894;c2626dd04afd8c9d;e07afdc722289f88,speakx-v0217,1
4025885004370334,0,0,dbfc80461bdd6096,d8f2064fb9503bc9;dbfc80461bdd6096;daf0864679dc30ba,speakx-v0218,1
1201463028826137,0,0,be3d8183945d90f6,bcac17534968663d;be3d8183945d90f6;bcac17534960275f,speakx-v0030,4
839466612486237,0,0,bd40c275ecb69361,9d40c77fe2a4a174;bd40c275ecb69361;b943c678bcbc1163,speakx-v0138,2
1566297197911206,0,0,dbf8b0c606cb45ca,d8da8447bbdc7038;dbf8b0c606cb45ca;daf8868647df441a,speakx-v0139,2
3357549721086679,0,0,e6e2d119b0a3ad5c,f2e38c0fccae883c;e6e2d119b0a3ad5c;f48706e5d3ac07cc,speakx-v0029,4
1953642172029834,0,0,fca4569c69c6691c,c88494fbc78878e7;fca4569c69c6691c;ffa6560fa4c24958,speakx-v0140,2
931857945993685,0,0,b7d8ca3ca0922f72,afa4c30b43638f9c;b7d8ca3ca0922f72;f99dc10ee88c7689,speakx-v0031,4
1846567089393685,0,0,8dfae0191fd1cd84,a42ce133fac35f48;8dfae0191fd1cd84;822dccd3fbcc4c0e,speakx-v0141,2
1166838812014048,0,0,c166499da34369b7,d1634e8cab436d8e;c166499da34369b7;d13266cc9b999933,speakx-v0000,19
1366359718626426,0,0,e28693e987cc99cc,b2b322add4c934f1;e28693e987cc99cc;b9a0566bd2d69a98,speakx-v0054,3
2393357557844949,0,0,c166c99da3436997,d1636c8ce0c3cdcd;c166c99da3436997;d13266cc9b999933,speakx-v0000,19
891251400369366,0,0,8bfa62813db63e60,e4aed139e375c288;8bfa62813db63e60;a05af8911ca7f0de,speakx-v0142,2
1871665510183650,0,0,c083b6d2692dd23f,d43bb1838ac9d27c;c083b6d2692dd23f;a386d9490db3227f,speakx-v0143,2
4317358591866176,0,0,c334c7f1c721dcc2,9d5007b6ebad4a29;c334c7f1c721dcc2;c234e6b1cf298d8b,speakx-v0003,6
1507220527751466,0,0,cf0972f4215c670f,d414c2953ebbc19d;cf0972f4215c670f;b946629d5a067db8,speakx-v0002,7
2443712506142477,0,0,e4933ec5eafc0072,ee933fc5c2f82430;e4933ec5eafc0072;e41b3ac5dae93072,speakx-v0015,4
27292861753737186,0,0,bf80e1e430ddce0b,f9d0d4cb4a3df060;bf80e1e430ddce0b;8a9ce3e0355cda0f,speakx-v0219,1
884765954660063,0,0,afd096c3b419646b,d823d7f50289d578;afd096c3b419646b;d4212efd016a97dc,speakx-v0075,2
1287946936434940,0,0,a49009f9777866a7,a49649287d3827bf;a49009f9777866a7;f1d33a542817b16b,speakx-v0042,3
2284848355255499,0,0,bec1a99673946c32,daa43c8d35c3a29d;bec1a99673946c32;aa96bc817b89f642,speakx-v0088,2
1692395758675404,0,0,88e0681e36f4f9cb,9e956268129f8db3;88e0681e36f4f9cb;cfcee461e50c602f,speakx-v0040,3
1945016303042855,0,0,f53c62b3ce263231,e1a1c6967921e66e;f53c62b3ce263231;f43c72e3cb263238,speakx-v0072,2
1635365307514500,0,0,9cf26219b8ccd987,8ce27319b8ccd987;9cf26219b8ccd987;8ce27319b8ccd987,speakx-v0012,5
861317746449714,0,0,f2865ee88633658e,849dd3659663c98b;f2865ee88633658e;f1800f58e5323f75,speakx-v0074,2
1534214218051412,0,0,84c1da9bc399393d,c1619ed8c33663e9;84c1da9bc399393d;857cd33d87359134,speakx-v0080,2
1008889414931118,0,0,e0b16706c67b9ac5,f0b017c68eda3387;e0b16706c67b9ac5;e0b577c48e7a98c1,speakx-v0085,2
1271227128122015,0,0,dba6a2cd4dcd0782,f9a211a1f4ea1b1e;dba6a2cd4dcd0782;dad790dd50323273,speakx-v0079,2
1650498256245529,0,0,88f04333c7cf85ea,ccf079311dce2a66;88f04333c7cf85ea;88b7f0d631f2870d,speakx-v0073,2
1718754532619881,0,0,e2b32784dee11ac3,e2b33584dce93398;e2b32784dee11ac3;e2b32784dce51a87,speakx-v0118,2
1318836490216975,0,0,9ce262193dccd987,9ce2731939ccd907;9ce262193dccd987;9ce27219b9ccd907,speakx-v0012,5
975392855199734,0,0,e69b93ccc9139c64,e49e9969668e3265;e69b93ccc9139c64;e9c9dc907e721c16,speakx-v0144,2
26968972736117345,0,0,b5c53d79648f20d8,b1ed3c7134ce21d8;b5c53d79648f20d8;b2ed3c6924ce23d8,speakx-v0044,3
918355924593292,0,0,cc1b6683d6c2d8b5,d3f782ac8b710372;cc1b6683d6c2d8b5;e660719d38ed994c,speakx-v0011,5
1306104707759795,0,0,f15a2d860f4f0727,f15a2d970e4e92a5;f15a2d860f4f0727;f15a2d870e4e13a7,speakx-v0041,3
4514909948796940,0,0,cc93668396a789b5,d3e5c6289d799a84;cc93668396a789b5;e660f19d38cc994e,speakx-v0011,5
2887194411625477,0,0,966dc333666c9998,934c6cc3c6c9cd3c;966dc333666c9998;929369999c6d6666,speakx-v0095,2
1970602930490694,0,0,99ee66193164d965,99ee661b3164d925;99ee66193164d965;99e666193164f965,speakx-v0055,3
1459744116192629,0,0,a0f85da34fcc8c5c,e9d6ae28151ee25a;a0f85da34fcc8c5c;f0f85da14bc58c5c,speakx-v0071,2
1357098709656712,0,0,a216f3e63c3b4683,a213e1f73d68068f;a216f3e63c3b4683;a216f3e63c396683,speakx-v0096,2
1553179199937865,0,0,e4985f61c66629a7,e2990485ad756f36;e4985f61c66629a7;e415582b96c693de,speakx-v0016,4
820194970971284,0,0,e8b197960e69926d,e8b197c61e6cd861;e8b197960e69926d;e9b197ce1658c865,speakx-v0083,2
4304356203209733,0,0,a6589b93ce649b19,b39f888f2bc32c98;a6589b93ce649b19;8ca4732ba9cdcc33,speakx-v0145,2
1385625296768441,0,0,e08f9f396064339b,b1a2cadffa0d5460;e08f9f396064339b;e8c866669a709b9b,speakx-v0220,1
976542395354747,0,0,e2f98d7cca2530a3,a29e021ec9a1df6d;e2f98d7cca2530a3;e3f20d7c4b259263,speakx-v0022,4
2205572380178415,0,0,a6589b93ce649b19,b39f888f2bc32c98;a6589b93ce649b19;8ca4732ba9cdcc33,speakx-v0145,2
2073537180176297,0,0,9926b608a9d2fd9c,f836b0068976cfd8;9926b608a9d2fd9c;9837b30aa9d2cd9c,speakx-v0146,2
2055225678395208,0,0,b76d5c9112e4ca87,a9d276354d687887;b76d5c9112e4ca87;a6d3d61d4b92d829,speakx-v0221,1
929060776855189,0,0,923b69c6c2cfcc1c,923b69c6c6ce8c3c;923b69c6c2cfcc1c;9693c9cdcd9e1861,speakx-v0107,2
2205072176896653,0,0,93666c1dc3714d93,9166641de7714d93;93666c1dc3714d93;93666c1d67704d93,speakx-v0147,2
878652348591010,0,0,985e73933b528d8a,9959331725d2e9d8;985e73933b528d8a;991b66c62c52b99b,speakx-v0148,2
4322078088052764,0,0,aab51ce6660233f3,aaf118a5e72603e7;aab51ce6660233f3;ae058fac763223f1,speakx-v0081,2
1455497906349902,0,0,b2a3f1e12c1ae7a2,b2a3f1e12e1963a6;b2a3f1e12c1ae7a2;92a3f7e1220a37c7,speakx-v0006,6
975868448384290,0,0,a3cc4d1e5cd34527,fbb3e48899530da8;a3cc4d1e5cd34527;f3b379074ca2b099,speakx-v0004,6
1316777246578170,0,0,d38c96cc66993c99,c3cc96cc66993c99;d38c96cc66993c99;9632cb9a8ecd9389,speakx-v0007,6
1314381756861108,0,0,c499e984bfe910ab,c499e984bff910a3;c499e984bfe910ab;c491e984bff910ab,speakx-v0222,1
1317357846423381,0,0,a5c2c1b50bd1dfe0,f4762acda4e85a0b;a5c2c1b50bd1dfe0;9dc262de9d092e66,speakx-v0005,6
4511383839140943,0,0,c7c36e9b31249a69,c6c7679931249b4d;c7c36e9b31249a69;c7c66ecb312492d9,speakx-v0098,2
1662266588372476,0,0,d38c96cc66993c99,c3cc96cc66993c99;d38c96cc66993c99;9632cb9a8ecd9389,speakx-v0007,6
1355959489761084,0,0,d17266cc9bc99932,b1c9ce1cc833669d;d17266cc9bc99932;b1c2ce98d964365b,speakx-v0000,19
3907189146244683,0,0,dbaba461d36e4a14,afb152cf04398b17;dbaba461d36e4a14;8a95154e797accc3,speakx-v0149,2
4432264630363822,0,0,b2a3f1e1261b67a2,9287b2a32e1967e6;b2a3f1e1261b67a2;92a3f3e1320b33c7,speakx-v0006,6
1631437637912562,0,0,9ce26219bdc4d987,9ce2731939ccd907;9ce26219bdc4d987;9ce26219b9ccdd07,speakx-v0012,5
1527222942372722,0,0,ebc0f69d91daa214,f23c4ecb41c94bcc;ebc0f69d91daa214;8c218fb313dc8db5,speakx-v0094,2
993366446988196,0,0,a9d7b2b480a84f57,a8d792b498ad5745;a9d7b2b480a84f57;a9d592b0d1a95e55,speakx-v0223,1
1528983802208134,0,0,c26ccbb32963929b,c26cceb32963929b;c26ccbb32963929b;c36cc7b36933928a,speakx-v0076,2
794762543589793,0,0,c1b2c29e99cdc9cc,e4e6c9d8491963c7;c1b2c29e99cdc9cc;8d56e6b1724d3193,speakx-v0100,2
1566808484881295,0,0,c13e4865d56a6796,c13e4b658e7a46c6;c13e4865d56a6796;c13e5865857a27d6,speakx-v0023,4
2011866696882033,0,0,81a36d5c7a2d5c33,e0cacb5595b67819;81a36d5c7a2d5c33;eac8c6f591902fb4,speakx-v0084,2
878992604485262,0,0,c9a365d1661e729c,eed85518de874263;c9a365d1661e729c;d5915eb0b69a4987,speakx-v0017,4
997704165962187,0,0,966dca9619c9c19e,923cc79339cd3632;966dca9619c9c19e;926d92c719cd9636,speakx-v0106,2
965991376247034,0,0,a5c2c0b70b65df61,e4f62acdc4307a4b;a5c2c0b70b65df61;9dc262de9d092e66,speakx-v0005,6
1015528570998771,0,0,f39acea6ce988930,e6ec8358e3923c65;f39acea6ce988930;88b3f1d92995ab26,speakx-v0056,3
1519137703335884,0,0,f2a1dac547cc8ccc,e7e6188dc8b34699;f2a1dac547cc8ccc;e5659894649699f6,speakx-v0113,2
1890571951655444,0,0,a5c2c1b50bd1dfe0,f4762acda4e85a0b;a5c2c1b50bd1dfe0;9dc262de9d092e66,speakx-v0005,6
880180717685885,0,0,db9326c6c69a9199,e6e20dd922b538c7;db9326c6c69a9199;e7e20dd862993527,speakx-v0057,3
1007530385081900,0,0,bb4255f0823ac73d,bb4253f280bdc71c;bb4255f0823ac73d;bb4256f2809bc72d,speakx-v0092,2
1724422962333351,0,0,e1a606b399cc8e9b,8d0d3861a6e6377a;e1a606b399cc8e9b;8c197d2ac63237f2,speakx-v0150,2
1359996982637929,0,0,cc3933666688cd9b,c786cbd9c7633064;cc3933666688cd9b;9a6d64183867cf9a,speakx-v0224,1
1043103124812012,0,0,aadfd2cc996c3320,95dd6c9265253365;aadfd2cc996c3320;92972c8cd6e9f81a,speakx-v0101,2
1027447753065197,0,0,adc756c84d9c8ea1,8fecb947817094e3;adc756c84d9c8ea1;f2a9cfb28c4c9c86,speakx-v0018,4
26844394018563524,0,0,9ce262193dccd987,9ce2731939ccd907;9ce262193dccd987;9ce27219b9ccd907,speakx-v0012,5
1005340095418175,0,0,bf2b4969a28fb484,f2744734b113cacd;bf2b4969a28fb484;9abeada1e1c262c3,speakx-v0087,2
989290027036103,0,0,e2f98d7cca2530a3,a29e021ec9a1df6d;e2f98d7cca2530a3;e3f20d7c4b259263,speakx-v0022,4
2215935059244884,0,0,e6a238f4465a7cb4,f3e064e0e0f8d4b9;e6a238f4465a7cb4;eded20b452b291d6,speakx-v0048,3
37337901365796958,0,0,a49009f9777866a7,a49649287d3827bf;a49009f9777866a7;f1d33a542817b16b,speakx-v0042,3
1019027777130898,0,0,ccacf26237934335,ccacf0623593c33d;ccacf26237934335;cea6f2383dd11938,speakx-v0103,2
1361741085811598,0,0,dd80b6b119caa6ab,d99beaa218575487;dd80b6b119caa6ab;8d9adb778c841b43,speakx-v0032,4
2050501535881254,0,0,ade756c84d9c8e21,8fec99460378cce3;ade756c84d9c8e21;f6aa9eb2894d9984,speakx-v0018,4
1712870236507784,0,0,da88e595c6c4e8da,ba790ec484c9d27e;da88e595c6c4e8da;da89e494f3e4e843,speakx-v0225,1
1755985579113125,0,0,ecd32d994c4d2725,be0832c73b30f19b;ecd32d994c4d2725;8cf275998cbf2704,speakx-v0089,2
1665305344789047,0,0,932f48e793b096c9,902f6a603bbf92a3;932f48e793b096c9;942beab08fb0cd8e,speakx-v0008,6
1537332977762360,0,0,a4a0b8db8a9cdc5b,b1b348ee80db8dcc;a4a0b8db8a9cdc5b;aca0b0d3da989d5b,speakx-v0112,2
1541795334197554,0,0,e166c6339ecc8633,ac827f4c8c5f2aac;e166c6339ecc8633;ac813f4c8cd75aac,speakx-v0151,2
3194390794101462,0,0,eef2b209359493c9,fba61758a09d9c58;eef2b209359493c9;aaf293193d9390cb,speakx-v0093,2
972418258831307,0,0,92cf6e9ac524e398,92cf4e9ac164f398;92cf6e9ac524e398;9269ceb2cf316698,speakx-v0091,2
872479192551236,0,0,b3f3480dd0caec2e,b2e64c2d93c11d73;b3f3480dd0caec2e;b7309b66cb898d8c,speakx-v0152,2
1804477307581471,0,0,8f6076143ccf9ae1,8f6076161ccf9ae1;8f6076143ccf9ae1;8f6076163ccf9ae0,speakx-v0058,3
1350966316920951,0,0,a5c2c0b70b65df61,e4f62acdc4307a4b;a5c2c0b70b65df61;9dc262de9d092e66,speakx-v0005,6
983037457947633,0,0,86493c3c999c6de3,92c3b292966ccf69;86493c3c999c6de3;92c79e1893738c6d,speakx-v0082,2
2027539371487379,0,0,f76380ce595b30c6,f76288ce595bb086;f76380ce595b30c6;f76298c6595bb086,speakx-v0010,6
1664834988132991,0,0,b3e22e841b5e73a2,b3e22e841b5e73a2;b3e22e841b5e73a2;b3c22e841f5e73a2,speakx-v0009,6
2077159863678503,0,0,a8f15e07878b8d39,b6fc7dd852504037;a8f15e07878b8d39;a9f10f20b0f64bec,speakx-v0226,1
1883151975705319,0,0,aef3cf808ce4cc62,bcc2c70717b59266;aef3cf808ce4cc62;bee6c7060197d662,speakx-v0153,2
1518844083190295,0,0,a8ac1b1b3d9362d6,acb45b1f3893e292;a8ac1b1b3d9362d6;88a85b0f3c93e3d6,speakx-v0154,2
1559092795653919,0,0,f7d5949c2728239a,e6ec8958e3b03c65;f7d5949c2728239a;88b3f1c919de2372,speakx-v0056,3
1283594347179158,0,0,96796ccc93946639,97c74cd931362633;96796ccc93946639;c63938ccb33c6c39,speakx-v0227,1
1795514791415516,0,0,b1d40c9cf32f3263,a2e60c9cf10d3977;b1d40c9cf32f3263;b2f41c3cf41b38b2,speakx-v0099,2
4495689713987746,0,0,d9b2a641d3647b1c,a3b007e6d909b3d6;d9b2a641d3647b1c;8895154e7d66ccd3,speakx-v0149,2
1573736987697228,0,0,e4885f61c6662da7,e2990485ad756f36;e4885f61c6662da7;e4954823d6c693de,speakx-v0016,4
2087931068421187,0,0,f10c1ce71a4af2b3,e24ed4a738296d8b;f10c1ce71a4af2b3;f01c18a7324bdeb3,speakx-v0049,3
1529888078840502,0,0,e4933ec5eafc0072,ee933fc5c2f82430;e4933ec5eafc0072;e41b3ac5dae93072,speakx-v0015,4
2445266529284122,0,0,cf0974a4295c671f,d515c2947f98c59c;cf0974a4295c671f;b94662955a067db9,speakx-v0002,7
3689448171208985,0,0,c334c7f1c721dcc2,9d5007b6ebad4a29;c334c7f1c721dcc2;c234e6b1cf298d8b,speakx-v0003,6
1002307968916209,0,0,fea61c0d9b61b09a,889771c92cf8a5da;fea61c0d9b61b09a;89df629925706d72,speakx-v0228,1
2245758992828721,0,0,f5a95bc7829410be,b0838b2f5afdb490;f5a95bc7829410be;f4b40ad7c38b9d0c,speakx-v0046,3
1385223413421257,0,0,f0923fd9c9702867,f9527c921c98c96d;f0923fd9c9702867;f99026b7cd4e7860,speakx-v0155,2
873618651754187,0,0,e61a2591631fc7c6,e297596f18cc3326;e61a2591631fc7c6;e6126cb14f1b89e6,speakx-v0104,2
1707722113596111,0,0,b3f3480dd0caec2e,b2e64c2d93c11d73;b3f3480dd0caec2e;b7309b66cb898d8c,speakx-v0152,2
3987052924921931,0,0,a9a1874e9ed948ab,a9a98716cedd4a89;a9a1874e9ed948ab;a981871ebc787b25,speakx-v0090,2
1656371092252840,0,0,c830393c3f5f9c19,c922b4782cfc5d2b;c830393c3f5f9c19;de25916965bc7c28,speakx-v0045,3
1030440172717015,0,0,c9b165d9661a729c,e3b3c2a45b4bd2a4;c9b165d9661a729c;d5925eb0b6994d85,speakx-v0017,4
824616770475280,0,0,e4f369ec69494552,e8b771ed69684151;e4f369ec69494552;e4f369ec69694542,speakx-v0047,3
1496154588035776,0,0,b2a3f1e1261b67a2,9287b2a32e1967e6;b2a3f1e1261b67a2;92a3f3e1320b33c7,speakx-v0006,6
1616518609443578,0,0,99ee66193164d965,99ee661b3164d925;99ee66193164d965;99e666193164f965,speakx-v0055,3
1543328573849703,0,0,93666c1de3704d93,9367649d6370cd13;93666c1de3704d93;9366649d6370cd93,speakx-v0147,2
36389016304045469,0,0,f76390cc595b30cc,f36384ea5959b286;f76390cc595b30cc;f76098ce595bb086,speakx-v0010,6
1689862095613058,0,0,e1a606b399cc8e9b,8d0d3861a6e6377a;e1a606b399cc8e9b;8c197d2ac63237f2,speakx-v0150,2
1312620537668127,0,0,b29b8d64cf399930,cc589db44f239927;b29b8d64cf399930;e370e27e19566983,speakx-v0156,2
2852148961823035,0,0,942f4ae63aa1b6f0,b95f10e23f700cb3;942f4ae63aa1b6f0;902feab08fb0cd8e,speakx-v0008,6
4807246549502326,0,0,8f6076143ccf9ae1,8f6076161ccf9ae1;8f6076143ccf9ae1;8f6076163ccf9ae0,speakx-v0058,3
1676862793642995,0,0,a7887aff18204f8d,a6cd52e421a14f5f;a7887aff18204f8d;a6cc58fe34801f1f,speakx-v0059,3
36517908114474049,0,0,a0605c1a3257dfbe,cb2e1133642cfcdc;a0605c1a3257dfbe;da2a957165b6fc08,speakx-v0043,3
978342788423757,0,0,ccd7969091742f6c,da8592e1c4329cdf;ccd7969091742f6c;8643e7834779b43a,speakx-v0108,2
1017961491189825,0,0,bedc9329c1870bcc,b1934a2d58e4cfcc;bedc9329c1870bcc;ae8f92637ef01348,speakx-v0229,1
1333107758784573,0,0,c2fad9a585269e32,e2b2e68491e99e8e;c2fad9a585269e32;e2b2e28499b99ec6,speakx-v0230,1
1524055402758387,0,0,c6cc6c933bcc1a33,c7cc6c9339cd3832;c6cc6c933bcc1a33;869639933666639b,speakx-v0114,2
1748068816627011,0,0,f2d7d8a915ce30a2,e2c7d2a49d496d8a;f2d7d8a915ce30a2;f2d758a965262da2,speakx-v0231,1
2180793392740960,0,0,b3d22e801b5e73a6,f3f32ea0cf5803a2;b3d22e801b5e73a6;b3c32e801b5e73a6,speakx-v0009,6
1339557674759234,0,0,b3998d64ce399932,dc82a68bafcd0734;b3998d64ce399932;e371e27619566193,speakx-v0156,2
1361766756008318,0,0,b2a3f1e12c1ae7a2,b2a3f1e12e1963a6;b2a3f1e12c1ae7a2;92a3f7e1220a37c7,speakx-v0006,6
1387399283411233,0,0,fd02bcc25fb4a324,ae7a0b1bc5c278b2;fd02bcc25fb4a324;b39bc664cc668999,speakx-v0019,4
1406313074589852,0,0,987153c89629db73,d7d89518b28d9971;987153c89629db73;92115ae1962dcf76,speakx-v0157,2
2065465224040395,0,0,969639c269696736,9632cb9a9acd9389;969639c269696736;c7c63c9b61643366,speakx-v0007,6
928672226847609,0,0,dd80b6b119caa6ab,d99beaa218575487;dd80b6b119caa6ab;8d9edb678e840b43,speakx-v0032,4
983503630938689,0,0,e69b93ccc98b9864,cdd590b6f8979830;e69b93ccc98b9864;e9c9dc9076329c36,speakx-v0144,2
1888179688562464,0,0,fd02bcd25fb4a304,a27a011fcdca7ab2;fd02bcd25fb4a304;e42a5e177686d970,speakx-v0019,4
2177042646483754,0,0,e29799d9c9669033,ccf6c41e8dd66688;e29799d9c9669033;af31c14c6dcd4699,speakx-v0077,2
1264668848807533,0,0,be85c71b39248667,fe85c51a3924c675;be85c71b39248667;aec487db7934844b,speakx-v0232,1
1730346694625329,0,0,8c6ec41a719f3399,8c6ec41f70cb33d8;8c6ec41a719f3399;856ee09e7289b6c6,speakx-v0233,1
27039326735676879,0,0,eed86d524946836d,e0f7e28c99532aac;eed86d524946836d;f3b3390c4ce6b093,speakx-v0004,6
1451452453663844,0,0,93313a8ececec4e1,93c36c1c386f6671;93313a8ececec4e1;93c34d3cd8cf6c30,speakx-v0158,2
986106167606403,0,0,865d295696e965b2,865d295696c969b3;865d295696e965b2;809e54a977b2176b,speakx-v0234,1
1371947624756416,0,0,f4d30e9869653b86,b3c44e9bd8987961;f4d30e9869653b86;93d14e86c9cd8cdc,speakx-v0102,2
1681625439656874,0,0,b14d53a6da6e50a3,b14d51a6da6ed8a2;b14d53a6da6e50a3;b1e9d1a4da6e58a2,speakx-v0078,2
2380382949113659,0,0,c5c9c984c693cdc7,c39633936c381e67;c5c9c984c693cdc7;c3966938c73869c7,speakx-v0235,1
1017963330951251,0,0,d13266cc9bc99993,b1c0ce9ce8673633;d13266cc9bc99993;b1c2ce18d96566d9,speakx-v0000,19
993829903054464,0,0,9632cb9acac993c9,969219d765cc329b;9632cb9acac993c9;969219c665e73699,speakx-v0007,6
1812790096772217,0,0,bcf696c94b619283,be34195263c8d93e;bcf696c94b619283;bec296c9499793e0,speakx-v0115,2
1019696327203383,0,0,bbafe24e5283d520,b0a6bb492724f64d;bbafe24e5283d520;a18fcace5e938562,speakx-v0159,2
998521345905657,0,0,c7c36c9865672c6c,c3c76cc967262ccc;c7c36c9865672c6c;c7c769396766241c,speakx-v0236,1
1018266577731610,0,0,93313a8ececec4e1,93c36c1c386f6671;93313a8ececec4e1;93c34d3cd8cf6c30,speakx-v0158,2
1536798551167599,0,0,911ecc8827f3c787,90a699dd5aa49373;911ecc8827f3c787;e6cc9933cc643399,speakx-v0111,2
1023443820344511,0,0,b30cf9e20e33c783,b30c79e60e73c683;b30cf9e20e33c783;ff22269398e62693,speakx-v0126,2
2092553101321689,0,0,9acc5c9b4178c6d3,9bcc789b4372c6c2;9acc5c9b4178c6d3;9acc589b6372c6d2,speakx-v0050,3
1022215520148720,0,0,cda4c65b21a65d69,adf05adcb31a6843;cda4c65b21a65d69;cdb4d25b8d34c178,speakx-v0160,2
2076389589888535,0,0,edcf4060cfca5616,838726b1790fa6f1;edcf4060cfca5616;f09a07e958a2a767,speakx-v0161,2
1311019194506588,0,0,be3d8183945d90f6,bcac17534968663d;be3d8183945d90f6;bcac17534960275f,speakx-v0030,4
1681006989507648,0,0,f328e200d5367bf4,ff226800d5227fad;f328e200d5367bf4;ff2e680087326bbc,speakx-v0053,3
1653131032409183,0,0,a3db4c4ddb88c316,8df0071cf2d0c6be;a3db4c4ddb88c316;b137580d7b98ca1e,speakx-v0133,2
972999335641391,0,0,b41bbcc71e43a4c3,e01bfac71c33e690;b41bbcc71e43a4c3;e4648a339b9b9acc,speakx-v0130,2
1016408487631842,0,0,c0619f85e479d91b,82f9fd99d12e8542;c0619f85e479d91b;ce257a1b75e56025,speakx-v0026,4
1515357813295706,0,0,93596cc67a5326c5,97097dc6fb034685;93596cc67a5326c5;961929c67b5387c5,speakx-v0051,3
1327506092053493,0,0,b7d8ca3ca0922f72,afa4c30b43638f9c;b7d8ca3ca0922f72;f99dc10ee88c7689,speakx-v0031,4
1308281881491141,0,0,c083b6d2692dd23f,d43bb1838ac9d27c;c083b6d2692dd23f;a386d94b0db3227b,speakx-v0143,2
1010201854756042,0,0,c366c89da34b6993,c167ccccc7524fb0;c366c89da34b6993;d13266cc9ac99b93,speakx-v0000,19
1315260573546336,0,0,edabc864378aa394,e9fa5ae43693a405;edabc864378aa394;edab4864379a83d4,speakx-v0129,2
1527023688816595,0,0,d56666999a666623,8c738e76c9857239;d56666999a666623;8c55a235da89f659,speakx-v0024,4
1341044771217348,0,0,d163c6dc9272c671,8c738e72c98472bd;d163c6dc9272c671;8c55a335db8dd648,speakx-v0024,4
2143158666473457,0,0,8639dbe60639e4c6,933ccea2466ce6c3;8639dbe60639e4c6;d13266cc9b999933,speakx-v0000,19
1332278622154395,0,0,86399be60239e7c6,933ccea3466cf0c3;86399be60239e7c6;913366cc9b9989b3,speakx-v0000,19
1774406133527244,0,0,e28693e987cc99cc,b2b322add4c934f1;e28693e987cc99cc;b9a0566bd2d69a98,speakx-v0054,3
1935452127101651,0,0,dbf8b0c606cb45ca,d8da8447bbdc7038;dbf8b0c606cb45ca;daf8868647df441a,speakx-v0139,2
802986049419170,0,0,a9a193746a4c6dcb,a9a193746b486dcb;a9a193746a4c6dcb;a9a313366acc65cb,speakx-v0127,2
27533535899632138,0,0,a0df709c17d88cd5,b0fec0e56a559c4a;a0df709c17d88cd5;b0fac0e56a559d4a,speakx-v0137,2
1473297194097493,0,0,9be85d87d0d46643,afec5d8570d46603;9be85d87d0d46643;9fe85d87d0d6e401,speakx-v0028,4
2420249835122409,0,0,fca4569c69c6691c,c88494fbc78878e7;fca4569c69c6691c;ffa6560fa4c24958,speakx-v0140,2
1645428323393253,0,0,b194e31f6e831e89,e5e48e129bf68b18;b194e31f6e831e89;b5b6e1032897669b,speakx-v0027,4
997953383090881,0,0,bfa6f2481de83283,fc7ab22952c10cf6;bfa6f2481de83283;add38e14d9711666,speakx-v0136,2
985072957572062,0,0,80658f87e678d91b,e0720c9d6bf2d362;80658f87e678d91b;ce357a1b71e56424,speakx-v0026,4
36121185230830159,0,0,f3d8872ce0962b27,efac861e62859e25;f3d8872ce0962b27;fb99c10de08c768b,speakx-v0031,4
1696016167950307,0,0,f68296b9848ba9cd,bc998d2dcc0bd896;f68296b9848ba9cd;f48702e5d3a807cf,speakx-v0029,4
2518993185212523,0,0,ae874ab494f59748,8c8e52b5a4fda45c;ae874ab494f59748;8eca5a847da43795,speakx-v0052,3
1001955356099173,0,0,bbf85c9750c66641,9becb497d0d2c243;bbf85c9750c66641;bbe85d85d0d66449,speakx-v0028,4
1209738614498577,0,0,8dfae0191fd1cd84,a42ce133fac35f48;8dfae0191fd1cd84;822dccd3fbcc4c0e,speakx-v0141,2
1632127831228011,0,0,8bdbf20025973d59,fcf08b0edcd08c2e;8bdbf20025973d59;e8e48b1eddc0897c,speakx-v0132,2
830432456491902,0,0,8bfa62813db63e60,f486d139e375ca88;8bfa62813db63e60;a05af8911ca7f0de,speakx-v0142,2
1606018377805781,0,0,be3d8183945d90f6,bcac17534968663d;be3d8183945d90f6;bcac17534960275f,speakx-v0030,4
1008374951703241,0,0,b99d169259e186d9,b89d16d259c887cd;b99d169259e186d9;b6f3c90cd0bb3452,speakx-v0135,2
2009437412992427,0,0,8f6076143ccf9ae1,8f6076161ccf9ae1;8f6076143ccf9ae1;8f6076163ccf9ae0,speakx-v0058,3
1013212574970448,0,0,9cf26219b8ccd987,8ce27319b8ccd987;9cf26219b8ccd987;8ce27319b8ccd987,speakx-v0012,5
1362357932437068,0,0,e59c5ed1082bf1d2,8c81731cc96e3bb5;e59c5ed1082bf1d2;ea1de2f224895b6a,speakx-v0060,3
1983198572319105,0,0,8c40b9357b87743b,8d40b9357b87742b;8c40b9357b87743b;8d40393779877c2b,speakx-v0061,3
983216337888875,0,0,e5ee1a9078e96326,f7ad08d436bbc122;e5ee1a9078e96326;e5a61a9f29e0630f,speakx-v0162,2
998550299423313,0,0,d3bb6cc46c843999,b6e9591c6365073c;d3bb6cc46c843999;f6e5591c67120dd8,speakx-v0062,3
874484212365190,0,0,bef54103cdae5238,b8f087c36c0d9f70;bef54103cdae5238;d5d10a8a7233cdb3,speakx-v0121,2
2253803472091205,0,0,b54f52de2164531e,b14e43de3b246359;b54f52de2164531e;91e746de3d423d50,speakx-v0163,2
27149779458007487,0,0,f39acea6ce988930,e6ec8358e3923c65;f39acea6ce988930;88b3f1d92995ab26,speakx-v0056,3
1515349576107394,0,0,a731dbc64f0c6c91,a331dfc64d0c3c99;a731dbc64f0c6c91;ea19f566c404b99b,speakx-v0014,4
2640130723049758,0,0,8584d89096f0dbfb,dcdd2242b1cc3e59;8584d89096f0dbfb;f4f509c62aabad22,speakx-v0237,1
4601170513445450,0,0,ed82523968c7276e,e7e6461ab8c5283b;ed82523968c7276e;ffc4101fb0c16b69,speakx-v0164,2
2312156932524239,0,0,acb20bebc5ca6c8c,d158deb238d992a9;acb20bebc5ca6c8c;acd71ef8945aa158,speakx-v0238,1
1308818070876182,0,0,b3f2c5930c0c99fc,b3c0e593da1c83ec;b3f2c5930c0c99fc;bbd40bcc0bd52c93,speakx-v0021,4
1531246168408197,0,0,f0923fd9c9702867,f9527c921c98c96d;f0923fd9c9702867;f99026b7cd4e7860,speakx-v0155,2
1013684581594802,0,0,bf905bb191cfa481,8eb63e502c947cdc;bf905bb191cfa481;a23c49d736cd9d90,speakx-v0239,1
1057542156838977,0,0,a228fac31ef8c34e,e4851ef993996362;a228fac31ef8c34e;a62a599dfcb19324,speakx-v0240,1
1529478111859234,0,0,b30bf8e634198da5,b30ff8e63419aca1;b30bf8e634198da5;b31be1e6349889e5,speakx-v0119,2
691760497365738,0,0,8a0b9d94f17ac783,be91b4db2045caae;8a0b9d94f17ac783;8e0a959f69e07cd2,speakx-v0116,2
4473968839557115,0,0,a6580b33d39e0e7a,a65823b7d3ce0ce2;a6580b33d39e0e7a;b961e6ce0db65298,speakx-v0123,2
940203322383049,0,0,97b2d2a5f424b0d9,95b3d2a5f42c92d1;97b2d2a5f424b0d9;dab5d1e02f619619,speakx-v0109,2
1033816292419500,0,0,c13e4865d56a6796,c13e4b658e7a46c6;c13e4865d56a6796;c13e5865857a27d6,speakx-v0023,4
1436395304911998,0,0,a8267fdd959e20a1,a237d9ec6c399283;a8267fdd959e20a1;aa37777f5d0c0281,speakx-v0124,2
2875471912820841,0,0,9b8361b4ad5e1e51,8bd370f40e0b3597;9b8361b4ad5e1e51;8b8b63b5895e9c51,speakx-v0020,4
1165796592370540,0,0,e633d9cc8cd8c934,ee10637887fc8137;e633d9cc8cd8c934;cd267321669b34cd,speakx-v0241,1
3505206902990144,0,0,f9174abd96680536,f01749b59e68471e;f9174abd96680536;ac4bc166b63cd199,speakx-v0105,2
1591966805893885,0,0,dcfc8325779464c2,9fdcec22328deac0;dcfc8325779464c2;bddcd60369c462c3,speakx-v0242,1
1492658115275135,0,0,afc782583d81526f,a3c7345a1835e3e6;afc782583d81526f;fae6017f490e36c1,speakx-v0125,2
971854005467557,0,0,e6a7191ae8c4f1ca,e8dd1a18e4e6e68c;e6a7191ae8c4f1ca;e26f0df4e282790b,speakx-v0243,1
1473581078140211,0,0,8a8a63b5955e5e70,89d952f4df2b2194;8a8a63b5955e5e70;9a8b63b5897e9451,speakx-v0020,4
1026930139840138,0,0,a904969e7c72f82b,d425b9913b7b829c;a904969e7c72f82b;dab28d5e0d1cc38b,speakx-v0122,2
864406799548908,0,0,acf152aad1cb2c9c,e0859752abdd9c4a;acf152aad1cb2c9c;bcd4d14ba18b924f,speakx-v0244,1
1681602069650676,0,0,a2945e79f5c2d268,e2ee7d959591128a;a2945e79f5c2d268;e2671cbc0a1ed9d1,speakx-v0245,1
2103193720227930,0,0,e20e7df553a8c033,8181d6bdd560cb79;e20e7df553a8c033;e20f6b5652a9f521,speakx-v0120,2
847771278003454,0,0,b3f285930d4c93ec,b3d1f893484d87e1;b3f285930d4c93ec;f2c05f8c5ae51f24,speakx-v0021,4
1018113810666965,0,0,fef1900b2d9a3389,b0f41f684993b68d;fef1900b2d9a3389;fcf40aeb838bd8c0,speakx-v0246,1
1031255179567911,0,0,cda4c65b21a65d69,adf05adcb31a6843;cda4c65b21a65d69;cdb4d25b8d34c178,speakx-v0160,2
1701137244411815,0,0,93596cc67a5326c5,97097dc6fb034685;93596cc67a5326c5;961929c67b5387c5,speakx-v0051,3
845484834915284,0,0,b8f229b1d30ed253,d8f0c54f2cf0732a;b8f229b1d30ed253;9b922cb5d20ed359,speakx-v0247,1
1032088779257493,0,0,b894c74b84355e73,fd846adaa1655e24;b894c74b84355e73;e7bc0c5ee106d079,speakx-v0248,1
985249144363806,0,0,a2875c78e5f60b91,f7c0593df2829d18;a2875c78e5f60b91;deb6e11418df05a9,speakx-v0249,1
2852221428457241,0,0,bca8f2c34b8d6c8c,e9858516aac36fd2;bca8f2c34b8d6c8c;f8d0521b6a7cb12d,speakx-v0250,1
1318839933771493,0,0,ec9c9272fe2d8870,fa8085cf4879b2b3;ec9c9272fe2d8870;f1b6163e120057df,speakx-v0251,1
1513995210370651,0,0,a6b053cbb9c72c38,fa78a5c1849e9a9a;a6b053cbb9c72c38;ece2c01f05f4d355,speakx-v0252,1
1305210145123671,0,0,a331dbe64d0c3c99,a731dbc64d0c6c59;a331dbe64d0c3c99;ea19f566c404b99b,speakx-v0014,4
4453895394857011,0,0,a99feab7422b6460,8bbfe39e410cd192;a99feab7422b6460;9bbfe2c7640ce190,speakx-v0253,1
2388442184983530,0,0,cfe08679d2599269,a658999674c97366;cfe08679d2599269;cfe0867ad25a9269,speakx-v0254,1
1496676271648492,0,0,f3c798ccc99c7290,8986db92d293939b;f3c798ccc99c7290;ccef664d6684ccc1,speakx-v0255,1
986517717608957,0,0,c28ec7d3d29cb829,d98204dfc3dec4cc;c28ec7d3d29cb829;c186c6dbded8a832,speakx-v0256,1
1025990436670236,0,0,bba3e44e60dad071,eae3e76530d91161;bba3e44e60dad071;aca7734b86cb482d,speakx-v0257,1
1035528505819917,0,0,b03293da1b9da927,f89d3cd9a8f02171;b03293da1b9da927;b29230b23f2d6c2f,speakx-v0258,1
767446326457622,0,0,a7d1cb02bab17cd0,93d1e622f8cd78d0;a7d1cb02bab17cd0;93d1e712788d78d8,speakx-v0259,1
1718380856161077,0,0,c13e4865d56a6796,c13e4b658e7a46c6;c13e4865d56a6796;c13e5865857a27d6,speakx-v0023,4
1655986182354518,0,0,9a6d9930639e6335,9a6d9130639e6735;9a6d9930639e6335;9a6db131639e6135,speakx-v0260,1
933981069692312,0,0,edcf4060cfca5616,838726b1790fa6f1;edcf4060cfca5616;f09a07e958a2a767,speakx-v0161,2
994360239650876,0,0,c08fb696c92dd730,f1f3e0258ccdc38c;c08fb696c92dd730;e5a5d89a91998b66,speakx-v0131,2
1590372805977740,0,0,e6e2d119b0a3ad5c,f2e38c0fccae883c;e6e2d119b0a3ad5c;f48706e5d3ac07cc,speakx-v0029,4
1028166556448476,0,0,c166499da34369b7,d1634e8cab436d8e;c166499da34369b7;d13266cc9b999933,speakx-v0000,19
26934517899574318,0,0,b1b4a31e6bc6568c,e5e48e121bf4cb38;b1b4a31e6bc6568c;b5b6e10328b347b9,speakx-v0027,4
27190286223915226,0,0,b7ebc3482d109f85,b7f369480d9bc9c0;b7ebc3482d109f85;b3f9f30c060b94cd,speakx-v0128,2
1635261984214711,0,0,c166499da34369b7,d1676c8ce0c34dcd;c166499da34369b7;d13266cc9b999933,speakx-v0000,19
1792147965089294,0,0,ac4598b39492f35b,9b73424159e7be84;ac4598b39492f35b;975742630bcc3e95,speakx-v0134,2
1437925238368999,0,0,c03ff8e61a64e2c3,c23ffac61a64c30b;c03ff8e61a64e2c3;d17266cc9ac99993,speakx-v0000,19
1029162966150456,0,0,8c40b9357b87743b,8d40b9357b87742b;8c40b9357b87743b;8d40393779877c2b,speakx-v0061,3
2606314053100217,0,0,d3bb6cc46c843999,b6e9591c6365073c;d3bb6cc46c843999;f6e5591c67120dd8,speakx-v0062,3
882770080862495,0,0,ddf603eb888d34c8,ddf506c688d93994;ddf603eb888d34c8;ddf203e3828e3b8c,speakx-v0261,1
1519722763280163,0,0,dd08a3350fe2a71d,c1f68eb198c9b946;dd08a3350fe2a71d;dc2883b26e0be357,speakx-v0063,3
962644176775840,0,0,9f207807bee0237e,ed56cca1ab270c17;9f207807bee0237e;8faa29113b8ee0de,speakx-v0262,1
4080095702285014,0,0,f86a83b2e0cd9e94,857c632b33a4c3da;f86a83b2e0cd9e94;d16986a7a7cb8c94,speakx-v0064,3
1619112265859099,0,0,f0c04fc34fcc2d5c,f9d04e821ed83d5a;f0c04fc34fcc2d5c;ca6f30240caf9b8f,speakx-v0263,1
2333949223804215,0,0,f0201fe5aebc7292,936aad259aa771c2;f0201fe5aebc7292;b660cf438e8fca8c,speakx-v0264,1
1994437664508894,0,0,a5e444d3928f9c9e,a5e04cd6d6dd1983;a5e444d3928f9c9e;e0b41dc3c7dad88c,speakx-v0265,1
2059459548034333,0,0,eae105eed4867c92,fef0038bc18a6f68;eae105eed4867c92;f8e007c78adb10cf,speakx-v0266,1
3990092734455118,0,0,e93eb0ef56c9a030,f98fd2aaa1f02c91;e93eb0ef56c9a030;cd90b6cf4ac09b33,speakx-v0267,1
1330425475878108,0,0,c9cdb89532c83796,8ef66a0b666145d5;c9cdb89532c83796;a7d56a0c735195d4,speakx-v0268,1
28089870667280259,0,0,fcd287bf50219e24,a3e6184d31e78e59;fcd287bf50219e24;fc91c6eb3c2c6431,speakx-v0269,1
3065782370284569,0,0,fbfcfbc89e010160,f8f9cee25801d3c8;fbfcfbc89e010160;fc7d82ef4824d458,speakx-v0270,1
875854235560274,0,0,f8ed83849efc8213,d4eeb1d0674cb681;f8ed83849efc8213;ab87fc14831ad29d,speakx-v0271,1
27672248245738865,0,0,abb0524de4db4d8c,e9efc4041ad8e39a;abb0524de4db4d8c;f9a3a57416f6209c,speakx-v0272,1
842042471990963,0,0,f40209b79a79675a,f292eb0b83ce2c56;f40209b79a79675a;eb015ea29e823dda,speakx-v0165,2
1312577211049891,0,0,e5ee1a9078e96326,f7ad08d436bbc122;e5ee1a9078e96326;e5a61a9f29e0630f,speakx-v0162,2
1537054738130040,0,0,f7a0546cb25b8bb0,f7a0546cb25b8bb0;f7a0546cb25b8bb0;f7a1506cb25b8bb0,speakx-v0273,1
2218610062223953,0,0,f5d34cac925a3236,fec2189950677627;f5d34cac925a3236;bb99ce662293998c,speakx-v0274,1
2939848399741782,0,0,aca7860b8b79093f,ca9be307b6d84865;aca7860b8b79093f;c89be717b4d8486c,speakx-v0166,2
1702445107451796,0,0,f22319f7a25c4caa,f22319d7a25d4e2c;f22319f7a25c4caa;d4b3a8e2c74c6d34,speakx-v0275,1
2217549132503972,0,0,ed82523968c7276e,e7e6461ab8c5283b;ed82523968c7276e;ffc4101fb0c16b69,speakx-v0164,2
1963315200982929,0,0,a277c8861ec9b237,ce04b1ff0629d2cb;a277c8861ec9b237;b276cc1778813763,speakx-v0276,1
1011020231314440,0,0,e59c5ed1082bf1d2,8c81731cc96e3bb5;e59c5ed1082bf1d2;ea1de2f224895b6a,speakx-v0060,3
1613759500749307,0,0,b54f52de2164531e,b14e43de3b246359;b54f52de2164531e;91e746de3d423d50,speakx-v0163,2
1286607256921711,0,0,b44be84e6f8287f0,b44bacd669968672;b44be84e6f8287f0;d13266cc9bd99992,speakx-v0000,19
2031030720821846,0,0,bd40c275ecb69361,9d40c77fe2a4a174;bd40c275ecb69361;b943c678bcbc1163,speakx-v0138,2
1030329693015754,0,0,a9f296ebdcc18125,98c2cda7b24878bd;a9f296ebdcc18125;ca97e8f13dd41905,speakx-v0167,2
1811089719867101,0,0,a956f669d6612689,b45fd0e93b4446e2;a956f669d6612689;bc4ec0e83b44c5f6,speakx-v0168,2
1021419060465263,0,0,9acc5c9b4178c6d3,9bcc789b4372c6c2;9acc5c9b4178c6d3;9acc589b6372c6d2,speakx-v0050,3
840537108879492,0,0,edd5939ac8658730,e56c94942a9d5bc9;edd5939ac8658730;b21a85c4fb217cb6,speakx-v0001,9
2088037832070282,0,0,aead945e4a889e96,ae8d965e58989c96;aead945e4a889e96;ac8ddec6d8199496,speakx-v0277,1
866993049339352,0,0,c05bedc0de543a39,c04de992d6d43ae9;c05bedc0de543a39;c05bedc0ded43839,speakx-v0278,1
4728728327449719,0,0,8836f299dfcc3348,f95c339ec6438133;8836f299dfcc3348;f25e388743c79986,speakx-v0033,4
3121491911373420,0,0,ad7329e6417f300e,bdf22cae536d1284;ad7329e6417f300e;9879c999639b8993,speakx-v0169,2
2525386577875029,0,0,ec6c83a3938e6c8e,8db1f1773492584e;ec6c83a3938e6c8e;8fb1f16d34934c4a,speakx-v0279,1
982762464660618,0,0,fc7ec07292d983c8,c53f9f4c2130cf15;fc7ec07292d983c8;db3f9e61902ed109,speakx-v0280,1
1020332987278380,0,0,f5a3228c4dd27a8d,b1e1d23f8a3dc06c;f5a3228c4dd27a8d;e9e9b3161ab03e85,speakx-v0281,1
1699245951288574,0,0,805fd93cf6323331,e3de219e43d6c618;805fd93cf6323331;ac59c59c331adb31,speakx-v0034,4
1387888156724645,0,0,d31aa4c662dc93da,8d8db642b9c586d9;d31aa4c662dc93da;c98db372ac4592cd,speakx-v0282,1
4358734457789065,0,0,d5f50fa8123c8a75,a787dc5b891cc067;d5f50fa8123c8a75;f5f74e0a123cc835,speakx-v0283,1
1347442427544614,0,0,8381da71e8e69e17,e82a16e9729ca7e2;8381da71e8e69e17;e9bce1960eda2b11,speakx-v0001,9
1498890518001413,0,0,b0af5b96c3fc8602,f9caa00b07faca35;b0af5b96c3fc8602;e0b5d287daa5728a,speakx-v0065,3
1551825403153031,0,0,bdbc42d1632c5d89,bca4c30e9f782633;bdbc42d1632c5d89;a9e0855e2bc1678f,speakx-v0284,1
3447639855395718,0,0,dc3a0791a725ec59,d50cb0d9b10cce77;dc3a0791a725ec59;fd9f0280a3af2c4e,speakx-v0035,4
1410814954213068,0,0,ee1d19464592b97a,e82612e69dba6d43;ee1d19464592b97a;eafac313e6ca6601,speakx-v0013,5
2289248188147929,0,0,c0edd283cd951d59,a978928ae9369acb;c0edd283cd951d59;8979968ae8259bcb,speakx-v0170,2
1532929268504608,0,0,96d23b6d60635b1c,e4e3e7a8f01ae921;96d23b6d60635b1c;f889c336c69899cb,speakx-v0171,2
1023169040228570,0,0,dc3a0795a725ec58,cd005e8ca67b758e;dc3a0795a725ec58;ff9f0280a3af2c4c,speakx-v0035,4
1635169330918905,0,0,c0dfd93cf4343131,b59e69467124cec9;c0dfd93cf4343131;ec59c49c339a9a33,speakx-v0034,4
933124559783220,0,0,fd81c2e6c49ac33a,abc7883fe021f68a;fd81c2e6c49ac33a;a5d78a2ae821f7c2,speakx-v0172,2
1538015284461246,0,0,b9acf783c62b4870,ee8ce981f04166be;b9acf783c62b4870;f1a05386c61de89f,speakx-v0285,1
709027778972260,0,0,ec7c83739381ccc6,e0b1b46626e783ba;ec7c83739381ccc6;f18264fd48ed9692,speakx-v0286,1
1784390322973469,0,0,d5e5003ab8c53fe1,f3a5d71ad8c12325;d5e5003ab8c53fe1;d5e50a3aa3837c63,speakx-v0287,1
1002400492791378,0,0,8836e299decc336c,d0190c9b9bc779a6;8836e299decc336c;f25e388743c79986,speakx-v0033,4
1785926192782164,0,0,f9ad271559d054d8,a0b41f6b75d33243;f9ad271559d054d8;ece5050d0dd173d6,speakx-v0288,1
1719995149342353,0,0,db5f614b4869ca70,c0d833a76d93b42e;db5f614b4869ca70;c0c831e75997b6a6,speakx-v0289,1
1297084372624612,0,0,ea9a644db19c83d3,f8f0068f58c965e6;ea9a644db19c83d3;eaaae065979098db,speakx-v0290,1
1293621632927561,0,0,d09399396c733179,a04aad9c6997d674;d09399396c733179;f39c992666666626,speakx-v0066,3
817247541325649,0,0,aa86a556f05fc49a,b887b6de6147ea20;aa86a556f05fc49a;a887b6de6147ce28,speakx-v0291,1
2192604258204586,0,0,9b655a40a59fc0be,8df42b50d75aa135;9b655a40a59fc0be;9b9bdb846c64643c,speakx-v0036,4
1767362847967603,0,0,dbb326ce66883199,b3e60919e6273cf0;dbb326ce66883199;f1e609f9e21538d1,speakx-v0057,3
1962115631098937,0,0,8381da71e8e69e17,e82a16e9729ca7e2;8381da71e8e69e17;e9bce1960eda2b11,speakx-v0001,9
1544800664105521,0,0,8836e299decc336c,d0190c9b9bc779a6;8836e299decc336c;f25e388743c79986,speakx-v0033,4
860734170438815,0,0,c69869d91c24e3db,969e6718cd653893;c69869d91c24e3db;c619c7e3349c7964,speakx-v0173,2
1511673067306037,0,0,96d23b6d60635b1c,e4e3e7a8f01ae921;96d23b6d60635b1c;f889c336c69899cb,speakx-v0171,2
1991706455067992,0,0,b0af5b96c3fc8602,f9caa00b07faca35;b0af5b96c3fc8602;e0b5d287daa5728a,speakx-v0065,3
1037994698567525,0,0,c6c619192fe6e272,d7a768c93bf04246;c6c619192fe6e272;c7b6190d24e26f3c,speakx-v0174,2
3946455572325077,0,0,c696593165ce326d,c6c76d3992ce2c31;c696593165ce326d;c7c71839b3ce6464,speakx-v0175,2
2764304687274475,0,0,926c69c936666b39,926c6dcd30366769;926c69c936666b39;93c76cc9306eb269,speakx-v0176,2
859185150599687,0,0,edd5939ac8658730,e56c94942a9d5bc9;edd5939ac8658730;b21a85c4fb217cb6,speakx-v0001,9
1371426394857560,0,0,9b655a40a59fc0be,8df42b50d75aa135;9b655a40a59fc0be;9b9bdb846c64643c,speakx-v0036,4
1729723791785930,0,0,ee1d19464592b97a,e82612e69dba6d43;ee1d19464592b97a;eafac313e6ca6601,speakx-v0013,5
1522383285399526,0,0,805fd93cf6323331,e3de219e43d6c618;805fd93cf6323331;ac59c59c331adb31,speakx-v0034,4
2433488863824147,0,0,c0dfd93cf4343131,b59e69467124cec9;c0dfd93cf4343131;ec59c49c339a9a33,speakx-v0034,4
1002226199188311,0,0,8836f299dfcc3348,f95c339ec6438133;8836f299dfcc3348;f25e388743c79986,speakx-v0033,4
1000607919565492,0,0,e6a69f994b8c6606,e7524f92368f249c;e6a69f994b8c6606;fb31041353afdac8,speakx-v0292,1
1749798796383077,0,0,ad7329e6417f300e,bdf22cae536d1284;ad7329e6417f300e;9879c999639b8993,speakx-v0169,2
4071248453006664,0,0,dc3a0795a725ec58,cd005e8ca67b758e;dc3a0795a725ec58;ff9f0280a3af2c4c,speakx-v0035,4
1034523755598603,0,0,fd81c2e6c49ac33a,abc7883fe021f68a;fd81c2e6c49ac33a;a5d78a2ae821f7c2,speakx-v0172,2
998178389749226,0,0,f399cc266666668c,9cd77192a6384e69;f399cc266666668c;b3c559c938c76932,speakx-v0066,3
1485003256999347,0,0,a7cccc66cc272633,ce91dd31307c63cc;a7cccc66cc272633;d288937b25332d73,speakx-v0293,1
1354815406638108,0,0,d09399396c733179,a04aad9c6997d674;d09399396c733179;f39c992666666626,speakx-v0066,3
2006704783280061,0,0,dc3a0791a725ec59,d50cb0d9b10cce77;dc3a0791a725ec59;fd9f0280a3af2c4e,speakx-v0035,4
2214051986037784,0,0,98557672dad64a83,88557662dad7ca31;98557672dad64a83;88757662ded60ac3,speakx-v0294,1
1723206915372815,0,0,b0af5b96c3fc8602,f8caaf09067acb15;b0af5b96c3fc8602;e0b5d287daa5728a,speakx-v0065,3
1519138156349576,0,0,ea3d114784769b72,ee7a3330af3c4a24;ea3d114784769b72;eafac313e6ca6c01,speakx-v0013,5
1474482837766143,0,0,a68818a963cd6d77,f25d0c8667c61373;a68818a963cd6d77;eafac312c7ce6811,speakx-v0013,5
1760213275136486,0,0,aca7860b8b79093f,ca9be307b6d84865;aca7860b8b79093f;c89be717b4d8486c,speakx-v0166,2
1362944402569298,0,0,d3bb6cc46c843999,b6e9591c6365073c;d3bb6cc46c843999;f6e5591c67120dd8,speakx-v0062,3
1384462390164703,0,0,8381da71e8e69e17,e82a16e9729ca7e2;8381da71e8e69e17;e9bce1960eda2b11,speakx-v0001,9
885995927293213,0,0,e166c6339ecc8633,ac827f4c8c5f2aac;e166c6339ecc8633;ac813f4c8cd75aac,speakx-v0151,2
1410047180941589,0,0,a7887aff18204f8d,a6cd52e421a14f5f;a7887aff18204f8d;a6cc58fe34801f1f,speakx-v0059,3
1330459208579843,0,0,aef3cf808ce4cc62,bcc2c70717b59266;aef3cf808ce4cc62;bee6c7060197d662,speakx-v0153,2
1351262990299594,0,0,e59c5ed1082bf1d2,8c81731cc96e3bb5;e59c5ed1082bf1d2;ea1de2f224895b6a,speakx-v0060,3
28352116964378958,0,0,cf0972f4215c670f,d414c2953ebbc19d;cf0972f4215c670f;b946629d5a067db8,speakx-v0002,7
1035880228803854,0,0,a956f669d6612689,b45fd0e93b4446e2;a956f669d6612689;bc4ec0e83b44c5f6,speakx-v0168,2
874458435184411,0,0,dd08a3350fe2a71d,c1f68eb198c9b946;dd08a3350fe2a71d;dc2883b26e0be357,speakx-v0063,3
1936324417008435,0,0,e4f369ec69494552,e8b771ed69684151;e4f369ec69494552;e4f369ec69694542,speakx-v0047,3
1455347879959920,0,0,f86a83b2e0cd9e94,857c632b33a4c3da;f86a83b2e0cd9e94;d16986a7a7cb8c94,speakx-v0064,3
1502176517809162,0,0,bde1961ac19e9869,f4d00bcdc2cfccb0;bde1961ac19e9869;bcf1823e649adba0,speakx-v0295,1
3914753142152821,0,0,c334c7f1c721dcc2,9d5007b6ebad4a29;c334c7f1c721dcc2;c234e6b1cf298d8b,speakx-v0003,6
2006440593572751,0,0,f40209b79a79675a,f292eb0b83ce2c56;f40209b79a79675a;eb015ea29e823dda,speakx-v0165,2
36996968466554959,0,0,a9f296ebdcc18125,98c2cda7b24878bd;a9f296ebdcc18125;ca97e8f13dd41905,speakx-v0167,2
1025351456556289,0,0,e9d596dac9650730,cbb2e249b0f50b1e;e9d596dac9650730;cee2e1b0f01f2e68,speakx-v0001,9
27229193570063215,0,0,e486a19ef1c74a69,ca34d9d9948ec353;e486a19ef1c74a69;bc58c52feaf80193,speakx-v0036,4
1335664508621430,0,0,8c40b9357b87743b,8d40b9357b87742b;8c40b9357b87743b;8d40393779877c2b,speakx-v0061,3
880190364528542,0,0,a277dacc99ccc892,cbb001776fb0658d;a277dacc99ccc892;92c2ecd07c3047bf,speakx-v0296,1
1368585215149014,0,0,dd80b6b119caa6ab,d99beaa218575487;dd80b6b119caa6ab;8d9adb778c841b43,speakx-v0032,4
3239172676273214,0,0,a74d1c973961a473,e2fd989a99896c62;a74d1c973961a473;a1e04fd3c31eb88e,speakx-v0297,1
2153696831865015,0,0,eb61cb61cbc1cac8,c0b7934cf2f18e38;eb61cb61cbc1cac8;cd33df608b34c32c,speakx-v0298,1
2085674658961809,0,0,9b9bd9c6642c6ca4,8cb1fc8e95c8195e;9b9bd9c6642c6ca4;bc58c12febf80193,speakx-v0036,4
2277051736458243,0,0,e29758c99e6865a6,e6861ad8935669a7;e29758c99e6865a6;fa701563c38fcac4,speakx-v0299,1
2174385197293200,0,0,ea8597279c9a9ac8,f9c6269adb3244a9;ea8597279c9a9ac8;f9c53666db2244a9,speakx-v0300,1
1524280652525589,0,0,b3b24be9938ecc84,eda7d09291d343e1;b3b24be9938ecc84;c5a52e2b62d963e4,speakx-v0301,1
2958326064511242,0,0,f15a2d860f4f0727,f15a2d970e4e92a5;f15a2d860f4f0727;f15a2d870e4e13a7,speakx-v0041,3
1264955088855948,0,0,f5d60ad5a8097627,b6f3cf184dc03323;f5d60ad5a8097627;f2f20d0ddbdc0c4c,speakx-v0302,1
1409116061125049,0,0,d3934ccce3413c73,9299c6c3319ee69c;d3934ccce3413c73;93c3cc93738c3273,speakx-v0303,1
2041460689911312,0,0,e98596dad9619730,cbb4f08db4f90313;e98596dad9619730;dae2c1b0f41f2e68,speakx-v0001,9
2209259943160202,0,0,c334c7f1c721dcc2,9d5007b6ebad4a29;c334c7f1c721dcc2;c234e6b1cf298d8b,speakx-v0003,6
929327496844001,0,0,90e5f1c336e95263,90e0f1e3236df662;90e5f1c336e95263;91e4f1c3766d4662,speakx-v0304,1
2413192029194999,0,0,f10c1ce71a4af2b3,e24ed4a738296d8b;f10c1ce71a4af2b3;f01c18a7324bdeb3,speakx-v0049,3
27010320702001931,0,0,e61948e6b2cd1b65,e61c4a96b3ed3823;e61948e6b2cd1b65;b78ace6092319bce,speakx-v0305,1
1326258122375578,0,0,bbafe24e5283d520,b0a6bb492724f64d;bbafe24e5283d520;a18fcace5e938562,speakx-v0159,2
4350971465117364,0,0,c0edd283cd951d59,a978928ae9369acb;c0edd283cd951d59;8979968ae8259bcb,speakx-v0170,2
2072210663717587,0,0,9bc3d3e3f6494422,9bc7d3e7a6494422;9bc3d3e3f6494422;9b07f3e736484623,speakx-v0306,1
1018314074017098,0,0,9926b608a9d2fd9c,f836b0068976cfd8;9926b608a9d2fd9c;9837b30aa9d2cd9c,speakx-v0146,2
1006132832418897,0,0,a0605c1a3257dfbe,cb2e1133642cfcdc;a0605c1a3257dfbe;da2a957165b6fc08,speakx-v0043,3
1673850550397278,0,0,f5a95bc7829410be,b0838b2f5afdb490;f5a95bc7829410be;f4b40ad7c38b9d0c,speakx-v0046,3
2184396842396439,0,0,942f4ae63aa1b6f0,b95f10e23f700cb3;942f4ae63aa1b6f0;902feab08fb0cd8e,speakx-v0008,6
1441553177997385,0,0,932f48e793b096c9,902f6a603bbf92a3;932f48e793b096c9;942beab08fb0cd8e,speakx-v0008,6
878682715309079,0,0,a3cc4d1e5cd34527,fbb3e48899530da8;a3cc4d1e5cd34527;f3b379074ca2b099,speakx-v0004,6
870401179463470,0,0,eed86d524946836d,e0f7e28c99532aac;eed86d524946836d;f3b3390c4ce6b093,speakx-v0004,6
27699737272985335,0,0,e6a238f4465a7cb4,f3e064e0e0f8d4b9;e6a238f4465a7cb4;eded20b452b291d6,speakx-v0048,3
1925534617999869,0,0,985e73933b528d8a,9959331725d2e9d8;985e73933b528d8a;991b66c62c52b99b,speakx-v0148,2
2546906532396100,0,0,cc1b6683d6c2d8b5,d3f782ac8b710372;cc1b6683d6c2d8b5;e660719d38ed994c,speakx-v0011,5
1579971257117495,0,0,c830393c3f5f9c19,c922b4782cfc5d2b;c830393c3f5f9c19;de25916965bc7c28,speakx-v0045,3
2057866215139903,0,0,a8ac1b1b3d9362d6,acb45b1f3893e292;a8ac1b1b3d9362d6;88a85b0f3c93e3d6,speakx-v0154,2
3711991622283199,0,0,987153c89629db73,d7d89518b28d9971;987153c89629db73;92115ae1962dcf76,speakx-v0157,2
1697862294591383,0,0,b3d22e801b5e73a6,f3f32ea0cf5803a2;b3d22e801b5e73a6;b3c32e801b5e73a6,speakx-v0009,6
846627981575774,0,0,a68818a963cd6d77,f25d0c8667c61373;a68818a963cd6d77;eafac312c7ce6811,speakx-v0013,5
2073931916860972,0,0,f76390cc595b30cc,f36384ea5959b286;f76390cc595b30cc;f76098ce595bb086,speakx-v0010,6
1736610194233163,0,0,f76380ce595b30c6,f76288ce595bb086;f76380ce595b30c6;f76298c6595bb086,speakx-v0010,6
2747010212367654,0,0,b3e22e841b5e73a2,b3e22e841b5e73a2;b3e22e841b5e73a2;b3c22e841f5e73a2,speakx-v0009,6
1046021361709003,0,0,cf0972f4215c670f,d414c2953ebbc19d;cf0972f4215c670f;b946629d5a067db8,speakx-v0002,7
1708004703678900,0,0,dbb326ce66883199,b3e60919e6273cf0;dbb326ce66883199;f1e609f9e21538d1,speakx-v0057,3
1880454822626452,0,0,c6c619192fe6e272,d7a768c93bf04246;c6c619192fe6e272;c7b6190d24e26f3c,speakx-v0174,2
1592549529173067,0,0,c696593165ce326d,c6c76d3992ce2c31;c696593165ce326d;c7c71839b3ce6464,speakx-v0175,2
1628053695325535,0,0,c69869d91c24e3db,969e6718cd653893;c69869d91c24e3db;c619c7e3349c7964,speakx-v0173,2
1521544949749932,0,0,926c69c936666b39,926c6dcd30366769;926c69c936666b39;93c76cc9306eb269,speakx-v0176,2
1663497831527377,0,0,a7887aff18204f8d,a6cd52e421a14f5f;a7887aff18204f8d;a6cc58fe34801f1f,speakx-v0059,3
1025654197054648,0,0,cf0972f4215c670f,d414c2953ebbc19d;cf0972f4215c670f;b946629d5a067db8,speakx-v0002,7
2556548328132117,0,0,dd80b6b119caa6ab,d99beaa218575487;dd80b6b119caa6ab;8d9adb778c841b43,speakx-v0032,4
1945091749524573,0,0,88e0681e36f4f9cb,9e956268129f8db3;88e0681e36f4f9cb;cfcee461e50c602f,speakx-v0040,3
1019502594165977,0,0,dfd7a220e80a4797,cc82b378bc6ca54b;dfd7a220e80a4797;8c8db372780e2fa5,speakx-v0307,1
27436114015998694,0,0,dad394c61bf0d1c2,d8c2cf03dd38c2d3;dad394c61bf0d1c2;95e825437ac5c7c9,speakx-v0067,3
1951806882141238,0,0,c8e02c1353f279f9,c9e8241153fb69f8;c8e02c1353f279f9;c8e82c1153fbf8b8,speakx-v0308,1
1349411800654359,0,0,a35c4992a369c7dc,9bbe2531ca462ec6;a35c4992a369c7dc;a5f0a7065ab8cd5a,speakx-v0177,2
1306274787895707,0,0,8282295d78771fdc,91e6a7c4917609fa;8282295d78771fdc;97e4db7d300701cd,speakx-v0309,1
1549778223524414,0,0,aeca2bc39c7cc305,aec02fc38d7cc325;aeca2bc39c7cc305;aed22fc3846dc3a4,speakx-v0310,1
868481072535776,0,0,e4a19e0e1869779b,e031de8e18697799;e4a19e0e1869779b;e1b1de0618697799,speakx-v0311,1
1034912295744386,0,0,982363b82567dce5,cd1948b7a6e55516;982363b82567dce5;b82147e59266a7ce,speakx-v0312,1
1738573560663076,0,0,f87d67b2170d9814,f87d66b2170d9815;f87d67b2170d9814;f87d67b2170d881c,speakx-v0313,1
2040202359905114,0,0,b4ef00cacc333eb4,c30bf13c95a1cb87;b4ef00cacc333eb4;e363689c0d9554db,speakx-v0314,1
1362392719184469,0,0,c7cd6106bc629b47,8137488edfe070ed;c7cd6106bc629b47;cdc56142b869bb47,speakx-v0315,1
1710591393463330,0,0,dacae555936a1913,835f80fad3e44cd8;dacae555936a1913;dac9e5579b6a0c11,speakx-v0178,2
1649839296094264,0,0,fca09f59a865ca23,f1c725a65e58b0a6;fca09f59a865ca23;eea0871bac136f34,speakx-v0316,1
1503887711417817,0,0,b6b684a4bfa9412b,b6b684867f694169;b6b684a4bfa9412b;b6b684a637696943,speakx-v0317,1
1536635724774122,0,0,8cbdf2d21af1a425,8d898b93939cad6c;8cbdf2d21af1a425;a1b0a9af8283f7e2,speakx-v0318,1
27139212809055235,0,0,dca2d32c1c938fc5,dca2d30c1c93cfc5;dca2d32c1c938fc5;cc2c2292b36f4f93,speakx-v0319,1
1319070990377407,0,0,f4258a8af174978e,fc318f83fa70cd01;f4258a8af174978e;f42d8a8ae360bd8e,speakx-v0320,1
1328350869365613,0,0,aae351de4f220787,be8074ff78d10253;aae351de4f220787;aaff55d10f293086,speakx-v0179,2
1603255194920353,0,0,8ffb3031128ee6c9,c7fa3035078a66d9;8ffb3031128ee6c9;cefa3135078a64d9,speakx-v0321,1
993334373486106,0,0,92882ddf129635cf,82891f766b3c98e3;92882ddf129635cf;c02acfd33370a19f,speakx-v0180,2
997828219795966,0,0,b1d3971e2ea41e2c,e9e5a7e28e5a4886;b1d3971e2ea41e2c;a0d1971a6fa55e68,speakx-v0181,2
1362089602482972,0,0,ad8952f61b221e97,add952e61b321e16;ad8952f61b221e97;adcd52f213231ad6,speakx-v0182,2
1544419060410102,0,0,ea97965a99619730,e9bde586865aaa81;ea97965a99619730;e9ade186965aae84,speakx-v0001,9
1542586317563155,0,0,d9c296c679f0d582,9e84a7238738dcba;d9c296c679f0d582;d9a0a74679c487cb,speakx-v0067,3
1480373503839635,0,0,fdf4420ab6b48559,fcf4424b8d94965c;fdf4420ab6b48559;fcf44203b7b5944c,speakx-v0322,1
989703680547354,0,0,92b1f1b25d86b865,9432f5b40bbcb865;92b1f1b25d86b865;99cc663399cc6633,speakx-v0323,1
1575691400787331,0,0,f5e010da61879f71,f4f086196ea2974d;f5e010da61879f71;fdc01b7aa2969cb0,speakx-v0324,1
27527127623617244,0,0,9a2de6f034c1751e,912fc4fa3a903fd0;9a2de6f034c1751e;9b25e6f83095ad16,speakx-v0325,1
2431019154040799,0,0,aae351de4f220787,be8074ff78d10253;aae351de4f220787;aaff55d10f293086,speakx-v0179,2
999793912757557,0,0,dacae555936a1913,835f80fad3e44cd8;dacae555936a1913;dac9e5579b6a0c11,speakx-v0178,2
2343524256180543,0,0,b1d3971e2ea41e2c,e9e5a7e28e5a4886;b1d3971e2ea41e2c;a0d1971a6fa55e68,speakx-v0181,2
1748954446342276,0,0,a35c4992a369c7dc,9bbe2531ca462ec6;a35c4992a369c7dc;a5f0a7065ab8cd5a,speakx-v0177,2
2064798011081043,0,0,ea97965a99619730,e9bde586865aaa81;ea97965a99619730;e9ade186965aae84,speakx-v0001,9
1040469018628927,0,0,ad8952f61b221e97,add952e61b321e16;ad8952f61b221e97;adcd52f213231ad6,speakx-v0182,2
1701013401044660,0,0,dad394c61bf0d1c2,d8c2cf03dd38c2d3;dad394c61bf0d1c2;95e825437ac5c7c9,speakx-v0067,3
986647784342463,0,0,92882ddf129635cf,82891f766b3c98e3;92882ddf129635cf;c02acfd33370a19f,speakx-v0180,2
2195235391020085,0,0,eca593c35e89608f,afb4d1414bb526d2;eca593c35e89608f;beb491c31f9c6416,speakx-v0183,2
878744828618578,0,0,a7dbed1c22d64981,aecb427281dacde4;a7dbed1c22d64981;d9c6cc0c39f2f03a,speakx-v0037,4
1444463421052595,0,0,cc639ec833d8c336,9049fd963e42a3b6;cc639ec833d8c336;ee039fc7823e41d8,speakx-v0038,4
995345410016171,0,0,98ed6612336cd8f2,98ed66133364d8f8;98ed6612336cd8f2;d8ed6613336498f8,speakx-v0184,2
1344987387042732,0,0,e7a61d4941bcb171,e7a30d49e99f1870;e7a61d4941bcb171;f3b7cd8c69c82033,speakx-v0185,2
1734880790843598,0,0,9eeb671131c41cf2,9eeb661131cc3cd2;9eeb671131c41cf2;9eea661131ce9cd2,speakx-v0326,1
1056770070345491,0,0,f7b04a5dc4332f44,f6a18a59a0237ecd;f7b04a5dc4332f44;efa18a1ac025bf69,speakx-v0186,2
1913108889366040,0,0,b8f0c51eedb3006d,e1f1c01ad4f3613d;b8f0c51eedb3006d;b1f0454b9d75906d,speakx-v0187,2
1028048423013823,0,0,f996de4925d63860,973b6844a4a99b3b;f996de4925d63860;e4c7da5832c72d61,speakx-v0188,2
1030086499486947,0,0,bed4a980cb43c7ac,bef4a08acbd28c3c;bed4a980cb43c7ac;befca0cac942cd1c,speakx-v0039,4
979964685095508,0,0,e1a59e9aafc06968,eba5909ee1866969;e1a59e9aafc06968;c7bc48d9977225d0,speakx-v0327,1
1276669997878940,0,0,9263999cc4673d36,92c99c93633c99cb;9263999cc4673d36;939390966d36966b,speakx-v0189,2
28392082263711898,0,0,eb85921fa4b14769,993366ada58c78a5;eb85921fa4b14769;eb85b21ea4a31769,speakx-v0068,3
2175914652980867,0,0,ed5249a55a278787,e15649b44b2593cf;ed5249a55a278787;e55249a64b2787c7,speakx-v0328,1
2484562342063361,0,0,99f7660c2687da58,d8f81d82655e69c5;99f7660c2687da58;daf8188b656e28e5,speakx-v0069,3
1412021594116311,0,0,becb926192c99acc,f7a25c89b1d18ec4;becb926192c99acc;f3e24c1dabd10b26,speakx-v0190,2
2518971611883175,0,0,ff80965a78836536,ffa0524d2cd0673c;ff80965a78836536;edb2d20d3f907027,speakx-v0329,1
1082022377581496,0,0,ce3c93699366c433,969c69cd3661c731;ce3c93699366c433;929ec9c9336ca666,speakx-v0191,2
1042805868523118,0,0,e7e4063cc6cc1b39,e7e4063cc6e81b39;e7e4063cc6cc1b39;b66ccec29a98c993,speakx-v0192,2
1706418623888730,0,0,a6b2975dcca0d878,c6a29759d8aa994d;a6b2975dcca0d878;f5e7555d88845961,speakx-v0193,2
991644010132123,0,0,eb95921ab4a11f69,8c3163acb5876ea9;eb95921ab4a11f69;eb85b21ea4a31769,speakx-v0068,3
1349102594022062,0,0,8259bc155827acfe,9249ff961642a3b6;8259bc155827acfe;ee039fc5823e41dc,speakx-v0038,4
1303978768388810,0,0,fcb0a38acb42cf64,befda0c88b46817c;fcb0a38acb42cf64;bef8a0cac992cd1c,speakx-v0039,4
1385349053446779,0,0,a0fffd5c22d64901,b5cf4f22c3c8c670;a0fffd5c22d64901;fcd8da1236f3822c,speakx-v0037,4
1540383577782334,0,0,a7b19fc681593c64,a5b269b0db6636a2;a7b19fc681593c64;a3f19ed681697c24,speakx-v0330,1
2183176139113315,0,0,eb95921bb4a11769,993b6b28b7866aa8;eb95921bb4a11769;eb85b21ea4a31769,speakx-v0068,3
1479084983988138,0,0,e6905359f297d864,9d714274b79648d6;e6905359f297d864;e6809359e2977a65,speakx-v0070,3
3683922041758505,0,0,99fe6613338c51c3,99fe6613338e5183;99fe6613338c51c3;99ee66333324d923,speakx-v0055,3
1575260164158601,0,0,b283ddcc96793066,a6d324b3c96672c6;b283ddcc96793066;a682d98e9f2d6326,speakx-v0331,1
1016202597791945,0,0,e7924d79c633506c,f7805d79863661cc;e7924d79c633506c;f7821d798d26136c,speakx-v0332,1
1537114968044424,0,0,e397c80916ce3367,933b931f8616f431;e397c80916ce3367;a6ced948338f2467,speakx-v0333,1
2248135302598746,0,0,98ed6612336cd8f2,98ed66133364d8f8;98ed6612336cd8f2;d8ed6613336498f8,speakx-v0184,2
1041263552181453,0,0,bed4a980cb43c7ac,bef4a08acbd28c3c;bed4a980cb43c7ac;befca0cac942cd1c,speakx-v0039,4
1579824307032138,0,0,cc639ec833d8c336,9049fd963e42a3b6;cc639ec833d8c336;ee039fc7823e41d8,speakx-v0038,4
1355170459896183,0,0,f7849959639e2661,ff86592c36836631;f7849959639e2661;f782c81d748b6734,speakx-v0334,1
27187527107536108,0,0,e7a61d4941bcb171,e7a30d49e99f1870;e7a61d4941bcb171;f3b7cd8c69c82033,speakx-v0185,2
1035280016098545,0,0,9263999cc4673d36,92c99c93633c99cb;9263999cc4673d36;939390966d36966b,speakx-v0189,2
1725635455252618,0,0,ce3c93699366c433,969c69cd3661c731;ce3c93699366c433;929ec9c9336ca666,speakx-v0191,2
1406476871300305,0,0,b3f34e3cc6932c30,a3f74839d3c36630;b3f34e3cc6932c30;b3e3480c9d429f7c,speakx-v0335,1
1353348313555298,0,0,e7e4063cc6cc1b39,e7e4063cc6e81b39;e7e4063cc6cc1b39;b66ccec29a98c993,speakx-v0192,2
1460498285835111,0,0,e6865999b4c66761,e6825b99a78c6527;e6865999b4c66761;86b368cd98a736c5,speakx-v0336,1
1362839305910894,0,0,e694535986957c65,993242b6a65e63b6;e694535986957c65;e6809359e2957e65,speakx-v0070,3
1924599755181213,0,0,becb926192c99acc,f7a25c89b1d18ec4;becb926192c99acc;f3e24c1dabd10b26,speakx-v0190,2
1018420804497050,0,0,8259bc155827acfe,9249ff961642a3b6;8259bc155827acfe;ee039fc5823e41dc,speakx-v0038,4
1013976714353518,0,0,e65bacd648249cce,e64bacb24c2699ce;e65bacd648249cce;e65bacd24c249cce,speakx-v0337,1
1024972506819768,0,0,a7dbed1c22d64981,aecb427281dacde4;a7dbed1c22d64981;d9c6cc0c39f2f03a,speakx-v0037,4
1362890869132799,0,0,a0fffd5c22d64901,b5cf4f22c3c8c670;a0fffd5c22d64901;fcd8da1236f3822c,speakx-v0037,4
1418765420059794,0,0,fcb0a38acb42cf64,befda0c88b46817c;fcb0a38acb42cf64;bef8a0cac992cd1c,speakx-v0039,4
1538522081103506,0,0,e6905359d217d965,8c534276b7966c96;e6905359d217d965;e6809359e2957e65,speakx-v0070,3
1348218336655877,0,0,a6b2975dcca0d878,c6a29759d8aa994d;a6b2975dcca0d878;f5e7555d88845961,speakx-v0193,2
1178995387743429,0,0,99f7660c2687da58,d8f81d82655e69c5;99f7660c2687da58;daf8188b656e28e5,speakx-v0069,3
1006144355452513,0,0,dd08a3350fe2a71d,c1f68eb198c9b946;dd08a3350fe2a71d;dc2883b26e0be357,speakx-v0063,3
1009666725318622,0,0,f86a83b2e0cd9e94,857c632b33a4c3da;f86a83b2e0cd9e94;d16986a7a7cb8c94,speakx-v0064,3
27450337197999112,0,0,f996de4925d63860,973b6844a4a99b3b;f996de4925d63860;e4c7da5832c72d61,speakx-v0188,2
779014288637298,0,0,eca593c35e89608f,afb4d1414bb526d2;eca593c35e89608f;beb491c31f9c6416,speakx-v0183,2
1010490721756021,0,0,f7b04a5dc4332f44,f6a18a59a0237ecd;f7b04a5dc4332f44;efa18a1ac025bf69,speakx-v0186,2
2441301233021502,0,0,b8f0c51eedb3006d,e1f1c01ad4f3613d;b8f0c51eedb3006d;b1f0454b9d75906d,speakx-v0187,2
987984854000992,0,0,99f7660c2687da58,d8f81d82655e69c5;99f7660c2687da58;daf8188b656e28e5,speakx-v0069,3
