row_rank,page_rank,competitor_name,facebook_page_id,facebook_page_name,facebook_page_followers,target_country,ad_library_id,ad_library_url,ad_start_date,ad_end_date,has_low_impression_warning,ad_has_multiple_versions,ad_version_count,version_index,version_id,version_start_date,version_end_date,version_primary_text,version_description,version_cta_label,version_destination_url,version_platforms_distribution,ad_primary_text,ad_description,ad_cta_label,ad_destination_url,ad_media_type,ad_distribution_platforms,creative_count_in_ad,creative_index_in_ad,creative_aspect_ratio,facebook_video_cdn_url_at_scrape,facebook_thumbnail_cdn_url_at_scrape,facebook_cdn_url_expiry_at_scrape,scrape_run_date,r2_public_url
1,1,Zinglish,680109015195106,Zinglish,,IN,1212657180911138,https://www.facebook.com/ads/library/?id=1212657180911138,2026-02-18,,false,false,1,0,,2026-02-18,,हिंदी के मदद से English जानो 🤩🤩🤩  Sirf @₹3 में,हिंदी के मदद से English जानो 🤩🤩🤩,Install now,http://play.google.com/store/apps/details?id=com.capslock.zinglish,"Facebook,Instagram,Audience Network,Messenger,Threads",हिंदी के मदद से English जानो 🤩🤩🤩  Sirf @₹3 में,हिंदी के मदद से English जानो 🤩🤩🤩,Install now,http://play.google.com/store/apps/details?id=com.capslock.zinglish,Video,"Facebook,Instagram,Audience Network,Messenger,Threads",1,0,9:16,https://video.fblr20-1.fna.fbcdn.net/o1/v/t2/f2/m366/AQOrl4MlgQlAmoZipQB5FX3_3a5DKGzA6qeUcsGYSNA4_d0NHlf_IEqgHWLW40BfANgNqvgng1bopWzs_H9M8XI6P2LYIDWivxsdGspJCaznvw.mp4?_nc_cat=110&_nc_oc=AdoBIQ4VWjbimW39guO_PoVTG5Q4AYcYLTBxEl2mToRNG9nsqqvbgbyoFOwJvH2WPTw6qoctJrZuWe2O8iIMDd_x&_nc_sid=b66105&_nc_ht=video.fblr20-1.fna.fbcdn.net&_nc_ohc=hOJ2FCt70dIQ7kNvwGdWEFg&efg=eyJ2ZW5jb2RlX3RhZyI6Inhwdl9wcm9ncmVzc2l2ZS5WSV9VU0VDQVNFX1BST0RVQ1RfVFlQRS4uQzMuNzIwLmRhc2hfaDI2NC1iYXNpYy1nZW4yXzcyMHAiLCJ4cHZfYXNzZXRfaWQiOjEzMjM4MTc2MzYxODMwNjAsImFzc2V0X2FnZV9kYXlzIjoxMzEsInZpX3VzZWNhc2VfaWQiOjEwNzk5LCJkdXJhdGlvbl9zIjoxMiwidXJsZ2VuX3NvdXJjZSI6Ind3dyJ9&ccb=17-1&vs=18c4ee65fc0afbd8&_nc_vs=HBksFQIYRWZiX2VwaGVtZXJhbC9FMTQxNzM5MEQ0QkI4MThGNUM5M0IzMkZGOEZGQzQ4OF9tdF8xX3ZpZGVvX2Rhc2hpbml0Lm1wNBUAAsgBEgAVAhhAZmJfcGVybWFuZW50LzIyNDExMjU0RTlCRDE3MUExOTI2QzNENzRCNkU2QzgyX2F1ZGlvX2Rhc2hpbml0Lm1wNBUCAsgBEgAoABgAGwKIB3VzZV9vaWwBMRJwcm9ncmVzc2l2ZV9yZWNpcGUBMRUAACao8J3_qYDaBBUCKAJDMywXQCmZmZmZmZoYGWRhc2hfaDI2NC1iYXNpYy1nZW4yXzcyMHARAHUAZd6oAQA&_nc_gid=AvcZLh5bYIBXCerf9LD_QQ&_nc_ss=7f289&_nc_zt=28&oh=00_AQAdj0KjC8tLyrZyrakKxzvmbjCBvpL8sV2VSDe2fsU0zA&oe=6A4A2D46,https://scontent.fblr20-1.fna.fbcdn.net/v/t39.35426-6/638294091_34009582652021157_958246424918860081_n.jpg?_nc_cat=110&ccb=1-7&_nc_sid=c53f8f&_nc_ohc=8m-SVpfK61IQ7kNvwGPhHKx&_nc_oc=Adqjjfzx-PkSh8UJ8DNUWpURsVt6Mp7H8ud6JRMXrp_CDtAPCn4wsmLeiPnB4J0SVEUWljMeqCvZYdcg_UEQtAdc&_nc_zt=14&_nc_ht=scontent.fblr20-1.fna&_nc_gid=AvcZLh5bYIBXCerf9LD_QQ&_nc_ss=7f289&oh=00_AQBdDa0KsVjHcnM7yPXoJJweCIWkHl46aqmFq79pfb-l8A&oe=6A4A5090,2026-07-05T10:09:10.000Z,2026-07-01,https://pub-893b4a6a607b4221a894bf861da7914e.r2.dev/1212657180911138.mp4
2,2,Zinglish,680109015195106,Zinglish,,IN,908822938160022,https://www.facebook.com/ads/library/?id=908822938160022,2026-01-27,,false,false,1,0,,2026-01-27,,हिंदी के मदद से English जानो 🤩🤩🤩  Sirf @₹3 में,हिंदी के मदद से English जानो 🤩🤩🤩,Install now,http://play.google.com/store/apps/details?id=com.capslock.zinglish,"Facebook,Instagram,Audience Network,Messenger,Threads",हिंदी के मदद से English जानो 🤩🤩🤩  Sirf @₹3 में,हिंदी के मदद से English जानो 🤩🤩🤩,Install now,http://play.google.com/store/apps/details?id=com.capslock.zinglish,Video,"Facebook,Instagram,Audience Network,Messenger,Threads",1,0,9:16,https://video.fblr20-4.fna.fbcdn.net/o1/v/t2/f2/m366/AQOmJjzJ0g4EXWLAoN0-E-KdIOaec7xPsr5XnXI_IkW3oxTTnZd0iDTO-g6yuJJ6DbFwJ1ICBazyvzvwhBrRjVM61aX41LSgUYJssR_qhrIKfw.mp4?_nc_cat=103&_nc_oc=Adryy9zY1KD4hrJqwpx1XC5JddpZ_0EJEF_ZJCSXgD4_NOLx3n--uUTqCXufTBcaqJvUB05bL6ZV4koev7QvnaVe&_nc_sid=b66105&_nc_ht=video.fblr20-4.fna.fbcdn.net&_nc_ohc=W9HEdkVD3KkQ7kNvwG92Vvp&efg=eyJ2ZW5jb2RlX3RhZyI6Inhwdl9wcm9ncmVzc2l2ZS5WSV9VU0VDQVNFX1BST0RVQ1RfVFlQRS4uQzMuNzIwLmRhc2hfaDI2NC1iYXNpYy1nZW4yXzcyMHAiLCJ4cHZfYXNzZXRfaWQiOjE1NDg0MTMwODI5MDE3NzYsImFzc2V0X2FnZV9kYXlzIjoxNTMsInZpX3VzZWNhc2VfaWQiOjEwNzk5LCJkdXJhdGlvbl9zIjoxMSwidXJsZ2VuX3NvdXJjZSI6Ind3dyJ9&ccb=17-1&vs=3390756ff834c975&_nc_vs=HBksFQIYRWZiX2VwaGVtZXJhbC9FMDRGOTMxRjI4Qjk2MjY2Rjk4NUYwMTZDQkU2OTE4RF9tdF8xX3ZpZGVvX2Rhc2hpbml0Lm1wNBUAAsgBEgAVAhhAZmJfcGVybWFuZW50LzE0NEQyM0FENTMxMzE4M0RCREEyNENDM0M0Rjk0MzgwX2F1ZGlvX2Rhc2hpbml0Lm1wNBUCAsgBEgAoABgAGwKIB3VzZV9vaWwBMRJwcm9ncmVzc2l2ZV9yZWNpcGUBMRUAACag9Ky8wJHABRUCKAJDMywXQCcAAAAAAAAYGWRhc2hfaDI2NC1iYXNpYy1nZW4yXzcyMHARAHUAZd6oAQA&_nc_gid=AvcZLh5bYIBXCerf9LD_QQ&_nc_ss=7f289&_nc_zt=28&oh=00_AQDM29FWO4dGF1JLtwtYzcwMA5PunDq-m1jdaxc9-0E7tw&oe=6A4A1DA5,https://scontent.fblr20-1.fna.fbcdn.net/v/t39.35426-6/623403178_25243141712030468_1519118917457671105_n.jpg?_nc_cat=110&ccb=1-7&_nc_sid=c53f8f&_nc_ohc=M6ILSAYa1BsQ7kNvwGLmRCj&_nc_oc=AdpS18ZQYvQ9itWC_df6IoLxUKU-CgPV6hWCEUO-K0B-b7CvEHdArdBHzqG_b8J7MFGqvpAsFX07ukEcV4uTqXoU&_nc_zt=14&_nc_ht=scontent.fblr20-1.fna&_nc_gid=AvcZLh5bYIBXCerf9LD_QQ&_nc_ss=7f289&oh=00_AQB_G8fQoFU81M3EyMBEH_IoD8EH6syV1MfOjxvO5Up_AA&oe=6A4A379D,2026-07-05T09:02:29.000Z,2026-07-01,https://pub-893b4a6a607b4221a894bf861da7914e.r2.dev/908822938160022.mp4
3,3,Zinglish,680109015195106,Zinglish,,IN,900964249487648,https://www.facebook.com/ads/library/?id=900964249487648,2026-03-12,,false,false,1,0,,2026-03-12,,हिंदी के मदद से English जानो 🤯 Sirf @₹3 में,Ghar baithe smart bano 😎,Install now,http://play.google.com/store/apps/details?id=com.capslock.zinglish,"Facebook,Instagram,Audience Network,Messenger,Threads",हिंदी के मदद से English जानो 🤯 Sirf @₹3 में,Ghar baithe smart bano 😎,Install now,http://play.google.com/store/apps/details?id=com.capslock.zinglish,Video,"Facebook,Instagram,Audience Network,Messenger,Threads",1,0,9:16,https://video.fblr20-2.fna.fbcdn.net/o1/v/t2/f2/m366/AQOMPpuKrBE8CwmJcC1-5YubAjllAi14ral-KOI4IUygxhNOPmWHgTQZayoM9xLIncPngk17wcoxsYuTmhR7vhX1dOhNhuGiObIZbmn7ejEB9g.mp4?_nc_cat=102&_nc_oc=AdqA6NzbW0G9Cf3x3LDaD-dmcFo32JA6HMbb3p6TK1xadw93ucprdIyfuk-DpWi-jHEJMAWwrk9E3VxiLf3x3Exc&_nc_sid=b66105&_nc_ht=video.fblr20-2.fna.fbcdn.net&_nc_ohc=WAjLel8X7-0Q7kNvwH973w7&efg=eyJ2ZW5jb2RlX3RhZyI6Inhwdl9wcm9ncmVzc2l2ZS5WSV9VU0VDQVNFX1BST0RVQ1RfVFlQRS4uQzMuNzIwLmRhc2hfaDI2NC1iYXNpYy1nZW4yXzcyMHAiLCJ4cHZfYXNzZXRfaWQiOjE1NzYzMjI5MjY3NzU3NDgsImFzc2V0X2FnZV9kYXlzIjoxMDksInZpX3VzZWNhc2VfaWQiOjEwNzk5LCJkdXJhdGlvbl9zIjoxNSwidXJsZ2VuX3NvdXJjZSI6Ind3dyJ9&ccb=17-1&vs=5d985ca5b2c6617f&_nc_vs=HBksFQIYRWZiX2VwaGVtZXJhbC84RDQzMDAyNEM1RENFNjhEOTk0MDQ3QUNBMDhDRjc4OV9tdF8xX3ZpZGVvX2Rhc2hpbml0Lm1wNBUAAsgBEgAVAhhAZmJfcGVybWFuZW50L0ZBNDhFRDhDMDI5OTlCMkEwRjJEQkFENTlCNjc0QTlEX2F1ZGlvX2Rhc2hpbml0Lm1wNBUCAsgBEgAoABgAGwKIB3VzZV9vaWwBMRJwcm9ncmVzc2l2ZV9yZWNpcGUBMRUAACaIt9CBierMBRUCKAJDMywXQC4crAgxJukYGWRhc2hfaDI2NC1iYXNpYy1nZW4yXzcyMHARAHUAZd6oAQA&_nc_gid=AvcZLh5bYIBXCerf9LD_QQ&_nc_ss=7f289&_nc_zt=28&oh=00_AQBEoAqXIVyMJzXYHnh3GoaE9N3x3pdOz42ubODOLI1GsA&oe=6A4A2E22,https://scontent.fblr20-1.fna.fbcdn.net/v/t39.35426-6/649951716_1800514397574577_2258824918872775562_n.jpg?_nc_cat=108&ccb=1-7&_nc_sid=c53f8f&_nc_ohc=zCpVQTtZceEQ7kNvwFUgRNF&_nc_oc=AdoX1xlmJd16xrXzzFI27nhaCPetc8iyc4QZynHuXETZ1hqMMXXsa54mL8DtWv91qKz1nO4wK6evkXjNh67MNH1d&_nc_zt=14&_nc_ht=scontent.fblr20-1.fna&_nc_gid=AvcZLh5bYIBXCerf9LD_QQ&_nc_ss=7f289&oh=00_AQB9JPW7ytbWET9IzLx3xkRDmw6XBYxFIUiUpiDRqAEing&oe=6A4A385B,2026-07-05T10:12:50.000Z,2026-07-01,https://pub-893b4a6a607b4221a894bf861da7914e.r2.dev/900964249487648.mp4
4,4,Zinglish,680109015195106,Zinglish,,IN,1414823376812512,https://www.facebook.com/ads/library/?id=1414823376812512,2026-02-16,,false,false,1,0,,2026-02-16,,"தமிழின் உதவியுடன் English கற்றுக்கொள்ளுங்கள் 
வெறும் ₹3-க்கே😎🤩","Tamil-லேயே, English கற்றுக்கொள்ளுங்கள்",Install now,http://play.google.com/store/apps/details?id=com.capslock.zinglish,"Facebook,Instagram,Audience Network,Messenger,Threads","தமிழின் உதவியுடன் English கற்றுக்கொள்ளுங்கள் 
வெறும் ₹3-க்கே😎🤩","Tamil-லேயே, English கற்றுக்கொள்ளுங்கள்",Install now,http://play.google.com/store/apps/details?id=com.capslock.zinglish,Video,"Facebook,Instagram,Audience Network,Messenger,Threads",1,0,9:16,https://video.fblr20-2.fna.fbcdn.net/o1/v/t2/f2/m366/AQOsLMXSSj3jP9oH4zSpBLeg56pasw9An0w_eGJhBdFMYV_I4BUUJ_gD7l2HIEdH8R0Ui_QOqRUjPY6M2_JBOVU5TSNJ7QfYmWWRi_G-voTNYg.mp4?_nc_cat=102&_nc_oc=AdrlBUP-YpjHbX-zzrdmb4SJs--WkV2zHFz1oP_33XpPJo1T1GXs5KZ_AUbKaRVW2njTVBoXZ_tJTTVh-B7mYDtw&_nc_sid=b66105&_nc_ht=video.fblr20-2.fna.fbcdn.net&_nc_ohc=5caFNu2w8mQQ7kNvwHz-L80&efg=eyJ2ZW5jb2RlX3RhZyI6Inhwdl9wcm9ncmVzc2l2ZS5WSV9VU0VDQVNFX1BST0RVQ1RfVFlQRS4uQzMuNzIwLmRhc2hfaDI2NC1iYXNpYy1nZW4yXzcyMHAiLCJ4cHZfYXNzZXRfaWQiOjE0NDcwNTgxNDY5NDk2NTIsImFzc2V0X2FnZV9kYXlzIjoxMzMsInZpX3VzZWNhc2VfaWQiOjEwNzk5LCJkdXJhdGlvbl9zIjozMiwidXJsZ2VuX3NvdXJjZSI6Ind3dyJ9&ccb=17-1&vs=a3e010e297478be3&_nc_vs=HBksFQIYRWZiX2VwaGVtZXJhbC8xODQ1ODJDRUJERDE0NjVGMDFDN0JDNkYyRUJFQjVCQl9tdF8xX3ZpZGVvX2Rhc2hpbml0Lm1wNBUAAsgBEgAVAhhAZmJfcGVybWFuZW50L0QzNDgyOTlBMzAwNDBGN0RGMkM4NUNDQTY3MjQ4MDg5X2F1ZGlvX2Rhc2hpbml0Lm1wNBUCAsgBEgAoABgAGwKIB3VzZV9vaWwBMRJwcm9ncmVzc2l2ZV9yZWNpcGUBMRUAACao6Iut74WSBRUCKAJDMywXQEAVP3ztkWgYGWRhc2hfaDI2NC1iYXNpYy1nZW4yXzcyMHARAHUAZd6oAQA&_nc_gid=AvcZLh5bYIBXCerf9LD_QQ&_nc_ss=7f289&_nc_zt=28&oh=00_AQCMWNWg7jtOh_DZ4ca6t1ZySGK9KdYbPaS6p90kETfxDw&oe=6A4A2666,https://scontent.fblr20-4.fna.fbcdn.net/v/t39.35426-6/637782139_787048923876417_5034755343776432014_n.jpg?_nc_cat=101&ccb=1-7&_nc_sid=c53f8f&_nc_ohc=8kctNUUKOPkQ7kNvwEonHC7&_nc_oc=AdoOG5-dOb7SiPlpuPz_uEUi--y2-WIoznFEThl32DXYIqwcFO_RCW3InaDZRov0vNx-pcawRYjkFv5oLVqnjwBG&_nc_zt=14&_nc_ht=scontent.fblr20-4.fna&_nc_gid=AvcZLh5bYIBXCerf9LD_QQ&_nc_ss=7f289&oh=00_AQDfYdMF34n_Tcgoy-9SWI_6eXUYErMVdFbt-wA8otv5Hg&oe=6A4A2522,2026-07-05T09:39:50.000Z,2026-07-01,https://pub-893b4a6a607b4221a894bf861da7914e.r2.dev/1414823376812512.mp4
5,5,Zinglish,680109015195106,Zinglish,,IN,2145402302955929,https://www.facebook.com/ads/library/?id=2145402302955929,2026-02-18,,false,false,1,0,,2026-02-18,,हिंदी के मदद से English जानो 🤩🤩🤩  Sirf @₹3 में,हिंदी के मदद से English जानो 🤩🤩🤩,Install now,http://play.google.com/store/apps/details?id=com.capslock.zinglish,"Facebook,Instagram,Audience Network,Messenger,Threads",हिंदी के मदद से English जानो 🤩🤩🤩  Sirf @₹3 में,हिंदी के मदद से English जानो 🤩🤩🤩,Install now,http://play.google.com/store/apps/details?id=com.capslock.zinglish,Video,"Facebook,Instagram,Audience Network,Messenger,Threads",1,0,9:16,https://video.fblr20-2.fna.fbcdn.net/o1/v/t2/f2/m366/AQOXC4mi-esa-hx_E5GRiuhSnXaMZj4qfG-IuarYu195nlnYe9SRq1rKvy7vl8djHssfbEmda6goVQx4dwMqni8ApZpkXde7EhscpdHeZBsLBA.mp4?_nc_cat=111&_nc_oc=AdrJjWM-IM0eO7QBVyt57Yli6VLp9UBpW3ZrZg86IGntf0VA_phNrNouPsC8FpNcckjIVHeBd5uLSaCgUHsQpp6u&_nc_sid=b66105&_nc_ht=video.fblr20-2.fna.fbcdn.net&_nc_ohc=7OJa4aI0_qoQ7kNvwE3Tjz7&efg=eyJ2ZW5jb2RlX3RhZyI6Inhwdl9wcm9ncmVzc2l2ZS5WSV9VU0VDQVNFX1BST0RVQ1RfVFlQRS4uQzMuNzIwLmRhc2hfaDI2NC1iYXNpYy1nZW4yXzcyMHAiLCJ4cHZfYXNzZXRfaWQiOjkxNTYxMzI4NDMyMTQwNiwiYXNzZXRfYWdlX2RheXMiOjEzMSwidmlfdXNlY2FzZV9pZCI6MTA3OTksImR1cmF0aW9uX3MiOjExLCJ1cmxnZW5fc291cmNlIjoid3d3In0%3D&ccb=17-1&vs=568e9957dad21ed5&_nc_vs=HBksFQIYRWZiX2VwaGVtZXJhbC84NDQ4MzREQTY1NkI1NEI1QTc4Nzg1OURFMEE4QzFCMF9tdF8xX3ZpZGVvX2Rhc2hpbml0Lm1wNBUAAsgBEgAVAhhAZmJfcGVybWFuZW50Lzc4NDNDNkEyOEI3MDI4ODkxNTFCQ0JEMDNDMDg2REE2X2F1ZGlvX2Rhc2hpbml0Lm1wNBUCAsgBEgAoABgAGwKIB3VzZV9vaWwBMRJwcm9ncmVzc2l2ZV9yZWNpcGUBMRUAACb8oYLJ2q-gAxUCKAJDMywXQCdU_fO2RaIYGWRhc2hfaDI2NC1iYXNpYy1nZW4yXzcyMHARAHUAZd6oAQA&_nc_gid=AvcZLh5bYIBXCerf9LD_QQ&_nc_ss=7f289&_nc_zt=28&oh=00_AQCiCecp62mPOUC3Ea4sWKODTIXXrqgzx8HROKo94lB4vA&oe=6A4A357D,https://scontent.fblr20-2.fna.fbcdn.net/v/t39.35426-6/638859894_1266546115422058_7149346374523251298_n.jpg?_nc_cat=111&ccb=1-7&_nc_sid=c53f8f&_nc_ohc=OovYjchgJFMQ7kNvwEIM_5J&_nc_oc=Adrv0cn_QpcvUYUTyZnMr36XorUnJB9e249HxQ_RInccgtY_jYgRJETAss9a7IMSLrCGtKLJUy8VxFqZFSKisYPu&_nc_zt=14&_nc_ht=scontent.fblr20-2.fna&_nc_gid=AvcZLh5bYIBXCerf9LD_QQ&_nc_ss=7f289&oh=00_AQDQLYgAYUE9eS_-1xtN6mdjLfy6Ly-tnY0ElipGCOuFWg&oe=6A4A1E54,2026-07-05T10:44:13.000Z,2026-07-01,https://pub-893b4a6a607b4221a894bf861da7914e.r2.dev/2145402302955929.mp4
6,6,Zinglish,680109015195106,Zinglish,,IN,1214331300401198,https://www.facebook.com/ads/library/?id=1214331300401198,2026-02-17,,false,false,1,0,,2026-02-17,,"தமிழின் உதவியுடன் English கற்றுக்கொள்ளுங்கள் 
வெறும் ₹3-க்கே😎🤩","Tamil-லேயே, English கற்றுக்கொள்ளுங்கள்",Install now,http://play.google.com/store/apps/details?id=com.capslock.zinglish,"Facebook,Instagram,Audience Network,Messenger,Threads","தமிழின் உதவியுடன் English கற்றுக்கொள்ளுங்கள் 
வெறும் ₹3-க்கே😎🤩","Tamil-லேயே, English கற்றுக்கொள்ளுங்கள்",Install now,http://play.google.com/store/apps/details?id=com.capslock.zinglish,Video,"Facebook,Instagram,Audience Network,Messenger,Threads",1,0,9:16,https://video.fblr20-4.fna.fbcdn.net/o1/v/t2/f2/m366/AQN9lNOJBJAZQgPCOEBqJaVgNFqowjJn7SQBXBis1kf3BoqI58OxsW8Sssl74p4Ve1WXOvH9EHRcmj1Q4dL8xR4XWlbxtIzIBOOnN5nxsNwofg.mp4?_nc_cat=106&_nc_oc=Adoi4gQ9lLu4GXrTqa67YzzSAGd9JI_d99-GmUqGgDV1QwhSWWhftJiwShenTcIFIV4_5hR8XtCa8jN11eyWF6Za&_nc_sid=b66105&_nc_ht=video.fblr20-4.fna.fbcdn.net&_nc_ohc=xMR1bpXkuHAQ7kNvwEfqexK&efg=eyJ2ZW5jb2RlX3RhZyI6Inhwdl9wcm9ncmVzc2l2ZS5WSV9VU0VDQVNFX1BST0RVQ1RfVFlQRS4uQzMuNzIwLmRhc2hfaDI2NC1iYXNpYy1nZW4yXzcyMHAiLCJ4cHZfYXNzZXRfaWQiOjkxNTYxMTQ2ODA3ODE2MiwiYXNzZXRfYWdlX2RheXMiOjEzMiwidmlfdXNlY2FzZV9pZCI6MTA3OTksImR1cmF0aW9uX3MiOjIyLCJ1cmxnZW5fc291cmNlIjoid3d3In0%3D&ccb=17-1&vs=e66007d4c7ab7268&_nc_vs=HBksFQIYRWZiX2VwaGVtZXJhbC8zMTQ2NkVDMTc5NjE0OTUyNkM5RUQ4RDI0QUU5RkU4RV9tdF8xX3ZpZGVvX2Rhc2hpbml0Lm1wNBUAAsgBEgAVAhhAZmJfcGVybWFuZW50LzBCNDAyODZDNjJFNTIxQTA4RDZBMEVFRTlGOENCRDlBX2F1ZGlvX2Rhc2hpbml0Lm1wNBUCAsgBEgAoABgAGwKIB3VzZV9vaWwBMRJwcm9ncmVzc2l2ZV9yZWNpcGUBMRUAACak8fSEza-gAxUCKAJDMywXQDZEGJN0vGoYGWRhc2hfaDI2NC1iYXNpYy1nZW4yXzcyMHARAHUAZd6oAQA&_nc_gid=AvcZLh5bYIBXCerf9LD_QQ&_nc_ss=7f289&_nc_zt=28&oh=00_AQA4B1devUY2w3IM3mKyMDImgNLNMQ_VoQea0Av7Rw0Lzw&oe=6A4A3F62,https://scontent.fblr20-2.fna.fbcdn.net/v/t39.35426-6/634687811_1452610456315250_6299604820777958951_n.jpg?_nc_cat=111&ccb=1-7&_nc_sid=c53f8f&_nc_ohc=2GF4BA8S3RIQ7kNvwG3XNZD&_nc_oc=Adpil5fm8-n9SIsW7QcogL5C_Li-NgIqn1VRc9ulTpnyqFVOzpEnEY4AZRQJMXzjKlCqvsCAxrfGi_thOWZUjMwv&_nc_zt=14&_nc_ht=scontent.fblr20-2.fna&_nc_gid=AvcZLh5bYIBXCerf9LD_QQ&_nc_ss=7f289&oh=00_AQA8oeYavFE9U_UBSc-k5hPOXigot-5nzDKfI8_csa5p7Q&oe=6A4A47B2,2026-07-05T11:26:26.000Z,2026-07-01,https://pub-893b4a6a607b4221a894bf861da7914e.r2.dev/1214331300401198.mp4
7,7,Zinglish,680109015195106,Zinglish,,IN,1417738519758197,https://www.facebook.com/ads/library/?id=1417738519758197,2026-02-26,,false,false,1,0,,2026-02-26,,"தமிழின் உதவியுடன் English கற்றுக்கொள்ளுங்கள் 
வெறும் ₹3-க்கே😎🤩","Tamil-லேயே, English கற்றுக்கொள்ளுங்கள்",Install now,http://play.google.com/store/apps/details?id=com.capslock.zinglish,"Facebook,Instagram,Audience Network,Messenger,Threads","தமிழின் உதவியுடன் English கற்றுக்கொள்ளுங்கள் 
வெறும் ₹3-க்கே😎🤩","Tamil-லேயே, English கற்றுக்கொள்ளுங்கள்",Install now,http://play.google.com/store/apps/details?id=com.capslock.zinglish,Video,"Facebook,Instagram,Audience Network,Messenger,Threads",1,0,9:16,https://video.fblr20-4.fna.fbcdn.net/o1/v/t2/f2/m366/AQO4cobI23X_8u01iOwh8EXWwSqU0h1FtGm-aPdIKw2IwdWA3p5hHr6D_1wb_nxT8mFPJ-QXKRio38jA4dgo0QIfAd1TINplxioCyjWbiVaWeg.mp4?_nc_cat=101&_nc_oc=AdqehAhUMIBLqCDdzyrGDZ02x0N-6jSNh7KyZNw_TRM_bu312ZdnSfMkMna15FDZdPD38VXN6NFn3APImGbdTYe2&_nc_sid=b66105&_nc_ht=video.fblr20-4.fna.fbcdn.net&_nc_ohc=VKFqGMoE7qwQ7kNvwG83p__&efg=eyJ2ZW5jb2RlX3RhZyI6Inhwdl9wcm9ncmVzc2l2ZS5WSV9VU0VDQVNFX1BST0RVQ1RfVFlQRS4uQzMuNzIwLmRhc2hfaDI2NC1iYXNpYy1nZW4yXzcyMHAiLCJ4cHZfYXNzZXRfaWQiOjIxNTg1MzQzODgwNTI1ODcsImFzc2V0X2FnZV9kYXlzIjoxMjMsInZpX3VzZWNhc2VfaWQiOjEwNzk5LCJkdXJhdGlvbl9zIjoxOSwidXJsZ2VuX3NvdXJjZSI6Ind3dyJ9&ccb=17-1&vs=f4248d1783734dec&_nc_vs=HBksFQIYRWZiX2VwaGVtZXJhbC83MjQyNEYyQjQzOEIwMURBNEE0RUE5RUJEOEU1NkVCMF9tdF8xX3ZpZGVvX2Rhc2hpbml0Lm1wNBUAAsgBEgAVAhhAZmJfcGVybWFuZW50L0JFNDlCNDUyNjRERUJGRjY1NUU1RUE1NDEwM0JGQjlGX2F1ZGlvX2Rhc2hpbml0Lm1wNBUCAsgBEgAoABgAGwKIB3VzZV9vaWwBMRJwcm9ncmVzc2l2ZV9yZWNpcGUBMRUAACbWyfu2nsvVBxUCKAJDMywXQDNdsi0OVgQYGWRhc2hfaDI2NC1iYXNpYy1nZW4yXzcyMHARAHUAZd6oAQA&_nc_gid=AvcZLh5bYIBXCerf9LD_QQ&_nc_ss=7f289&_nc_zt=28&oh=00_AQBfc08vWMA0uwjRcHVCs8ZAbMzff4NLwoyXe_ampXI0mQ&oe=6A4A24E7,https://scontent.fblr20-1.fna.fbcdn.net/v/t39.35426-6/641283170_2604088956629775_4175567225195588314_n.jpg?_nc_cat=110&ccb=1-7&_nc_sid=c53f8f&_nc_ohc=MbKBw1nQaxQQ7kNvwFK6UwN&_nc_oc=Adq1uf02nmcHChA2IQNAgggVTDehq6BA7Tj9sXlMHz1GgTjCOT7RNTCQ9IzNBY4UhFVbL1cYlVJZvJd-198rKaKM&_nc_zt=14&_nc_ht=scontent.fblr20-1.fna&_nc_gid=AvcZLh5bYIBXCerf9LD_QQ&_nc_ss=7f289&oh=00_AQCZZoaLPQ09JV38U6Cb4GSgWgxPY5BZpyfytDTSQX9NMg&oe=6A4A4C9E,2026-07-05T09:33:27.000Z,2026-07-01,https://pub-893b4a6a607b4221a894bf861da7914e.r2.dev/1417738519758197.mp4
8,8,Zinglish,680109015195106,Zinglish,,IN,1457798545962459,https://www.facebook.com/ads/library/?id=1457798545962459,2026-03-02,,false,false,1,0,,2026-03-02,,ಕನ್ನಡದ ಸಹಾಯದಿಂದ English ಕಲಿಯಿರಿ — ಕೇವಲ ₹3ಕ್ಕೆ🤩,ಕನ್ನಡದಲ್ಲೇ English ಕಲಿಯಿರಿ — ಕೇವಲ ₹3ಕ್ಕೆ🤩,Install now,http://play.google.com/store/apps/details?id=com.capslock.zinglish,"Facebook,Instagram,Audience Network,Messenger,Threads",ಕನ್ನಡದ ಸಹಾಯದಿಂದ English ಕಲಿಯಿರಿ — ಕೇವಲ ₹3ಕ್ಕೆ🤩,ಕನ್ನಡದಲ್ಲೇ English ಕಲಿಯಿರಿ — ಕೇವಲ ₹3ಕ್ಕೆ🤩,Install now,http://play.google.com/store/apps/details?id=com.capslock.zinglish,Video,"Facebook,Instagram,Audience Network,Messenger,Threads",1,0,9:16,https://video.fblr20-3.fna.fbcdn.net/o1/v/t2/f2/m366/AQPeUNwwfeWfxFR7pbXSFqxZP90QNe_1GORJHdplNmHcJ1KoHgCv9hUEsBCrzbx-9mc-UtVshzfHuXJt5zh20BgEUjdp6tAHoEtUQdicXSKCxg.mp4?_nc_cat=105&_nc_oc=AdolbcUZka9Fjz07gkP8l_FAu_H7XbKa9ev8rtrWzSquVcdg6vnNgBrUzsXtcAvP8SYeXMWYsh0Vwl8q7zYBDCoB&_nc_sid=b66105&_nc_ht=video.fblr20-3.fna.fbcdn.net&_nc_ohc=MAH6wTRQ7_0Q7kNvwFLp1im&efg=eyJ2ZW5jb2RlX3RhZyI6Inhwdl9wcm9ncmVzc2l2ZS5WSV9VU0VDQVNFX1BST0RVQ1RfVFlQRS4uQzMuNzIwLmRhc2hfaDI2NC1iYXNpYy1nZW4yXzcyMHAiLCJ4cHZfYXNzZXRfaWQiOjIwMjQ3MzY4NTE3OTU3MzAsImFzc2V0X2FnZV9kYXlzIjoxMTksInZpX3VzZWNhc2VfaWQiOjEwNzk5LCJkdXJhdGlvbl9zIjoyNCwidXJsZ2VuX3NvdXJjZSI6Ind3dyJ9&ccb=17-1&vs=cd8d19fbb056d808&_nc_vs=HBksFQIYRWZiX2VwaGVtZXJhbC81RDQzRTA5MDVCMUZDRDM2QUYxQjdGNkU3MTFCNTVBMF9tdF8xX3ZpZGVvX2Rhc2hpbml0Lm1wNBUAAsgBEgAVAhhAZmJfcGVybWFuZW50L0FGNDAyRUQ1NUQ1MzBCNTBGNDEwOTU0QzZGNTc2NEE5X2F1ZGlvX2Rhc2hpbml0Lm1wNBUCAsgBEgAoABgAGwKIB3VzZV9vaWwBMRJwcm9ncmVzc2l2ZV9yZWNpcGUBMRUAACak_ISNmd-YBxUCKAJDMywXQDgQ5WBBiTcYGWRhc2hfaDI2NC1iYXNpYy1nZW4yXzcyMHARAHUAZd6oAQA&_nc_gid=AvcZLh5bYIBXCerf9LD_QQ&_nc_ss=7f289&_nc_zt=28&oh=00_AQBHGjGDl1iqgZ-VbwElsKrRswFugbzIiDBq5dvuK6oxkw&oe=6A4A263B,https://scontent.fblr20-2.fna.fbcdn.net/v/t39.35426-6/645665972_1672326697543069_4877751680170015577_n.jpg?_nc_cat=111&ccb=1-7&_nc_sid=c53f8f&_nc_ohc=aR_dVfY_ylMQ7kNvwHH2PvX&_nc_oc=AdpJ-quLfKrOC3b0uMtJTkdjTx0d4kd2287CVV0arUs08Wgp4UClRIVeQwbENzqIruTlaFJ6YDrqin1PchAbbBsX&_nc_zt=14&_nc_ht=scontent.fblr20-2.fna&_nc_gid=AvcZLh5bYIBXCerf9LD_QQ&_nc_ss=7f289&oh=00_AQD49kRd8-sMohEff_kLFaaqvLSt_dm34cOCtrWvK5xzNg&oe=6A4A380C,2026-07-05T09:39:07.000Z,2026-07-01,https://pub-893b4a6a607b4221a894bf861da7914e.r2.dev/1457798545962459.mp4
9,9,Zinglish,680109015195106,Zinglish,,IN,1403710238171409,https://www.facebook.com/ads/library/?id=1403710238171409,2026-03-06,,false,false,1,0,,2026-03-06,,"தமிழின் உதவியுடன் English கற்றுக்கொள்ளுங்கள் 
வெறும் ₹3-க்கே😎🤩","Tamil-லேயே, English கற்றுக்கொள்ளுங்கள்",Install now,http://play.google.com/store/apps/details?id=com.capslock.zinglish,"Facebook,Instagram,Audience Network,Messenger,Threads","தமிழின் உதவியுடன் English கற்றுக்கொள்ளுங்கள் 
வெறும் ₹3-க்கே😎🤩","Tamil-லேயே, English கற்றுக்கொள்ளுங்கள்",Install now,http://play.google.com/store/apps/details?id=com.capslock.zinglish,Video,"Facebook,Instagram,Audience Network,Messenger,Threads",1,0,9:16,https://video.fblr20-2.fna.fbcdn.net/o1/v/t2/f2/m366/AQM7KJudPRzaFPi4H9maNzO93-HFLz31GZ61d5xvjxZXJuwfwKR-Su0H6eOXjBsKI1532LTWniZSuRRGJkdH9Wxg4Z1wpulPAG5a9M5jggnqWg.mp4?_nc_cat=104&_nc_oc=AdqKKUfQFwxNMqkAWVTuXEPJ2-9Hy5FfHAgmW0pqTK9preXnAZRjBMbt8_ynLvrOA1g4DUGX-CYL_5Yr3u3tdHPT&_nc_sid=b66105&_nc_ht=video.fblr20-2.fna.fbcdn.net&_nc_ohc=qR_eIrCEbKEQ7kNvwEFOq6h&efg=eyJ2ZW5jb2RlX3RhZyI6Inhwdl9wcm9ncmVzc2l2ZS5WSV9VU0VDQVNFX1BST0RVQ1RfVFlQRS4uQzMuNzIwLmRhc2hfaDI2NC1iYXNpYy1nZW4yXzcyMHAiLCJ4cHZfYXNzZXRfaWQiOjE2MjE0NTcyOTg4OTA4NjgsImFzc2V0X2FnZV9kYXlzIjoxMTUsInZpX3VzZWNhc2VfaWQiOjEwNzk5LCJkdXJhdGlvbl9zIjoxOCwidXJsZ2VuX3NvdXJjZSI6Ind3dyJ9&ccb=17-1&vs=eaa11eee083f03d1&_nc_vs=HBksFQIYRWZiX2VwaGVtZXJhbC85MjQ2OTcwMUZBOTFCNDZEQjk1MDNDQzc5ODA0RkZBOV9tdF8xX3ZpZGVvX2Rhc2hpbml0Lm1wNBUAAsgBEgAVAhhAZmJfcGVybWFuZW50L0YzNDBFMjQ2OEM0QUZDODdDOTg3ODA1MzlERkJCMEE3X2F1ZGlvX2Rhc2hpbml0Lm1wNBUCAsgBEgAoABgAGwKIB3VzZV9vaWwBMRJwcm9ncmVzc2l2ZV9yZWNpcGUBMRUAACbogY2lnq3hBRUCKAJDMywXQDKQ5WBBiTcYGWRhc2hfaDI2NC1iYXNpYy1nZW4yXzcyMHARAHUAZd6oAQA&_nc_gid=AvcZLh5bYIBXCerf9LD_QQ&_nc_ss=7f289&_nc_zt=28&oh=00_AQBI_fAtdq7TS1u08joT_vRuZKzP3uvGdDJYS-77R5BuGg&oe=6A4A310C,https://scontent.fblr20-2.fna.fbcdn.net/v/t39.35426-6/646386452_907922492133091_7157093308486647038_n.jpg?_nc_cat=102&ccb=1-7&_nc_sid=c53f8f&_nc_ohc=5PJiQlOM3OgQ7kNvwGdJkPi&_nc_oc=AdqbDp8OpqiQ8WXjmcmPkKo18tDOdsM32wLfxoOzgjXAnTSGf6crkNBiHSaymVh5fm3til1gb3l99eECOw1-Jeeu&_nc_zt=14&_nc_ht=scontent.fblr20-2.fna&_nc_gid=AvcZLh5bYIBXCerf9LD_QQ&_nc_ss=7f289&oh=00_AQBG21iclr_HOGLsUtSoAkjXTqppup4gEZKs23KG77FjLQ&oe=6A4A3EB0,2026-07-05T10:25:16.000Z,2026-07-01,https://pub-893b4a6a607b4221a894bf861da7914e.r2.dev/1403710238171409.mp4
10,10,Zinglish,680109015195106,Zinglish,,IN,895901269731389,https://www.facebook.com/ads/library/?id=895901269731389,2026-02-20,,false,false,1,0,,2026-02-20,,हिंदी के मदद से English जानो 🤩🤩🤩  Sirf @₹3 में,हिंदी के मदद से English जानो 🤩🤩🤩,Install now,http://play.google.com/store/apps/details?id=com.capslock.zinglish,"Facebook,Instagram,Audience Network,Messenger,Threads",हिंदी के मदद से English जानो 🤩🤩🤩  Sirf @₹3 में,हिंदी के मदद से English जानो 🤩🤩🤩,Install now,http://play.google.com/store/apps/details?id=com.capslock.zinglish,Video,"Facebook,Instagram,Audience Network,Messenger,Threads",1,0,9:16,https://video.fblr20-4.fna.fbcdn.net/o1/v/t2/f2/m366/AQOKXvgMA3NINEqc5lgefjh6ZU7nbY0iJ7FibFOfzxlgg3aSlGU1Mm1-VkMKZAGhy2GkZJqRoawkmG5JC7ovA5FlWeesLBt_oOxejGRVVub9Nw.mp4?_nc_cat=101&_nc_oc=AdpL_5V5Y7VOrpptI132j9T9b3d9Wg9H3o8fH1Xi4_bbRz5kTXW4UgmR7eRNAEK0vsDpqCVBcE1jbJn3VHFUYfxU&_nc_sid=b66105&_nc_ht=video.fblr20-4.fna.fbcdn.net&_nc_ohc=eJ7u5uWdbTEQ7kNvwGvBygV&efg=eyJ2ZW5jb2RlX3RhZyI6Inhwdl9wcm9ncmVzc2l2ZS5WSV9VU0VDQVNFX1BST0RVQ1RfVFlQRS4uQzMuNzIwLmRhc2hfaDI2NC1iYXNpYy1nZW4yXzcyMHAiLCJ4cHZfYXNzZXRfaWQiOjQ0MTc2NjAyMDE3ODI1OTMsImFzc2V0X2FnZV9kYXlzIjoxMjksInZpX3VzZWNhc2VfaWQiOjEwNzk5LCJkdXJhdGlvbl9zIjoxMSwidXJsZ2VuX3NvdXJjZSI6Ind3dyJ9&ccb=17-1&vs=24f094dac062e120&_nc_vs=HBksFQIYRWZiX2VwaGVtZXJhbC8zODQyQTBBMjY5MkIxQzBGRDk2NUU3QUUwOENFOTc5M19tdF8xX3ZpZGVvX2Rhc2hpbml0Lm1wNBUAAsgBEgAVAhhAZmJfcGVybWFuZW50LzYyNDYxOTM0RDk0RDgwRDVBMkEyMjdBMEUxREJENEE5X2F1ZGlvX2Rhc2hpbml0Lm1wNBUCAsgBEgAoABgAGwKIB3VzZV9vaWwBMRJwcm9ncmVzc2l2ZV9yZWNpcGUBMRUAACaCtYax1fXYDxUCKAJDMywXQCdU_fO2RaIYGWRhc2hfaDI2NC1iYXNpYy1nZW4yXzcyMHARAHUAZd6oAQA&_nc_gid=AvcZLh5bYIBXCerf9LD_QQ&_nc_ss=7f289&_nc_zt=28&oh=00_AQA2Io5v2AB6bGzioBikF0b_57uRwxI-ZhOekt5Qv68DpQ&oe=6A4A218B,https://scontent.fblr20-3.fna.fbcdn.net/v/t39.35426-6/639715292_1397230345417780_8530586678263126070_n.jpg?_nc_cat=100&ccb=1-7&_nc_sid=c53f8f&_nc_ohc=Lw7u-yhddKAQ7kNvwEXH0dS&_nc_oc=AdoUxFDAodXpTuDUXn6XePab8fjeMtvx2-ZMk3eyzEkVFwkXzTpOCdyDDNxnUqMvlqiShhXqmO-qTmMP0NXr_73w&_nc_zt=14&_nc_ht=scontent.fblr20-3.fna&_nc_gid=AvcZLh5bYIBXCerf9LD_QQ&_nc_ss=7f289&oh=00_AQCrjkOa7woIp4i7lGXxOOayEXrt1fWUaUvk5pP7xYjiCA&oe=6A4A36B2,2026-07-05T09:19:07.000Z,2026-07-01,https://pub-893b4a6a607b4221a894bf861da7914e.r2.dev/895901269731389.mp4
11,11,Zinglish,680109015195106,Zinglish,,IN,25674228382269402,https://www.facebook.com/ads/library/?id=25674228382269402,2026-02-15,,false,false,1,0,,2026-02-15,,हिंदी के मदद से English जानो 🤩🤩🤩  Sirf @₹3 में,हिंदी के मदद से English जानो 🤩🤩🤩,Install now,http://play.google.com/store/apps/details?id=com.capslock.zinglish,"Facebook,Instagram,Audience Network,Messenger,Threads",हिंदी के मदद से English जानो 🤩🤩🤩  Sirf @₹3 में,हिंदी के मदद से English जानो 🤩🤩🤩,Install now,http://play.google.com/store/apps/details?id=com.capslock.zinglish,Video,"Facebook,Instagram,Audience Network,Messenger,Threads",1,0,9:16,https://video.fblr20-2.fna.fbcdn.net/o1/v/t2/f2/m366/AQMozbm4zmvioOHnN1pzMmsSp-l8iX_cgQDEXlb3_iV6yhIQFuD6yMxAXNIS5mm3BjwNJ2bjhHhs9sPkg72Sf2TmZsXp6iP4zIu8JONd0QdQ0A.mp4?_nc_cat=102&_nc_oc=Adrfh3cMl2panebF8eW-39f5q9Rh9qEyb-pIGroxjKNzF1WKPPoqw6NkxmeET1dsIhs4PragxMIyJKRCN7LCQypm&_nc_sid=b66105&_nc_ht=video.fblr20-2.fna.fbcdn.net&_nc_ohc=fVqOKnvr_twQ7kNvwFfY1eO&efg=eyJ2ZW5jb2RlX3RhZyI6Inhwdl9wcm9ncmVzc2l2ZS5WSV9VU0VDQVNFX1BST0RVQ1RfVFlQRS4uQzMuNzIwLmRhc2hfaDI2NC1iYXNpYy1nZW4yXzcyMHAiLCJ4cHZfYXNzZXRfaWQiOjkwNDQwOTEwMjE3ODQ3NCwiYXNzZXRfYWdlX2RheXMiOjEzNiwidmlfdXNlY2FzZV9pZCI6MTA3OTksImR1cmF0aW9uX3MiOjE3LCJ1cmxnZW5fc291cmNlIjoid3d3In0%3D&ccb=17-1&vs=b65b94688cc4a939&_nc_vs=HBksFQIYRWZiX2VwaGVtZXJhbC9COTQ5OTk3ODY5RkMwMUM5RDMwM0MzMEY4ODE0RkFCRl9tdF8xX3ZpZGVvX2Rhc2hpbml0Lm1wNBUAAsgBEgAVAhhAZmJfcGVybWFuZW50L0U4NDAyRjY3QzIwQzY4NUE4OERGRTlERTBFNDREQUFFX2F1ZGlvX2Rhc2hpbml0Lm1wNBUCAsgBEgAoABgAGwKIB3VzZV9vaWwBMRJwcm9ncmVzc2l2ZV9yZWNpcGUBMRUAACbU4qL0xKObAxUCKAJDMywXQDHVP3ztkWgYGWRhc2hfaDI2NC1iYXNpYy1nZW4yXzcyMHARAHUAZd6oAQA&_nc_gid=AvcZLh5bYIBXCerf9LD_QQ&_nc_ss=7f289&_nc_zt=28&oh=00_AQDGwokz-LKCfBXpvt97JsfPiHaAVjCwSIsurht-z3qazQ&oe=6A4A3552,https://scontent.fblr20-2.fna.fbcdn.net/v/t39.35426-6/635023458_1131871962280877_8691186278900584418_n.jpg?_nc_cat=102&ccb=1-7&_nc_sid=c53f8f&_nc_ohc=joxAAbcER6sQ7kNvwF5jnU0&_nc_oc=AdqMzgYiMjXyoqrPN0Nlafpi8xJksWVHLnrg2pyikDCuutA22iVKwVDougmfR1nsaW-790_497dikWihk2fNidRg&_nc_zt=14&_nc_ht=scontent.fblr20-2.fna&_nc_gid=AvcZLh5bYIBXCerf9LD_QQ&_nc_ss=7f289&oh=00_AQBuuyMPIvi1mCSWMF2W0vCnrOzmmcloN64ODUXNzuXn2Q&oe=6A4A4B85,2026-07-05T10:43:30.000Z,2026-07-01,https://pub-893b4a6a607b4221a894bf861da7914e.r2.dev/25674228382269402.mp4
12,12,Zinglish,680109015195106,Zinglish,,IN,1981093915820751,https://www.facebook.com/ads/library/?id=1981093915820751,2026-04-28,,false,false,1,0,,2026-04-28,,हिंदी के मदद से English जानो 🤯 Sirf @₹3 में,Ghar baithe smart bano 😎,Install now,http://play.google.com/store/apps/details?id=com.capslock.zinglish,"Facebook,Instagram,Audience Network,Messenger,Threads",हिंदी के मदद से English जानो 🤯 Sirf @₹3 में,Ghar baithe smart bano 😎,Install now,http://play.google.com/store/apps/details?id=com.capslock.zinglish,Video,"Facebook,Instagram,Audience Network,Messenger,Threads",1,0,9:16,https://video.fblr20-2.fna.fbcdn.net/o1/v/t2/f2/m366/AQPIKE8hjLxO8WWKMfhqWK92s6J8RAPn_QpBdm2ts_IWC_JsO3bows8lxWBmzFQyV8waEOBC6GxKkw4qbIoyNEirPy7kkXOEgBAad5mhWZ6PnQ.mp4?_nc_cat=102&_nc_oc=AdpuisrtgHjn5IaJk7Q-vNqCM8lqO_PqOW9zgemuOJmGd94JH2nyVrKOhNO7EzTJZ3EY93yAEWHBd8shLY83iimy&_nc_sid=b66105&_nc_ht=video.fblr20-2.fna.fbcdn.net&_nc_ohc=GbO3RdEm_h4Q7kNvwGWGNts&efg=eyJ2ZW5jb2RlX3RhZyI6Inhwdl9wcm9ncmVzc2l2ZS5WSV9VU0VDQVNFX1BST0RVQ1RfVFlQRS4uQzMuNzIwLmRhc2hfaDI2NC1iYXNpYy1nZW4yXzcyMHAiLCJ4cHZfYXNzZXRfaWQiOjQ0MTc5OTE0NzE4NTEzMTgsImFzc2V0X2FnZV9kYXlzIjo2MiwidmlfdXNlY2FzZV9pZCI6MTA3OTksImR1cmF0aW9uX3MiOjIwLCJ1cmxnZW5fc291cmNlIjoid3d3In0%3D&ccb=17-1&vs=ed821a6bf0842419&_nc_vs=HBksFQIYRWZiX2VwaGVtZXJhbC9BQzREREQzODc3MDZEQkU0MDg0NkQ2QTYyQUY2MzA5NV9tdF8xX3ZpZGVvX2Rhc2hpbml0Lm1wNBUAAsgBEgAVAhhAZmJfcGVybWFuZW50L0FDNEFGNzQ1RjE1Q0YyNTlBODg4QkQ2RjA5RkNFQ0FFX2F1ZGlvX2Rhc2hpbml0Lm1wNBUCAsgBEgAoABgAGwKIB3VzZV9vaWwBMRJwcm9ncmVzc2l2ZV9yZWNpcGUBMRUAACbsnOfE-YjZDxUCKAJDMywXQDTMzMzMzM0YGWRhc2hfaDI2NC1iYXNpYy1nZW4yXzcyMHARAHUAZd6oAQA&_nc_gid=AvcZLh5bYIBXCerf9LD_QQ&_nc_ss=7f289&_nc_zt=28&oh=00_AQDefK3G1dxTTWt0WWMN0bFPIVPVga5tlggDU44863Pbpw&oe=6A4A2FD6,https://scontent.fblr20-2.fna.fbcdn.net/v/t39.35426-6/682221295_2988226298050272_1449573083247538847_n.jpg?_nc_cat=104&ccb=1-7&_nc_sid=c53f8f&_nc_ohc=uzKUoNlRR3gQ7kNvwF_t0nE&_nc_oc=Adoi44jN7ekZsSQ5o6rcVHJz_fsWYxuB2inkoLAh6PcpaD3JGXejWbqgtAeDaY5pCHBbz7C9_RDI5LFwytELL2pD&_nc_zt=14&_nc_ht=scontent.fblr20-2.fna&_nc_gid=AvcZLh5bYIBXCerf9LD_QQ&_nc_ss=7f289&oh=00_AQBvwFwh3xqXR19kkyapF40b4v2eb0PvaFXTIeEhXcSDVA&oe=6A4A3826,2026-07-05T10:20:06.000Z,2026-07-01,https://pub-893b4a6a607b4221a894bf861da7914e.r2.dev/1981093915820751.mp4
13,13,Zinglish,680109015195106,Zinglish,,IN,1505919334867604,https://www.facebook.com/ads/library/?id=1505919334867604,2026-01-27,,false,false,1,0,,2026-01-27,,हिंदी के मदद से English जानो 🤩🤩🤩  Sirf @₹3 में,हिंदी के मदद से English जानो 🤩🤩🤩,Install now,http://play.google.com/store/apps/details?id=com.capslock.zinglish,"Facebook,Instagram,Audience Network,Messenger,Threads",हिंदी के मदद से English जानो 🤩🤩🤩  Sirf @₹3 में,हिंदी के मदद से English जानो 🤩🤩🤩,Install now,http://play.google.com/store/apps/details?id=com.capslock.zinglish,Video,"Facebook,Instagram,Audience Network,Messenger,Threads",1,0,9:16,https://video.fblr20-2.fna.fbcdn.net/o1/v/t2/f2/m366/AQNedWGFgWOwNxAclsquW5e7hBs0FjmCFb6cp5GOZrPpGNGYmi7pZoCuD4ppk-r4WvGihK6mrJObWpU0kaVpl3oRYUizVqeWimMbBRzrYpzfcA.mp4?_nc_cat=102&_nc_oc=AdqqPHE-Y8Hh7spXPA_IbDIWCWDotQHKbLWTb3TJN71FenhvgAtxyZjMmPatNPEmgXmlj1QqEroZXi23f-lDqTKK&_nc_sid=b66105&_nc_ht=video.fblr20-2.fna.fbcdn.net&_nc_ohc=3XBy5PjFftMQ7kNvwF77Z7Q&efg=eyJ2ZW5jb2RlX3RhZyI6Inhwdl9wcm9ncmVzc2l2ZS5WSV9VU0VDQVNFX1BST0RVQ1RfVFlQRS4uQzMuNzIwLmRhc2hfaDI2NC1iYXNpYy1nZW4yXzcyMHAiLCJ4cHZfYXNzZXRfaWQiOjIzNjIxNzczMzc2MjY4NTEsImFzc2V0X2FnZV9kYXlzIjoxNTMsInZpX3VzZWNhc2VfaWQiOjEwNzk5LCJkdXJhdGlvbl9zIjo5LCJ1cmxnZW5fc291cmNlIjoid3d3In0%3D&ccb=17-1&vs=940ba0e3c6ccd14e&_nc_vs=HBksFQIYRWZiX2VwaGVtZXJhbC9BNDQ4MTgyRjc0OEZCODgyRENGRjhFREFBQTlDQTc4OF9tdF8xX3ZpZGVvX2Rhc2hpbml0Lm1wNBUAAsgBEgAVAhhAZmJfcGVybWFuZW50L0RENDk4QzE3REExNjZBQzZEOTFFNjkzRTgxQjFCRkE5X2F1ZGlvX2Rhc2hpbml0Lm1wNBUCAsgBEgAoABgAGwKIB3VzZV9vaWwBMRJwcm9ncmVzc2l2ZV9yZWNpcGUBMRUAACbGw9jR6JiyCBUCKAJDMywXQCKIMSbpeNUYGWRhc2hfaDI2NC1iYXNpYy1nZW4yXzcyMHARAHUAZd6oAQA&_nc_gid=AvcZLh5bYIBXCerf9LD_QQ&_nc_ss=7f289&_nc_zt=28&oh=00_AQCBXSMG7D8OMgPT72pC0H4Civmt0hJcQtIiqZo8LIzNFw&oe=6A4A26EE,https://scontent.fblr20-2.fna.fbcdn.net/v/t39.35426-6/619110313_25724948573781254_4513499090704239879_n.jpg?_nc_cat=111&ccb=1-7&_nc_sid=c53f8f&_nc_ohc=JlaXbcXGObMQ7kNvwGF43M4&_nc_oc=AdrtpE5UIxT8OYHJeaeo9KdtAXVYOOjerG5UC1H13wOiSivA19Re7sFmfuW0ns117CCmAyGaV20simfqAl-I6Cvj&_nc_zt=14&_nc_ht=scontent.fblr20-2.fna&_nc_gid=AvcZLh5bYIBXCerf9LD_QQ&_nc_ss=7f289&oh=00_AQA47TZFA0qsSB_g2VALZn_bEr57J7O7IieZm8YUK3Ipgg&oe=6A4A4D00,2026-07-05T09:42:06.000Z,2026-07-01,https://pub-893b4a6a607b4221a894bf861da7914e.r2.dev/1505919334867604.mp4
14,14,Zinglish,680109015195106,Zinglish,,IN,1228162876124945,https://www.facebook.com/ads/library/?id=1228162876124945,2026-02-17,,false,false,1,0,,2026-02-17,,"தமிழின் உதவியுடன் English கற்றுக்கொள்ளுங்கள் 
வெறும் ₹3-க்கே😎🤩","Tamil-லேயே, English கற்றுக்கொள்ளுங்கள்",Install now,http://play.google.com/store/apps/details?id=com.capslock.zinglish,"Facebook,Instagram,Audience Network,Messenger,Threads","தமிழின் உதவியுடன் English கற்றுக்கொள்ளுங்கள் 
வெறும் ₹3-க்கே😎🤩","Tamil-லேயே, English கற்றுக்கொள்ளுங்கள்",Install now,http://play.google.com/store/apps/details?id=com.capslock.zinglish,Video,"Facebook,Instagram,Audience Network,Messenger,Threads",1,0,9:16,https://video.fblr20-3.fna.fbcdn.net/o1/v/t2/f2/m366/AQMec_iCwNV5nRNZhB6qFCOf5sCcQOVfO5dR-ru5BCZjqWw5q7ysVxTYfp_SZd6oiaO21S4FYOG0yHpgFB0_DuOfTUcZlpjAyydTGqZATLhu6w.mp4?_nc_cat=109&_nc_oc=Adq3m9UpPAyGtbSXYHOt9nMEL2Zw66IB5VtsIVpP_7d2d9htfRQxWZHCRbue1dvZUzEXYAlnOzix3IN2uNm3KmQU&_nc_sid=b66105&_nc_ht=video.fblr20-3.fna.fbcdn.net&_nc_ohc=ilcOWAhTzLAQ7kNvwHAk29r&efg=eyJ2ZW5jb2RlX3RhZyI6Inhwdl9wcm9ncmVzc2l2ZS5WSV9VU0VDQVNFX1BST0RVQ1RfVFlQRS4uQzMuNzIwLmRhc2hfaDI2NC1iYXNpYy1nZW4yXzcyMHAiLCJ4cHZfYXNzZXRfaWQiOjE1NTA2NTM1NDYwMjE0MjUsImFzc2V0X2FnZV9kYXlzIjoxMzIsInZpX3VzZWNhc2VfaWQiOjEwNzk5LCJkdXJhdGlvbl9zIjoyMiwidXJsZ2VuX3NvdXJjZSI6Ind3dyJ9&ccb=17-1&vs=900e047f4316b0a8&_nc_vs=HBksFQIYRWZiX2VwaGVtZXJhbC9CRjQxODg5OEFDMjQzQzcyRjhCRjM0RTNDNDQ5NjBBRF9tdF8xX3ZpZGVvX2Rhc2hpbml0Lm1wNBUAAsgBEgAVAhhAZmJfcGVybWFuZW50LzI1NEM5MDc5Q0U4RTI2MThBOTE2RERCMTZBNDI4NDk2X2F1ZGlvX2Rhc2hpbml0Lm1wNBUCAsgBEgAoABgAGwKIB3VzZV9vaWwBMRJwcm9ncmVzc2l2ZV9yZWNpcGUBMRUAACbiiL6c9ZPBBRUCKAJDMywXQDZEGJN0vGoYGWRhc2hfaDI2NC1iYXNpYy1nZW4yXzcyMHARAHUAZd6oAQA&_nc_gid=AvcZLh5bYIBXCerf9LD_QQ&_nc_ss=7f289&_nc_zt=28&oh=00_AQDhRJjYIvzFRJrEyiMWUwJ5qUVISip_-IJcdWVaF3r8Dg&oe=6A4A4DFF,https://scontent.fblr20-2.fna.fbcdn.net/v/t39.35426-6/638749150_2127355344750906_6420571246236934196_n.jpg?_nc_cat=102&ccb=1-7&_nc_sid=c53f8f&_nc_ohc=DygANLW0t-8Q7kNvwGO2WWy&_nc_oc=AdrDmU_yJ_zAWDXZPePB7S3-BpSZj82V7fs4EbtfSSr0f7OefzCkEQj_QXfaK22sHF1uU022sxzGqK4AV9VerNm3&_nc_zt=14&_nc_ht=scontent.fblr20-2.fna&_nc_gid=AvcZLh5bYIBXCerf9LD_QQ&_nc_ss=7f289&oh=00_AQDh3wMVgCUAT0px90Ho2AAw4xJCa3xDZymJu-xWrZ4ebQ&oe=6A4A27A3,2026-07-05T12:28:47.000Z,2026-07-01,https://pub-893b4a6a607b4221a894bf861da7914e.r2.dev/1228162876124945.mp4
15,15,Zinglish,680109015195106,Zinglish,,IN,894945046633710,https://www.facebook.com/ads/library/?id=894945046633710,2026-03-05,,false,false,1,0,,2026-03-05,,हिंदी के मदद से English जानो 🤩🤩🤩  Sirf @₹3 में,हिंदी के मदद से English जानो 🤩🤩🤩,Install now,http://play.google.com/store/apps/details?id=com.capslock.zinglish,"Facebook,Instagram,Audience Network,Messenger,Threads",हिंदी के मदद से English जानो 🤩🤩🤩  Sirf @₹3 में,हिंदी के मदद से English जानो 🤩🤩🤩,Install now,http://play.google.com/store/apps/details?id=com.capslock.zinglish,Video,"Facebook,Instagram,Audience Network,Messenger,Threads",1,0,9:16,https://video.fblr20-1.fna.fbcdn.net/o1/v/t2/f2/m366/AQMvzgk17W5Q9TtnsB69a_RAfLq5K0gratiwqyJcczSH1u1HNOnUhntuz0RkWF-TzRMv196TxuYd3rrOfNPqXWHrMChjiZCYFKisb5Kf0P50mw.mp4?_nc_cat=110&_nc_oc=Adrx9-VA3fQ44wM_xlSBoxAToxkW_4x8h0O89sDzu2idZohbUOTe3gBHeXafZwpsb7FUX8lXaYuFNEwTLs3aQ2Ud&_nc_sid=b66105&_nc_ht=video.fblr20-1.fna.fbcdn.net&_nc_ohc=RFvXF3gZdmEQ7kNvwF8R6Ut&efg=eyJ2ZW5jb2RlX3RhZyI6Inhwdl9wcm9ncmVzc2l2ZS5WSV9VU0VDQVNFX1BST0RVQ1RfVFlQRS4uQzMuNzIwLmRhc2hfaDI2NC1iYXNpYy1nZW4yXzcyMHAiLCJ4cHZfYXNzZXRfaWQiOjE0MjM4OTg1MjU4Njk0MzQsImFzc2V0X2FnZV9kYXlzIjoxMTYsInZpX3VzZWNhc2VfaWQiOjEwNzk5LCJkdXJhdGlvbl9zIjoxMiwidXJsZ2VuX3NvdXJjZSI6Ind3dyJ9&ccb=17-1&vs=99b595a709352f6e&_nc_vs=HBksFQIYRWZiX2VwaGVtZXJhbC8wRTRENEU1RTUwMkE4OTVGMzRCQ0UyODg5RTRBOTI4Nl9tdF8xX3ZpZGVvX2Rhc2hpbml0Lm1wNBUAAsgBEgAVAhhAZmJfcGVybWFuZW50LzM2NDMwNjU0RDI1MEEwMzk3MjcyNzI5RTIyMkNBRjhEX2F1ZGlvX2Rhc2hpbml0Lm1wNBUCAsgBEgAoABgAGwKIB3VzZV9vaWwBMRJwcm9ncmVzc2l2ZV9yZWNpcGUBMRUAACb0laXd5sGHBRUCKAJDMywXQCmZmZmZmZoYGWRhc2hfaDI2NC1iYXNpYy1nZW4yXzcyMHARAHUAZd6oAQA&_nc_gid=AvcZLh5bYIBXCerf9LD_QQ&_nc_ss=7f289&_nc_zt=28&oh=00_AQDqH-OgvODp1EYZ0X5L6xOgqfZiBR7gDn8MAV6h7aRr8Q&oe=6A4A4506,https://scontent.fblr20-3.fna.fbcdn.net/v/t39.35426-6/647547032_1440099294513694_9038156077862819365_n.jpg?_nc_cat=105&ccb=1-7&_nc_sid=c53f8f&_nc_ohc=lkijRDM6eDMQ7kNvwHzED51&_nc_oc=AdooqyckuV9jhxm1Zg2vkwdBSjIhNYzizCEhEORVHqBHrtzVCGGmI0c1Hm1-ieqnXZzUKOOQaZjBDqGGUqsVbMU-&_nc_zt=14&_nc_ht=scontent.fblr20-3.fna&_nc_gid=AvcZLh5bYIBXCerf9LD_QQ&_nc_ss=7f289&oh=00_AQBGZpRCZmjjC-SyKvE6bTYr3j-bdc89tQgxS1L0yUgDnQ&oe=6A4A3BA6,2026-07-05T11:50:30.000Z,2026-07-01,https://pub-893b4a6a607b4221a894bf861da7914e.r2.dev/894945046633710.mp4
16,16,Zinglish,680109015195106,Zinglish,,IN,826441597149033,https://www.facebook.com/ads/library/?id=826441597149033,2026-03-04,,false,false,1,0,,2026-03-04,,"தமிழின் உதவியுடன் English கற்றுக்கொள்ளுங்கள் 
வெறும் ₹3-க்கே😎🤩","Tamil-லேயே, English கற்றுக்கொள்ளுங்கள்",Install now,http://play.google.com/store/apps/details?id=com.capslock.zinglish,"Facebook,Instagram,Audience Network,Messenger,Threads","தமிழின் உதவியுடன் English கற்றுக்கொள்ளுங்கள் 
வெறும் ₹3-க்கே😎🤩","Tamil-லேயே, English கற்றுக்கொள்ளுங்கள்",Install now,http://play.google.com/store/apps/details?id=com.capslock.zinglish,Video,"Facebook,Instagram,Audience Network,Messenger,Threads",1,0,9:16,https://video.fblr20-3.fna.fbcdn.net/o1/v/t2/f2/m366/AQPbCxwq2pSXMXPV4s6G0H_7z14Q-8WxPXTOq2RtY2PrgEVqbCb1-XtDj5h5mWKEgG0bmTSSEwy9urxUbdWU8iuHcb5NOdjjnpRn1y1BBA6tAQ.mp4?_nc_cat=105&_nc_oc=Adq7Nwi0hpzkYOglaQu1J2PDBYRu_cf8I1_371J5wk2Ax5mus9JVImyquTkiAX1xr1ehZTWk_bdY1sIXKU7og_vh&_nc_sid=b66105&_nc_ht=video.fblr20-3.fna.fbcdn.net&_nc_ohc=NrJsb5-1vboQ7kNvwF9CZgE&efg=eyJ2ZW5jb2RlX3RhZyI6Inhwdl9wcm9ncmVzc2l2ZS5WSV9VU0VDQVNFX1BST0RVQ1RfVFlQRS4uQzMuNzIwLmRhc2hfaDI2NC1iYXNpYy1nZW4yXzcyMHAiLCJ4cHZfYXNzZXRfaWQiOjIwNzI1Mzk0NjM1Mzc2MTQsImFzc2V0X2FnZV9kYXlzIjoxMTcsInZpX3VzZWNhc2VfaWQiOjEwNzk5LCJkdXJhdGlvbl9zIjoxNiwidXJsZ2VuX3NvdXJjZSI6Ind3dyJ9&ccb=17-1&vs=212cecaec198bef9&_nc_vs=HBksFQIYRWZiX2VwaGVtZXJhbC83RTQ3NzU3OEU5QUNGQzM5OUZDNEExRjYyODgwQzk4M19tdF8xX3ZpZGVvX2Rhc2hpbml0Lm1wNBUAAsgBEgAVAhhAZmJfcGVybWFuZW50L0UyNDBBN0YwMzg4NDYyMkU4MTQ2RkRBM0Y3MjczNEIwX2F1ZGlvX2Rhc2hpbml0Lm1wNBUCAsgBEgAoABgAGwKIB3VzZV9vaWwBMRJwcm9ncmVzc2l2ZV9yZWNpcGUBMRUAACacz46o1r2uBxUCKAJDMywXQDDu2RaHKwIYGWRhc2hfaDI2NC1iYXNpYy1nZW4yXzcyMHARAHUAZd6oAQA&_nc_gid=AvcZLh5bYIBXCerf9LD_QQ&_nc_ss=7f289&_nc_zt=28&oh=00_AQBuxAYYojabZk5muJcOIpI0TADCkiJK99WQvaiBVlLv2w&oe=6A4A468F,https://scontent.fblr20-3.fna.fbcdn.net/v/t39.35426-6/648289479_1310832260858640_8084334505743945040_n.jpg?_nc_cat=100&ccb=1-7&_nc_sid=c53f8f&_nc_ohc=2H5wMKnlD50Q7kNvwHt4Nbz&_nc_oc=AdpRhPR57mGoIXOqtbYEbMfgUbGR4rvYL3nwPnbAnfFvOHhx7fJvNFBujI9QQluNPEIglJL8Bd3ST0RGtw4oJ3z2&_nc_zt=14&_nc_ht=scontent.fblr20-3.fna&_nc_gid=AvcZLh5bYIBXCerf9LD_QQ&_nc_ss=7f289&oh=00_AQA5fNXEsGUvQBUtbJ2Gm1kMKs_5Z6btPWZ1HRyVCLSmvA&oe=6A4A1CAC,2026-07-05T11:57:03.000Z,2026-07-01,https://pub-893b4a6a607b4221a894bf861da7914e.r2.dev/826441597149033.mp4
17,17,Zinglish,680109015195106,Zinglish,,IN,1443156474268077,https://www.facebook.com/ads/library/?id=1443156474268077,2026-02-26,,false,false,1,0,,2026-02-26,,"தமிழின் உதவியுடன் English கற்றுக்கொள்ளுங்கள் 
வெறும் ₹3-க்கே😎🤩","Tamil-லேயே, English கற்றுக்கொள்ளுங்கள்",Install now,http://play.google.com/store/apps/details?id=com.capslock.zinglish,"Facebook,Instagram,Audience Network,Messenger,Threads","தமிழின் உதவியுடன் English கற்றுக்கொள்ளுங்கள் 
வெறும் ₹3-க்கே😎🤩","Tamil-லேயே, English கற்றுக்கொள்ளுங்கள்",Install now,http://play.google.com/store/apps/details?id=com.capslock.zinglish,Video,"Facebook,Instagram,Audience Network,Messenger,Threads",1,0,9:16,https://video.fblr20-3.fna.fbcdn.net/o1/v/t2/f2/m366/AQPkAN1FCnRULhiC64zAZBfTwAqah-cOjQMztWT3385wH2RcTMG32bacvxQ5Sgh4PmBdjSHeU6Dk_Tpn6q7qaJ2zFrUTsjmjPzCIAk2DUc8g2A.mp4?_nc_cat=109&_nc_oc=Ado5w1958d9WobQaRIoC4VrYpgJv8m8eE-v77uAUDtO9R94U4mU741BKRHEygRfdzPl3Tf11qvPQ96FQNCRcCxc2&_nc_sid=b66105&_nc_ht=video.fblr20-3.fna.fbcdn.net&_nc_ohc=2J-VuQXEr6YQ7kNvwEfH0XO&efg=eyJ2ZW5jb2RlX3RhZyI6Inhwdl9wcm9ncmVzc2l2ZS5WSV9VU0VDQVNFX1BST0RVQ1RfVFlQRS4uQzMuNzIwLmRhc2hfaDI2NC1iYXNpYy1nZW4yXzcyMHAiLCJ4cHZfYXNzZXRfaWQiOjE0NTg3OTU0MDU4NTk5NTAsImFzc2V0X2FnZV9kYXlzIjoxMjMsInZpX3VzZWNhc2VfaWQiOjEwNzk5LCJkdXJhdGlvbl9zIjoxOCwidXJsZ2VuX3NvdXJjZSI6Ind3dyJ9&ccb=17-1&vs=8064f94158a7a6ca&_nc_vs=HBksFQIYRWZiX2VwaGVtZXJhbC83NTRCNUNCOUZFOTQ2QTk1QkE2QzUxQ0NGMTNERTg5RV9tdF8xX3ZpZGVvX2Rhc2hpbml0Lm1wNBUAAsgBEgAVAhhAZmJfcGVybWFuZW50Lzk2NDJENjkxMTkxNDNBRjJCNzg0RTk4NjQ2RUY4OEI5X2F1ZGlvX2Rhc2hpbml0Lm1wNBUCAsgBEgAoABgAGwKIB3VzZV9vaWwBMRJwcm9ncmVzc2l2ZV9yZWNpcGUBMRUAACbc8brfiLGXBRUCKAJDMywXQDLdsi0OVgQYGWRhc2hfaDI2NC1iYXNpYy1nZW4yXzcyMHARAHUAZd6oAQA&_nc_gid=AvcZLh5bYIBXCerf9LD_QQ&_nc_ss=7f289&_nc_zt=28&oh=00_AQAZpOGq2GzZaSc6fvU6jQ2zjEA_fTH6Ru1St7scay4smA&oe=6A4A368F,https://scontent.fblr20-3.fna.fbcdn.net/v/t39.35426-6/643785765_1576127097003346_6754606528994872115_n.jpg?_nc_cat=109&ccb=1-7&_nc_sid=c53f8f&_nc_ohc=Vdu8t1r7QIkQ7kNvwFWB8s8&_nc_oc=Adrz9XB6b0KOqXgsXGfQJELORKIfC7iVb8xyfBGGtebRphJraSUZPYWiKmcV0mqlxy_iI7Rz66G9pvdPGt4n3tz2&_nc_zt=14&_nc_ht=scontent.fblr20-3.fna&_nc_gid=AvcZLh5bYIBXCerf9LD_QQ&_nc_ss=7f289&oh=00_AQBvu00Fz53AvmnPhlfPC7KCN2t2lcSwwEjQrmvgLHgRRw&oe=6A4A3D49,2026-07-05T10:48:47.000Z,2026-07-01,https://pub-893b4a6a607b4221a894bf861da7914e.r2.dev/1443156474268077.mp4
18,18,Zinglish,680109015195106,Zinglish,,IN,1286723966731755,https://www.facebook.com/ads/library/?id=1286723966731755,2026-03-04,,false,false,1,0,,2026-03-04,,"தமிழின் உதவியுடன் English கற்றுக்கொள்ளுங்கள் 
வெறும் ₹3-க்கே😎🤩","Tamil-லேயே, English கற்றுக்கொள்ளுங்கள்",Install now,http://play.google.com/store/apps/details?id=com.capslock.zinglish,"Facebook,Instagram,Audience Network,Messenger,Threads","தமிழின் உதவியுடன் English கற்றுக்கொள்ளுங்கள் 
வெறும் ₹3-க்கே😎🤩","Tamil-லேயே, English கற்றுக்கொள்ளுங்கள்",Install now,http://play.google.com/store/apps/details?id=com.capslock.zinglish,Video,"Facebook,Instagram,Audience Network,Messenger,Threads",1,0,9:16,https://video.fblr20-1.fna.fbcdn.net/o1/v/t2/f2/m366/AQO66bMf0cBuWMJ6lCL8B4kKFR7Pa1zijZD6SFszp20iIJjXbl3-709KteF8q99ugsjN_MXu43kiAW5oaMP8FYAacdb_wMZYqEY-60PHTvJZQA.mp4?_nc_cat=110&_nc_oc=Adp1QzKkZWJ9EmLpduGUyOgfJ7GVm90AyYAy1wmJmuCxQDnOwUoTs4KIhfPevFIb9kWN5C26v911zR3XPAiozDsw&_nc_sid=b66105&_nc_ht=video.fblr20-1.fna.fbcdn.net&_nc_ohc=pN4Plf_k5AcQ7kNvwFPqBaV&efg=eyJ2ZW5jb2RlX3RhZyI6Inhwdl9wcm9ncmVzc2l2ZS5WSV9VU0VDQVNFX1BST0RVQ1RfVFlQRS4uQzMuNzIwLmRhc2hfaDI2NC1iYXNpYy1nZW4yXzcyMHAiLCJ4cHZfYXNzZXRfaWQiOjc5MzQ4NTA5OTk0NzIzNCwiYXNzZXRfYWdlX2RheXMiOjExNywidmlfdXNlY2FzZV9pZCI6MTA3OTksImR1cmF0aW9uX3MiOjIyLCJ1cmxnZW5fc291cmNlIjoid3d3In0%3D&ccb=17-1&vs=b237c2585c5bfa9f&_nc_vs=HBksFQIYRWZiX2VwaGVtZXJhbC8yMzQ5RkE1MTIzNEZBRkJGMzZBM0NFQUI4Qjg4MkE5MF9tdF8xX3ZpZGVvX2Rhc2hpbml0Lm1wNBUAAsgBEgAVAhhAZmJfcGVybWFuZW50LzY4NDM2MjkzOEUyRTdGMUNDNDlCMkIwRTNCNERCNzg2X2F1ZGlvX2Rhc2hpbml0Lm1wNBUCAsgBEgAoABgAGwKIB3VzZV9vaWwBMRJwcm9ncmVzc2l2ZV9yZWNpcGUBMRUAACbE06LY9OroAhUCKAJDMywXQDYzMzMzMzMYGWRhc2hfaDI2NC1iYXNpYy1nZW4yXzcyMHARAHUAZd6oAQA&_nc_gid=AvcZLh5bYIBXCerf9LD_QQ&_nc_ss=7f289&_nc_zt=28&oh=00_AQBqTOjqmHw5jjQ5zk_pmWvZRcY9b5aVewrsRb3QIuDzpw&oe=6A4A4E06,https://scontent.fblr20-4.fna.fbcdn.net/v/t39.35426-6/647279510_940009535643412_3412158981239249531_n.jpg?_nc_cat=106&ccb=1-7&_nc_sid=c53f8f&_nc_ohc=0YqdMRbnnSEQ7kNvwGrfS-e&_nc_oc=AdqglV8RPWiyMnvZ0JQMnNJnY-hXplNaeY2C2Z4IlLO58Nx1fHI8RixTJ3CNRJzF6udAnF6HTe8Sqa9AUsF3WKFb&_nc_zt=14&_nc_ht=scontent.fblr20-4.fna&_nc_gid=AvcZLh5bYIBXCerf9LD_QQ&_nc_ss=7f289&oh=00_AQCr223KVIQrSkvtEIpBkJnGDWmz-B9TTYBf35qsxyC59A&oe=6A4A23D3,2026-07-05T12:28:54.000Z,2026-07-01,https://pub-893b4a6a607b4221a894bf861da7914e.r2.dev/1286723966731755.mp4
19,19,Zinglish,680109015195106,Zinglish,,IN,2004457904289111,https://www.facebook.com/ads/library/?id=2004457904289111,2026-03-02,,false,false,1,0,,2026-03-02,,ಕನ್ನಡದ ಸಹಾಯದಿಂದ English ಕಲಿಯಿರಿ — ಕೇವಲ ₹3ಕ್ಕೆ🤩,ಕನ್ನಡದಲ್ಲೇ English ಕಲಿಯಿರಿ — ಕೇವಲ ₹3ಕ್ಕೆ🤩,Install now,http://play.google.com/store/apps/details?id=com.capslock.zinglish,"Facebook,Instagram,Audience Network,Messenger,Threads",ಕನ್ನಡದ ಸಹಾಯದಿಂದ English ಕಲಿಯಿರಿ — ಕೇವಲ ₹3ಕ್ಕೆ🤩,ಕನ್ನಡದಲ್ಲೇ English ಕಲಿಯಿರಿ — ಕೇವಲ ₹3ಕ್ಕೆ🤩,Install now,http://play.google.com/store/apps/details?id=com.capslock.zinglish,Video,"Facebook,Instagram,Audience Network,Messenger,Threads",1,0,9:16,https://video.fblr20-2.fna.fbcdn.net/o1/v/t2/f2/m366/AQNklxn_IegvbETbXVXOZPkV3-T8E-ihhEVA1ssny2RGTXukVZh8pi0MzEcEASV5BjnRlEablp-0nfrE328hj3-7ucK5K31TH39Eee_U__KMUQ.mp4?_nc_cat=111&_nc_oc=AdpFPucZxVCDJRUcgygCbuRp_YA4BdseMVb3x0K8RkgKstNuYpglLAyNjxw3mn7LBrqrrj85FxKVwly0g-XdAmyn&_nc_sid=b66105&_nc_ht=video.fblr20-2.fna.fbcdn.net&_nc_ohc=2esKsRsJYO4Q7kNvwFbXBZ3&efg=eyJ2ZW5jb2RlX3RhZyI6Inhwdl9wcm9ncmVzc2l2ZS5WSV9VU0VDQVNFX1BST0RVQ1RfVFlQRS4uQzMuNzIwLmRhc2hfaDI2NC1iYXNpYy1nZW4yXzcyMHAiLCJ4cHZfYXNzZXRfaWQiOjQxNjM4NjA2NzcyMTA5NTQsImFzc2V0X2FnZV9kYXlzIjoxMTksInZpX3VzZWNhc2VfaWQiOjEwNzk5LCJkdXJhdGlvbl9zIjoyMywidXJsZ2VuX3NvdXJjZSI6Ind3dyJ9&ccb=17-1&vs=814f75710643ea6c&_nc_vs=HBksFQIYRWZiX2VwaGVtZXJhbC9GQjRGM0IzRDJBOTk5RjkyQTFENTk4QjkxQTFERDlBM19tdF8xX3ZpZGVvX2Rhc2hpbml0Lm1wNBUAAsgBEgAVAhhAZmJfcGVybWFuZW50L0FCNEMzMDk3NjA1NzZCMkQwRDczQTYxMzYyQTJEQ0IzX2F1ZGlvX2Rhc2hpbml0Lm1wNBUCAsgBEgAoABgAGwKIB3VzZV9vaWwBMRJwcm9ncmVzc2l2ZV9yZWNpcGUBMRUAACaUzfnIy8DlDhUCKAJDMywXQDd3S8an754YGWRhc2hfaDI2NC1iYXNpYy1nZW4yXzcyMHARAHUAZd6oAQA&_nc_gid=AvcZLh5bYIBXCerf9LD_QQ&_nc_ss=7f289&_nc_zt=28&oh=00_AQBC9uXRBy5a9J3WnXyVTLrBiRGgGjBZUMXDTy1atRMoTA&oe=6A4A4FB1,https://scontent.fblr20-4.fna.fbcdn.net/v/t39.35426-6/645928941_1825058774780401_2735525435348650727_n.jpg?_nc_cat=101&ccb=1-7&_nc_sid=c53f8f&_nc_ohc=gm2vPo5udHwQ7kNvwFt3rZu&_nc_oc=AdqEFkTJWLmQlta2HYKXW5dmbX5TVidmaOZB_ecgONcAA4NcxXLqUTsFXVwZd3fGGkDtB8XpO29eyf6ap7KyUa86&_nc_zt=14&_nc_ht=scontent.fblr20-4.fna&_nc_gid=AvcZLh5bYIBXCerf9LD_QQ&_nc_ss=7f289&oh=00_AQDAYLo0hBxOG5yO8LcQDVU1ZPhIWph5icRpIqKOtenLeA&oe=6A4A43C3,2026-07-05T12:36:01.000Z,2026-07-01,https://pub-893b4a6a607b4221a894bf861da7914e.r2.dev/2004457904289111.mp4
20,20,Zinglish,680109015195106,Zinglish,,IN,1299322238926571,https://www.facebook.com/ads/library/?id=1299322238926571,2026-02-26,,false,false,1,0,,2026-02-26,,"தமிழின் உதவியுடன் English கற்றுக்கொள்ளுங்கள் 
வெறும் ₹3-க்கே😎🤩","Tamil-லேயே, English கற்றுக்கொள்ளுங்கள்",Install now,http://play.google.com/store/apps/details?id=com.capslock.zinglish,"Facebook,Instagram,Audience Network,Messenger,Threads","தமிழின் உதவியுடன் English கற்றுக்கொள்ளுங்கள் 
வெறும் ₹3-க்கே😎🤩","Tamil-லேயே, English கற்றுக்கொள்ளுங்கள்",Install now,http://play.google.com/store/apps/details?id=com.capslock.zinglish,Video,"Facebook,Instagram,Audience Network,Messenger,Threads",1,0,9:16,https://video.fblr20-4.fna.fbcdn.net/o1/v/t2/f2/m366/AQNE7SYyQ7BKBIpQxoQ04HUcX41Dt0gKOZEGATKXlFA-wBcNxa9otKaUKds_BB_GO6dlUR3O0f2aRPvR68RHWtbtBGRHY_yFtBq_PcjiZMCexA.mp4?_nc_cat=101&_nc_oc=AdrIxv3u_IyMaNJDonjiRqeCTeLZBwl-UyTOZhfMUuHF_t9WDVUaOaH1MQxAH7aNeya1uZYoOr1ytYXLdshoh9cq&_nc_sid=b66105&_nc_ht=video.fblr20-4.fna.fbcdn.net&_nc_ohc=CPn1ZbW-LPQQ7kNvwGI7bBj&efg=eyJ2ZW5jb2RlX3RhZyI6Inhwdl9wcm9ncmVzc2l2ZS5WSV9VU0VDQVNFX1BST0RVQ1RfVFlQRS4uQzMuNzIwLmRhc2hfaDI2NC1iYXNpYy1nZW4yXzcyMHAiLCJ4cHZfYXNzZXRfaWQiOjI1MTc4NDQ3NTIwMTU5OTgsImFzc2V0X2FnZV9kYXlzIjoxMjMsInZpX3VzZWNhc2VfaWQiOjEwNzk5LCJkdXJhdGlvbl9zIjoxOCwidXJsZ2VuX3NvdXJjZSI6Ind3dyJ9&ccb=17-1&vs=9f6ec28d30d3e817&_nc_vs=HBksFQIYRWZiX2VwaGVtZXJhbC9GOTRDNzA5NDdGRUEyODA2NzY3NjgxMDhERTAzMjU4RF9tdF8xX3ZpZGVvX2Rhc2hpbml0Lm1wNBUAAsgBEgAVAhhAZmJfcGVybWFuZW50L0IzNDM2MTQ5NjI5MzAyRjdGRkM5ODVCNTRERTUyQjhGX2F1ZGlvX2Rhc2hpbml0Lm1wNBUCAsgBEgAoABgAGwKIB3VzZV9vaWwBMRJwcm9ncmVzc2l2ZV9yZWNpcGUBMRUAACb8idmg7f34CBUCKAJDMywXQDJu2RaHKwIYGWRhc2hfaDI2NC1iYXNpYy1nZW4yXzcyMHARAHUAZd6oAQA&_nc_gid=AvcZLh5bYIBXCerf9LD_QQ&_nc_ss=7f289&_nc_zt=28&oh=00_AQC5hwK8TaunJcBZvBHYrnquXk70OG9_-qV8Prq_IvCplA&oe=6A4A2037,https://scontent.fblr20-3.fna.fbcdn.net/v/t39.35426-6/642281670_855834060825667_4689249547046157789_n.jpg?_nc_cat=100&ccb=1-7&_nc_sid=c53f8f&_nc_ohc=Tk9_r6oRrAAQ7kNvwEgqKiO&_nc_oc=AdpSc3sY1lP6il1uKHfkrRgoirQUmgct4ekOyL-nTwIquWtx4yOTbn6HqTarBhOCCFCW8ld71o7Ui_2IpPv3UlMY&_nc_zt=14&_nc_ht=scontent.fblr20-3.fna&_nc_gid=AvcZLh5bYIBXCerf9LD_QQ&_nc_ss=7f289&oh=00_AQBxUZHdAx7ZeYozz-LUcb3Hx7b460eEWTbJykDOrylSOQ&oe=6A4A2C34,2026-07-05T09:13:27.000Z,2026-07-01,https://pub-893b4a6a607b4221a894bf861da7914e.r2.dev/1299322238926571.mp4
21,21,Zinglish,680109015195106,Zinglish,,IN,943351378761019,https://www.facebook.com/ads/library/?id=943351378761019,2026-06-25,,false,true,2,0,943351378761019,2026-06-25,,Telugu help tho English matladandi 🤩 Only ₹3 lo 😎🤩,Telugu help tho English matladandi 🤩 Only ₹3 lo 😎🤩,Install now,http://play.google.com/store/apps/details?id=com.capslock.zinglish,"Facebook,Instagram,Audience Network,Messenger,Threads",Telugu help tho English matladandi 🤩 Only ₹3 lo 😎🤩,Telugu help tho English matladandi 🤩 Only ₹3 lo 😎🤩,Install now,http://play.google.com/store/apps/details?id=com.capslock.zinglish,Video,"Facebook,Instagram,Audience Network,Messenger,Threads",1,0,9:16,https://video.fblr20-4.fna.fbcdn.net/o1/v/t2/f2/m366/AQN1AX2YQ1bpLWiAI-e5B35_-xxTa9ycwkdRnWNy_bJFBtDCwAntQnq0QhflRZQdOjgYgxIiEu506Spl0FVjuDhUaH7_r1Yl9mkcEkLfFaTRkw.mp4?_nc_cat=106&_nc_oc=Adonbf6XtpGf3eccCyK86hQPospFG8yjrOqNp4DNRAwJds8f_HVOFWuKs3gIAy_42UGPF8lg5zZAb_q_nBsi5TZE&_nc_sid=b66105&_nc_ht=video.fblr20-4.fna.fbcdn.net&_nc_ohc=nv7zN80aGooQ7kNvwEMhk2y&efg=eyJ2ZW5jb2RlX3RhZyI6Inhwdl9wcm9ncmVzc2l2ZS5WSV9VU0VDQVNFX1BST0RVQ1RfVFlQRS4uQzMuNzIwLmRhc2hfaDI2NC1iYXNpYy1nZW4yXzcyMHAiLCJ4cHZfYXNzZXRfaWQiOjE2ODY3NTczODMxNTcyMzAsImFzc2V0X2FnZV9kYXlzIjo0LCJ2aV91c2VjYXNlX2lkIjoxMDc5OSwiZHVyYXRpb25fcyI6MTcsInVybGdlbl9zb3VyY2UiOiJ3d3cifQ%3D%3D&ccb=17-1&vs=53cc5beb99cf728e&_nc_vs=HBksFQIYRWZiX2VwaGVtZXJhbC81QjRCN0ZFM0E3OUM2MzgyMTU4REY1NUQ4MURFNTY4NV9tdF8xX3ZpZGVvX2Rhc2hpbml0Lm1wNBUAAsgBEgAVAhhAZmJfcGVybWFuZW50L0ZCNEU5REI3MDUzNEEwMjI2NjcxQzQ3MkZBOTYyNjg2X2F1ZGlvX2Rhc2hpbml0Lm1wNBUCAsgBEgAoABgAGwKIB3VzZV9vaWwBMRJwcm9ncmVzc2l2ZV9yZWNpcGUBMRUAACbc16nqmYb_BRUCKAJDMywXQDFwo9cKPXEYGWRhc2hfaDI2NC1iYXNpYy1nZW4yXzcyMHARAHUAZd6oAQA&_nc_gid=AvcZLh5bYIBXCerf9LD_QQ&_nc_ss=7f289&_nc_zt=28&oh=00_AQArAHKr3ypNdvi4MJwBAi89tp_r_HdD6CTVn5vubti-HA&oe=6A4A49A6,https://scontent.fblr20-5.fna.fbcdn.net/v/t39.35426-6/730397620_1018030910720754_8262449398408526010_n.jpg?_nc_cat=107&ccb=1-7&_nc_sid=c53f8f&_nc_ohc=bBMGw8UawVIQ7kNvwFEwq_3&_nc_oc=AdpPoxmZ_MOlU4AdLo17SRpFOlYhSDH2O4OBoBKxU7vmbE9X9gnFkOSzUrdqhJ-bQKwHkqey7CPKCH5H4HJoHtUb&_nc_zt=14&_nc_ht=scontent.fblr20-5.fna&_nc_gid=AvcZLh5bYIBXCerf9LD_QQ&_nc_ss=7f289&oh=00_AQChO5JNnAFEceN_RxF7NVeOiLOYNYZfNiOIXG8DmyfOzQ&oe=6A4A3802,2026-07-05T12:10:14.000Z,2026-07-01,https://pub-893b4a6a607b4221a894bf861da7914e.r2.dev/943351378761019.mp4
22,21,Zinglish,680109015195106,Zinglish,,IN,943351378761019,https://www.facebook.com/ads/library/?id=943351378761019,2026-06-25,,false,true,2,1,1530213245549751,2026-06-25,,Telugu help tho English matladandi 🤩 Only ₹3 lo 😎🤩,Telugu help tho English matladandi 🤩 Only ₹3 lo 😎🤩,Install now,http://play.google.com/store/apps/details?id=com.capslock.zinglish,"Facebook,Instagram,Audience Network,Messenger,Threads",Telugu help tho English matladandi 🤩 Only ₹3 lo 😎🤩,Telugu help tho English matladandi 🤩 Only ₹3 lo 😎🤩,Install now,http://play.google.com/store/apps/details?id=com.capslock.zinglish,Video,"Facebook,Instagram,Audience Network,Messenger,Threads",1,0,9:16,https://video.fblr20-4.fna.fbcdn.net/o1/v/t2/f2/m366/AQN1AX2YQ1bpLWiAI-e5B35_-xxTa9ycwkdRnWNy_bJFBtDCwAntQnq0QhflRZQdOjgYgxIiEu506Spl0FVjuDhUaH7_r1Yl9mkcEkLfFaTRkw.mp4?_nc_cat=106&_nc_oc=Adonbf6XtpGf3eccCyK86hQPospFG8yjrOqNp4DNRAwJds8f_HVOFWuKs3gIAy_42UGPF8lg5zZAb_q_nBsi5TZE&_nc_sid=b66105&_nc_ht=video.fblr20-4.fna.fbcdn.net&_nc_ohc=nv7zN80aGooQ7kNvwEMhk2y&efg=eyJ2ZW5jb2RlX3RhZyI6Inhwdl9wcm9ncmVzc2l2ZS5WSV9VU0VDQVNFX1BST0RVQ1RfVFlQRS4uQzMuNzIwLmRhc2hfaDI2NC1iYXNpYy1nZW4yXzcyMHAiLCJ4cHZfYXNzZXRfaWQiOjE2ODY3NTczODMxNTcyMzAsImFzc2V0X2FnZV9kYXlzIjo0LCJ2aV91c2VjYXNlX2lkIjoxMDc5OSwiZHVyYXRpb25fcyI6MTcsInVybGdlbl9zb3VyY2UiOiJ3d3cifQ%3D%3D&ccb=17-1&vs=53cc5beb99cf728e&_nc_vs=HBksFQIYRWZiX2VwaGVtZXJhbC81QjRCN0ZFM0E3OUM2MzgyMTU4REY1NUQ4MURFNTY4NV9tdF8xX3ZpZGVvX2Rhc2hpbml0Lm1wNBUAAsgBEgAVAhhAZmJfcGVybWFuZW50L0ZCNEU5REI3MDUzNEEwMjI2NjcxQzQ3MkZBOTYyNjg2X2F1ZGlvX2Rhc2hpbml0Lm1wNBUCAsgBEgAoABgAGwKIB3VzZV9vaWwBMRJwcm9ncmVzc2l2ZV9yZWNpcGUBMRUAACbc16nqmYb_BRUCKAJDMywXQDFwo9cKPXEYGWRhc2hfaDI2NC1iYXNpYy1nZW4yXzcyMHARAHUAZd6oAQA&_nc_gid=AvcZLh5bYIBXCerf9LD_QQ&_nc_ss=7f289&_nc_zt=28&oh=00_AQArAHKr3ypNdvi4MJwBAi89tp_r_HdD6CTVn5vubti-HA&oe=6A4A49A6,https://scontent.fblr20-2.fna.fbcdn.net/v/t39.35426-6/729029801_1670230115108194_9057664328469849102_n.jpg?_nc_cat=102&ccb=1-7&_nc_sid=c53f8f&_nc_ohc=l9zUgmOV33sQ7kNvwHobN4_&_nc_oc=AdrKqQc5RZwF-a9uX2zoexruGBfZRlhPE9-wWfk7G0QdyWm2gl96rk17Q8flVZuMMpVpBKyAh4LzJrZMd_1sgPor&_nc_zt=14&_nc_ht=scontent.fblr20-2.fna&_nc_gid=AvcZLh5bYIBXCerf9LD_QQ&_nc_ss=7f289&oh=00_AQDjd2n7sPN_eQxdMogf7-AFFxo985MDDTSI06B7LprwXw&oe=6A4A3395,2026-07-05T12:10:14.000Z,2026-07-01,
23,22,Zinglish,680109015195106,Zinglish,,IN,1017546790989934,https://www.facebook.com/ads/library/?id=1017546790989934,2026-06-25,,false,false,1,0,,2026-06-25,,ಕನ್ನಡದ ಸಹಾಯದಿಂದ English ಕಲಿಯಿರಿ — ಕೇವಲ ₹3ಕ್ಕೆ🤩,ಕನ್ನಡದ ಸಹಾಯದಿಂದ English ಕಲಿಯಿರಿ — ಕೇವಲ ₹3ಕ್ಕೆ🤩,Install now,http://play.google.com/store/apps/details?id=com.capslock.zinglish,"Facebook,Instagram,Audience Network,Messenger,Threads",ಕನ್ನಡದ ಸಹಾಯದಿಂದ English ಕಲಿಯಿರಿ — ಕೇವಲ ₹3ಕ್ಕೆ🤩,ಕನ್ನಡದ ಸಹಾಯದಿಂದ English ಕಲಿಯಿರಿ — ಕೇವಲ ₹3ಕ್ಕೆ🤩,Install now,http://play.google.com/store/apps/details?id=com.capslock.zinglish,Video,"Facebook,Instagram,Audience Network,Messenger,Threads",1,0,9:16,https://video.fblr20-3.fna.fbcdn.net/o1/v/t2/f2/m366/AQOWjzLyPIyKby23WvJgtPnb6tbnLPTF04XKx0aoaDxrFGFGiiYpodfx8_r8bTjJjuvrX2LcvHE-NTjSFoB6n7Hb-1W9IaDbxKW7YGR5vmhLAg.mp4?_nc_cat=100&_nc_oc=AdqFOqw6xRSOEl1Ud8_Z0FhT91Qoz3T3HkcKXjR63rOdmIwAeeI-CK7Pl0WPnI4MfZEFoJ_r1Y8kKc3eUPWB-WR7&_nc_sid=b66105&_nc_ht=video.fblr20-3.fna.fbcdn.net&_nc_ohc=cJ223EHZoEEQ7kNvwGMKP63&efg=eyJ2ZW5jb2RlX3RhZyI6Inhwdl9wcm9ncmVzc2l2ZS5WSV9VU0VDQVNFX1BST0RVQ1RfVFlQRS4uQzMuNzIwLmRhc2hfaDI2NC1iYXNpYy1nZW4yXzcyMHAiLCJ4cHZfYXNzZXRfaWQiOjE1NjY2MzQzMDQ4MTM4MzIsImFzc2V0X2FnZV9kYXlzIjo0LCJ2aV91c2VjYXNlX2lkIjoxMDc5OSwiZHVyYXRpb25fcyI6MjAsInVybGdlbl9zb3VyY2UiOiJ3d3cifQ%3D%3D&ccb=17-1&vs=7471638c6c7816c0&_nc_vs=HBksFQIYRWZiX2VwaGVtZXJhbC9EQTQ4NjJCNTQyRjM2RDFGRkNGQTg3MzMyN0Q0ODZBQV9tdF8xX3ZpZGVvX2Rhc2hpbml0Lm1wNBUAAsgBEgAVAhhAZmJfcGVybWFuZW50L0MyNENEMzcxNDA5QkNGQTYwRjUzOTVBMzNGNDhFQTg2X2F1ZGlvX2Rhc2hpbml0Lm1wNBUCAsgBEgAoABgAGwKIB3VzZV9vaWwBMRJwcm9ncmVzc2l2ZV9yZWNpcGUBMRUAACaQ7NmTj7bIBRUCKAJDMywXQDR64UeuFHsYGWRhc2hfaDI2NC1iYXNpYy1nZW4yXzcyMHARAHUAZd6oAQA&_nc_gid=AvcZLh5bYIBXCerf9LD_QQ&_nc_ss=7f289&_nc_zt=28&oh=00_AQCHY9zut-dHWAmK3slkLb9VxYIlRwgZOxdmWfoExcQu6A&oe=6A4A2500,https://scontent.fblr20-1.fna.fbcdn.net/v/t39.35426-6/730713480_1521289743064742_8694179301814900721_n.jpg?_nc_cat=110&ccb=1-7&_nc_sid=c53f8f&_nc_ohc=kkA3mg-Qr6kQ7kNvwHe30Ak&_nc_oc=AdoAC5tuOwVfYydqNYxs7uDhlq9QtgehGQQBWm-nqppgYNLpd7jvs3q5hCmS2Mrw9xHiLB5OG9UKFLn8VlyM3QAr&_nc_zt=14&_nc_ht=scontent.fblr20-1.fna&_nc_gid=AvcZLh5bYIBXCerf9LD_QQ&_nc_ss=7f289&oh=00_AQDzkWDyTYn6c9PDOvF2pKROg1IXRsRFx3Q2YEpyZ2FVkw&oe=6A4A47A3,2026-07-05T09:33:52.000Z,2026-07-01,https://pub-893b4a6a607b4221a894bf861da7914e.r2.dev/1017546790989934.mp4
24,23,Zinglish,680109015195106,Zinglish,,IN,1445137293761554,https://www.facebook.com/ads/library/?id=1445137293761554,2026-03-04,,false,false,1,0,,2026-03-04,,हिंदी के मदद से English जानो 🤩🤩🤩  Sirf @₹3 में,हिंदी के मदद से English जानो 🤩🤩🤩,Install now,http://play.google.com/store/apps/details?id=com.capslock.zinglish,"Facebook,Instagram,Audience Network,Messenger,Threads",हिंदी के मदद से English जानो 🤩🤩🤩  Sirf @₹3 में,हिंदी के मदद से English जानो 🤩🤩🤩,Install now,http://play.google.com/store/apps/details?id=com.capslock.zinglish,Video,"Facebook,Instagram,Audience Network,Messenger,Threads",1,0,9:16,https://video.fblr20-1.fna.fbcdn.net/o1/v/t2/f2/m412/AQNAr-Q9XyQ1H_illkyq9IAh220WMpOwnWtiCfWTDuaMqVXeCjgduKnVrdEtU69NbtvGhtBnjldFH4h_hinFFaUGba8VaOAu1SKUSYFBjg.mp4?_nc_cat=110&_nc_oc=AdpXV7jQGB2L4KYjC9adHV-IorPt-Yq9H4CzFSG6G8984TdexpeaCNCSAV-J5vplDgwu2uQ53GJzBlXh5Iw3RH6G&_nc_sid=ef5aa3&_nc_ht=video.fblr20-1.fna.fbcdn.net&_nc_ohc=tcMd_OXlRSIQ7kNvwFgGy6i&efg=eyJ2ZW5jb2RlX3RhZyI6Inhwdl9wcm9ncmVzc2l2ZS5WSV9VU0VDQVNFX1BST0RVQ1RfVFlQRS4uQzMuMzYwLnN2ZV9zZCIsInhwdl9hc3NldF9pZCI6MTIyNTgzNjA4OTIzNzU0NSwiYXNzZXRfYWdlX2RheXMiOjExNywidmlfdXNlY2FzZV9pZCI6MTA3OTksImR1cmF0aW9uX3MiOjE5LCJ1cmxnZW5fc291cmNlIjoid3d3In0%3D&ccb=17-1&_nc_gid=AvcZLh5bYIBXCerf9LD_QQ&_nc_ss=7f289&_nc_zt=28&oh=00_AQDCYereCiirl5urHrChCNYJ8kWBVc6IdSMSp7T_YQ-lSQ&oe=6A4A3C44,https://scontent.fblr20-3.fna.fbcdn.net/v/t39.35426-6/647337369_1470913851366565_387568880434688915_n.jpg?_nc_cat=105&ccb=1-7&_nc_sid=c53f8f&_nc_ohc=B3g0E_2d4oMQ7kNvwHZ7NFr&_nc_oc=Adqw2BD_qJAe3CZG74n8x8jesh37bNtC8VoDVnGn479UBV7ZG4SkIqxEIe7uMQTjYnDszzkxGj526Z1DZRBn8Cpc&_nc_zt=14&_nc_ht=scontent.fblr20-3.fna&_nc_gid=AvcZLh5bYIBXCerf9LD_QQ&_nc_ss=7f289&oh=00_AQBUsMCXmXRrm7rcq5DEUhRsmqG1rRwxsNCVjXt6CI-S6Q&oe=6A4A47A5,2026-07-05T11:13:08.000Z,2026-07-01,https://pub-893b4a6a607b4221a894bf861da7914e.r2.dev/1445137293761554.mp4
25,24,Zinglish,680109015195106,Zinglish,,IN,1263111225719321,https://www.facebook.com/ads/library/?id=1263111225719321,2026-02-16,,false,false,1,0,,2026-02-16,,"தமிழின் உதவியுடன் English கற்றுக்கொள்ளுங்கள் 
வெறும் ₹3-க்கே😎🤩","Tamil-லேயே, English கற்றுக்கொள்ளுங்கள்",Install now,http://play.google.com/store/apps/details?id=com.capslock.zinglish,"Facebook,Instagram,Audience Network,Messenger,Threads","தமிழின் உதவியுடன் English கற்றுக்கொள்ளுங்கள் 
வெறும் ₹3-க்கே😎🤩","Tamil-லேயே, English கற்றுக்கொள்ளுங்கள்",Install now,http://play.google.com/store/apps/details?id=com.capslock.zinglish,Video,"Facebook,Instagram,Audience Network,Messenger,Threads",1,0,9:16,https://video.fblr20-4.fna.fbcdn.net/o1/v/t2/f2/m366/AQMjdFxTJz7bO4eBs3zpHIh4m5ucoN7MVJ2s6tSwAxX31pakrqzPgLP_Vy7AeFBxBy22m6YTj2VjKVNkPTb1B376o7QFo-9g46OHUrNSDxF0og.mp4?_nc_cat=101&_nc_oc=AdqF6P8gmBALMN9U4P1Tcu18GrW0oVS33D_0-2ASoYqNXG4ZgO_VudxLy0WwvLW5cz1y444xiWOJWtpI_HeY_T95&_nc_sid=b66105&_nc_ht=video.fblr20-4.fna.fbcdn.net&_nc_ohc=QzIFEiEOF24Q7kNvwHMdfOR&efg=eyJ2ZW5jb2RlX3RhZyI6Inhwdl9wcm9ncmVzc2l2ZS5WSV9VU0VDQVNFX1BST0RVQ1RfVFlQRS4uQzMuNzIwLmRhc2hfaDI2NC1iYXNpYy1nZW4yXzcyMHAiLCJ4cHZfYXNzZXRfaWQiOjEyNzU5ODM4MDc3MzMxNTEsImFzc2V0X2FnZV9kYXlzIjoxMzMsInZpX3VzZWNhc2VfaWQiOjEwNzk5LCJkdXJhdGlvbl9zIjoyNCwidXJsZ2VuX3NvdXJjZSI6Ind3dyJ9&ccb=17-1&vs=dd4f467895c0afe6&_nc_vs=HBksFQIYRWZiX2VwaGVtZXJhbC9DNzQxMTVDMDcwMTI5NEJBRkJFMkIzRDI4REM5RTBBMl9tdF8xX3ZpZGVvX2Rhc2hpbml0Lm1wNBUAAsgBEgAVAhhAZmJfcGVybWFuZW50Lzc3NEJDMDk2QUIzNzFCNzhBREYwQTQwQzA3ODk1REIzX2F1ZGlvX2Rhc2hpbml0Lm1wNBUCAsgBEgAoABgAGwKIB3VzZV9vaWwBMRJwcm9ncmVzc2l2ZV9yZWNpcGUBMRUAACa-9sqZhKDEBBUCKAJDMywXQDj3S8an754YGWRhc2hfaDI2NC1iYXNpYy1nZW4yXzcyMHARAHUAZd6oAQA&_nc_gid=AvcZLh5bYIBXCerf9LD_QQ&_nc_ss=7f289&_nc_zt=28&oh=00_AQAKcPBC6pqIGPlcgsb6oll1T2k5U6jJm7wHhyLCGjGklA&oe=6A4A1D1F,https://scontent.fblr20-3.fna.fbcdn.net/v/t39.35426-6/638015195_1712527469720406_6095627829226785841_n.jpg?_nc_cat=105&ccb=1-7&_nc_sid=c53f8f&_nc_ohc=cLL97XB1Oz8Q7kNvwGjmVV3&_nc_oc=Ado7Fkl9uwQ3PagNazgioi8slxhvT5HotAql5kYnbOxH6BPkWUj6OivOKqEg9-0D8c3fzWmqrW2HO7VUd_4QfxnB&_nc_zt=14&_nc_ht=scontent.fblr20-3.fna&_nc_gid=AvcZLh5bYIBXCerf9LD_QQ&_nc_ss=7f289&oh=00_AQCmRkeTR1BgAHHUEbcJPwRmXjQ7bjc-xgdofkOfnhhTrw&oe=6A4A1CAE,2026-07-05T09:00:15.000Z,2026-07-01,https://pub-893b4a6a607b4221a894bf861da7914e.r2.dev/1263111225719321.mp4
26,25,Zinglish,680109015195106,Zinglish,,IN,1421135246404699,https://www.facebook.com/ads/library/?id=1421135246404699,2026-03-05,,false,false,1,0,,2026-03-05,,हिंदी के मदद से English जानो 🤩🤩🤩  Sirf @₹3 में,हिंदी के मदद से English जानो 🤩🤩🤩,Install now,http://play.google.com/store/apps/details?id=com.capslock.zinglish,"Facebook,Instagram,Audience Network,Messenger,Threads",हिंदी के मदद से English जानो 🤩🤩🤩  Sirf @₹3 में,हिंदी के मदद से English जानो 🤩🤩🤩,Install now,http://play.google.com/store/apps/details?id=com.capslock.zinglish,Video,"Facebook,Instagram,Audience Network,Messenger,Threads",1,0,9:16,https://video.fblr20-2.fna.fbcdn.net/o1/v/t2/f2/m366/AQPbp9sEJ5fcdS_GwoPRfmRWJH0bGMN5Y3kHBiGVtEg_ZPfv9YZpaL895NRHCJm12GHB4_VNO2IVAdwSIwPhk_7ajP-klTHP_vKtBEkQr5866g.mp4?_nc_cat=104&_nc_oc=AdrEB0ms86opfGvR5bSQ0-S0yNnlJZ2aRDAzQJLLuT1Hs-COa47ZdMzcsSUarwi7uIusvCu_miDBrmTD-3Yk-KAO&_nc_sid=b66105&_nc_ht=video.fblr20-2.fna.fbcdn.net&_nc_ohc=qVyoJgOynwEQ7kNvwFnRjeZ&efg=eyJ2ZW5jb2RlX3RhZyI6Inhwdl9wcm9ncmVzc2l2ZS5WSV9VU0VDQVNFX1BST0RVQ1RfVFlQRS4uQzMuNzIwLmRhc2hfaDI2NC1iYXNpYy1nZW4yXzcyMHAiLCJ4cHZfYXNzZXRfaWQiOjMyMzQ2NzE0NzMzNzc1OTYsImFzc2V0X2FnZV9kYXlzIjoxMTYsInZpX3VzZWNhc2VfaWQiOjEwNzk5LCJkdXJhdGlvbl9zIjoxMiwidXJsZ2VuX3NvdXJjZSI6Ind3dyJ9&ccb=17-1&vs=c524fd0f704357ae&_nc_vs=HBksFQIYRWZiX2VwaGVtZXJhbC8xRjRGMDVBOTAyOThDODVFMUY0MDA1QzAwRDk0OUVCQ19tdF8xX3ZpZGVvX2Rhc2hpbml0Lm1wNBUAAsgBEgAVAhhAZmJfcGVybWFuZW50L0UxNDhGOEZGMjI4NUEzM0JFN0Y1M0Y4NThCNDlFREJCX2F1ZGlvX2Rhc2hpbml0Lm1wNBUCAsgBEgAoABgAGwKIB3VzZV9vaWwBMRJwcm9ncmVzc2l2ZV9yZWNpcGUBMRUAACb4hJbC1Pq-CxUCKAJDMywXQCmZmZmZmZoYGWRhc2hfaDI2NC1iYXNpYy1nZW4yXzcyMHARAHUAZd6oAQA&_nc_gid=AvcZLh5bYIBXCerf9LD_QQ&_nc_ss=7f289&_nc_zt=28&oh=00_AQCXEFPw7DLtpObveOdBqZtLJCcMUNPOlYGvH6_jpmH-LQ&oe=6A4A42A4,https://scontent.fblr20-1.fna.fbcdn.net/v/t39.35426-6/647543930_901747959408105_3813761587892114357_n.jpg?_nc_cat=108&ccb=1-7&_nc_sid=c53f8f&_nc_ohc=FAQ11nUREYUQ7kNvwHb7ijN&_nc_oc=Adqj0tTT6YQmEtpkfrYw-kGO_Th8QZ3Lk5V_iyfwlBadt9GFwf24wwRkKNNdGiwEsDt1HuH8WYLL3LlrHZ7gcjUV&_nc_zt=14&_nc_ht=scontent.fblr20-1.fna&_nc_gid=AvcZLh5bYIBXCerf9LD_QQ&_nc_ss=7f289&oh=00_AQAGkCg20LvFK1eJpKdz0n-jkGaYML_ksIrkPwsH7CmFcA&oe=6A4A2518,2026-07-05T11:40:20.000Z,2026-07-01,https://pub-893b4a6a607b4221a894bf861da7914e.r2.dev/1421135246404699.mp4
27,26,Zinglish,680109015195106,Zinglish,,IN,1428345402211481,https://www.facebook.com/ads/library/?id=1428345402211481,2026-02-14,,false,false,1,0,,2026-02-14,,हिंदी के मदद से English जानो 🤩🤩🤩  Sirf @₹3 में,हिंदी के मदद से English जानो 🤩🤩🤩,Install now,http://play.google.com/store/apps/details?id=com.capslock.zinglish,"Facebook,Instagram,Audience Network,Messenger,Threads",हिंदी के मदद से English जानो 🤩🤩🤩  Sirf @₹3 में,हिंदी के मदद से English जानो 🤩🤩🤩,Install now,http://play.google.com/store/apps/details?id=com.capslock.zinglish,Video,"Facebook,Instagram,Audience Network,Messenger,Threads",1,0,9:16,https://video.fblr20-2.fna.fbcdn.net/o1/v/t2/f2/m366/AQMuqt1kW0jEJLkIDVLonv2Z4r0j6nyV7x509LP_N5y_kDOvkpHA6eH2qayr8_hS77K9hWF61X11Fi_kNYbgGQSwSnFGgqqexoWBc_Ruhby4dA.mp4?_nc_cat=102&_nc_oc=AdoxgXZeys-b_vnEgy2E1xRWRJoOFl8jHfE5Wxks-FWytgJcaRXgsMdfPwW9yLULhQByubwqn9qSoCyw-6z-TvV5&_nc_sid=b66105&_nc_ht=video.fblr20-2.fna.fbcdn.net&_nc_ohc=sqPl3J4gsRoQ7kNvwFP9zp_&efg=eyJ2ZW5jb2RlX3RhZyI6Inhwdl9wcm9ncmVzc2l2ZS5WSV9VU0VDQVNFX1BST0RVQ1RfVFlQRS4uQzMuNzIwLmRhc2hfaDI2NC1iYXNpYy1nZW4yXzcyMHAiLCJ4cHZfYXNzZXRfaWQiOjEyNjA4OTA2MDkyNTk3MzYsImFzc2V0X2FnZV9kYXlzIjoxMzYsInZpX3VzZWNhc2VfaWQiOjEwNzk5LCJkdXJhdGlvbl9zIjoyMCwidXJsZ2VuX3NvdXJjZSI6Ind3dyJ9&ccb=17-1&vs=342b7bee007f17d0&_nc_vs=HBksFQIYRWZiX2VwaGVtZXJhbC8xNTQwNTFEQzMwMkE3M0E2OTVERTA1NTAzMDJCNkE5NF9tdF8xX3ZpZGVvX2Rhc2hpbml0Lm1wNBUAAsgBEgAVAhhAZmJfcGVybWFuZW50LzZGNEU0QzU1QTNGOTJEMkI3NjU2ODgzODkxRTg4MUEzX2F1ZGlvX2Rhc2hpbml0Lm1wNBUCAsgBEgAoABgAGwKIB3VzZV9vaWwBMRJwcm9ncmVzc2l2ZV9yZWNpcGUBMRUAACaw0-yNv7G9BBUCKAJDMywXQDQ7peNT988YGWRhc2hfaDI2NC1iYXNpYy1nZW4yXzcyMHARAHUAZd6oAQA&_nc_gid=AvcZLh5bYIBXCerf9LD_QQ&_nc_ss=7f289&_nc_zt=28&oh=00_AQAG2hHFYGfo61vKAzmsKzf6VzYVjZJqtuZiRe8z4PApzQ&oe=6A4A50AE,https://scontent.fblr20-4.fna.fbcdn.net/v/t39.35426-6/637110893_1424116355920730_1126821491298157889_n.jpg?_nc_cat=101&ccb=1-7&_nc_sid=c53f8f&_nc_ohc=vKswnxvvncwQ7kNvwFb3JKz&_nc_oc=AdpwDnJchUT3YXHSUjhrc1_6UMZDtY_2q64Y2nqHSeFuHceOfDjPPOpQ2XbqCWoUYsaoACfO2sf7fJyiWR4HrU_0&_nc_zt=14&_nc_ht=scontent.fblr20-4.fna&_nc_gid=AvcZLh5bYIBXCerf9LD_QQ&_nc_ss=7f289&oh=00_AQD9h_gff9G0JVUZTUohFHwNBZOCmKdoUqZrBrS60y8okw&oe=6A4A4628,2026-07-05T12:40:14.000Z,2026-07-01,https://pub-893b4a6a607b4221a894bf861da7914e.r2.dev/1428345402211481.mp4
28,27,Zinglish,680109015195106,Zinglish,,IN,1446451490465131,https://www.facebook.com/ads/library/?id=1446451490465131,2026-03-06,,false,false,1,0,,2026-03-06,,"தமிழின் உதவியுடன் English கற்றுக்கொள்ளுங்கள் 
வெறும் ₹3-க்கே😎🤩","Tamil-லேயே, English கற்றுக்கொள்ளுங்கள்",Install now,http://play.google.com/store/apps/details?id=com.capslock.zinglish,"Facebook,Instagram,Audience Network,Messenger,Threads","தமிழின் உதவியுடன் English கற்றுக்கொள்ளுங்கள் 
வெறும் ₹3-க்கே😎🤩","Tamil-லேயே, English கற்றுக்கொள்ளுங்கள்",Install now,http://play.google.com/store/apps/details?id=com.capslock.zinglish,Video,"Facebook,Instagram,Audience Network,Messenger,Threads",1,0,9:16,https://video.fblr20-4.fna.fbcdn.net/o1/v/t2/f2/m366/AQMnuZ6DMP5kPYasMZuGUntEwuWEfAVgQk8QIDXP2vayHCEyDHfI3K0auCf2UB9chgisaTpentfJ9rqJOWLwGJDD0BPzRbCtXZ3JpHnB_66CwQ.mp4?_nc_cat=101&_nc_oc=AdpEFZy-qyUH0R55ZTSr9tHrPPrAS2QkoK6d1gYCkZo-o4TIoxkJsgSDdUHuNK9QIS0ZYWCB6MNYKn4o1LyhuVkK&_nc_sid=b66105&_nc_ht=video.fblr20-4.fna.fbcdn.net&_nc_ohc=yB2eshMlTDEQ7kNvwHyOLne&efg=eyJ2ZW5jb2RlX3RhZyI6Inhwdl9wcm9ncmVzc2l2ZS5WSV9VU0VDQVNFX1BST0RVQ1RfVFlQRS4uQzMuNzIwLmRhc2hfaDI2NC1iYXNpYy1nZW4yXzcyMHAiLCJ4cHZfYXNzZXRfaWQiOjQ0MjIyNDc2NzgwMjEwNTMsImFzc2V0X2FnZV9kYXlzIjoxMTUsInZpX3VzZWNhc2VfaWQiOjEwNzk5LCJkdXJhdGlvbl9zIjoxOCwidXJsZ2VuX3NvdXJjZSI6Ind3dyJ9&ccb=17-1&vs=2526792d903bbf84&_nc_vs=HBksFQIYRWZiX2VwaGVtZXJhbC9FMjQxMjMwQjJCOUYyQjA1MTBGN0E0N0M0Nzk0MDNCRF9tdF8xX3ZpZGVvX2Rhc2hpbml0Lm1wNBUAAsgBEgAVAhhAZmJfcGVybWFuZW50L0RBNDREQTY5REE0MjUxNzA2OUJERTA2MDQzRjBFOEFBX2F1ZGlvX2Rhc2hpbml0Lm1wNBUCAsgBEgAoABgAGwKIB3VzZV9vaWwBMRJwcm9ncmVzc2l2ZV9yZWNpcGUBMRUAACb6tqjf2IDbDxUCKAJDMywXQDJMzMzMzM0YGWRhc2hfaDI2NC1iYXNpYy1nZW4yXzcyMHARAHUAZd6oAQA&_nc_gid=AvcZLh5bYIBXCerf9LD_QQ&_nc_ss=7f289&_nc_zt=28&oh=00_AQD6pf6GKAixNLSmQtjy724H6ZO2U2Y8LOW1HyrefwJz5g&oe=6A4A227F,https://scontent.fblr20-4.fna.fbcdn.net/v/t39.35426-6/649231879_983058887384200_8618151789101285283_n.jpg?_nc_cat=106&ccb=1-7&_nc_sid=c53f8f&_nc_ohc=vnN44Tfo2MkQ7kNvwGdp6A6&_nc_oc=AdqMfaqQ0dOqyanSk1auo7-rFAl--mmGsOxhb8d7Gdz6vR92z1sWZ8sRUtppaRkiG-nmT6CnwZ2s11Qx0TJijpsa&_nc_zt=14&_nc_ht=scontent.fblr20-4.fna&_nc_gid=AvcZLh5bYIBXCerf9LD_QQ&_nc_ss=7f289&oh=00_AQDfa8kxySy4vSSpgyhcugkKpfzi9prLPFAQ4OEV6hioIQ&oe=6A4A1EE2,2026-07-05T09:23:11.000Z,2026-07-01,https://pub-893b4a6a607b4221a894bf861da7914e.r2.dev/1446451490465131.mp4
29,28,Zinglish,680109015195106,Zinglish,,IN,1915481442469221,https://www.facebook.com/ads/library/?id=1915481442469221,2026-06-25,,false,false,1,0,,2026-06-25,,ಕನ್ನಡದ ಸಹಾಯದಿಂದ English ಕಲಿಯಿರಿ — ಕೇವಲ ₹3ಕ್ಕೆ🤩,ಕನ್ನಡದ ಸಹಾಯದಿಂದ English ಕಲಿಯಿರಿ — ಕೇವಲ ₹3ಕ್ಕೆ🤩,Install now,http://play.google.com/store/apps/details?id=com.capslock.zinglish,"Facebook,Instagram,Audience Network,Messenger,Threads",ಕನ್ನಡದ ಸಹಾಯದಿಂದ English ಕಲಿಯಿರಿ — ಕೇವಲ ₹3ಕ್ಕೆ🤩,ಕನ್ನಡದ ಸಹಾಯದಿಂದ English ಕಲಿಯಿರಿ — ಕೇವಲ ₹3ಕ್ಕೆ🤩,Install now,http://play.google.com/store/apps/details?id=com.capslock.zinglish,Video,"Facebook,Instagram,Audience Network,Messenger,Threads",1,0,9:16,https://video.fblr20-3.fna.fbcdn.net/o1/v/t2/f2/m366/AQNaVwR2GOXnNqrJq8CgPavUayhRl9FLkd2CJXaPjZub1HwdqGXd8b_4y9Arc9K-9OPkD3xWaSc8OFQk-Mk_QSqwk_KQ-j73Nu18OEBTexAY4g.mp4?_nc_cat=105&_nc_oc=Adrmrk0kJhyE8WUl-SO92IKC3bCIA459-5AKIxkPHC1nZLezQmYBbUsIxRGkHX03GFgBKz-ErptONpnXF13RvMHC&_nc_sid=b66105&_nc_ht=video.fblr20-3.fna.fbcdn.net&_nc_ohc=InHdENiwl5cQ7kNvwGVwF4W&efg=eyJ2ZW5jb2RlX3RhZyI6Inhwdl9wcm9ncmVzc2l2ZS5WSV9VU0VDQVNFX1BST0RVQ1RfVFlQRS4uQzMuNzIwLmRhc2hfaDI2NC1iYXNpYy1nZW4yXzcyMHAiLCJ4cHZfYXNzZXRfaWQiOjE0NTEyMzIyMjM3MDU2NzksImFzc2V0X2FnZV9kYXlzIjo0LCJ2aV91c2VjYXNlX2lkIjoxMDc5OSwiZHVyYXRpb25fcyI6MjEsInVybGdlbl9zb3VyY2UiOiJ3d3cifQ%3D%3D&ccb=17-1&vs=e77c041d3103f9d4&_nc_vs=HBksFQIYRWZiX2VwaGVtZXJhbC83MTQ0NTZBRDA2OTI4MDg1MzQ2MzE1MjBBMzNDNjRBRl9tdF8xX3ZpZGVvX2Rhc2hpbml0Lm1wNBUAAsgBEgAVAhhAZmJfcGVybWFuZW50L0MzNDkyNUVEMDA3RjVDMkY3NjE0NjI0NUE4ODI1M0IxX2F1ZGlvX2Rhc2hpbml0Lm1wNBUCAsgBEgAoABgAGwKIB3VzZV9vaWwBMRJwcm9ncmVzc2l2ZV9yZWNpcGUBMRUAACae6fHS6viTBRUCKAJDMywXQDUeuFHrhR8YGWRhc2hfaDI2NC1iYXNpYy1nZW4yXzcyMHARAHUAZd6oAQA&_nc_gid=AvcZLh5bYIBXCerf9LD_QQ&_nc_ss=7f289&_nc_zt=28&oh=00_AQBzWxx-Y-w30hP0lpYyY7JdPWeOCA4Tw51iUdoriZVnww&oe=6A4A4D47,https://scontent.fblr20-2.fna.fbcdn.net/v/t39.35426-6/729260212_27657147220577336_4168319282275563596_n.jpg?_nc_cat=104&ccb=1-7&_nc_sid=c53f8f&_nc_ohc=kGIqCVki9UsQ7kNvwGIaXHJ&_nc_oc=AdoHRQJVsdQQ9z3l7nQDn_9VeAKKS1gEK_wIWQ8Kquf0JQ1xC9yCnaZfN_HJTwTYUPdiRpa91K55xWe2WTAwqxLp&_nc_zt=14&_nc_ht=scontent.fblr20-2.fna&_nc_gid=AvcZLh5bYIBXCerf9LD_QQ&_nc_ss=7f289&oh=00_AQCdmN2P9LGUSTGCEHADds1N68yUiX-38gpX6h04DeNS8A&oe=6A4A2825,2026-07-05T12:25:43.000Z,2026-07-01,https://pub-893b4a6a607b4221a894bf861da7914e.r2.dev/1915481442469221.mp4
30,29,Zinglish,680109015195106,Zinglish,,IN,834079296351372,https://www.facebook.com/ads/library/?id=834079296351372,2026-02-20,,false,false,1,0,,2026-02-20,,हिंदी के मदद से English जानो 🤩🤩🤩  Sirf @₹3 में,हिंदी के मदद से English जानो 🤩🤩🤩,Install now,http://play.google.com/store/apps/details?id=com.capslock.zinglish,"Facebook,Instagram,Audience Network,Messenger,Threads",हिंदी के मदद से English जानो 🤩🤩🤩  Sirf @₹3 में,हिंदी के मदद से English जानो 🤩🤩🤩,Install now,http://play.google.com/store/apps/details?id=com.capslock.zinglish,Video,"Facebook,Instagram,Audience Network,Messenger,Threads",1,0,9:16,https://video.fblr20-5.fna.fbcdn.net/o1/v/t2/f2/m366/AQPJ7thFkzAmI0wgFbym0a5arXQrCF2XjSzJZyCskJPVkixw0YtI2tUjIW2-OFEJMWIMppaN2MJqVqQpU6a-puvhFXuGbAVfcF44S7poX79uHw.mp4?_nc_cat=107&_nc_oc=Adocq4Ui960gu4o_RwP5xkVoUMvtoxHRDKLfInQnUiGQu0BSh7uZpDIqKsAHGi0lqogTFsVhlrrph7dQNJlZ8NB7&_nc_sid=b66105&_nc_ht=video.fblr20-5.fna.fbcdn.net&_nc_ohc=349Pka8k9GsQ7kNvwGdSbpP&efg=eyJ2ZW5jb2RlX3RhZyI6Inhwdl9wcm9ncmVzc2l2ZS5WSV9VU0VDQVNFX1BST0RVQ1RfVFlQRS4uQzMuNzIwLmRhc2hfaDI2NC1iYXNpYy1nZW4yXzcyMHAiLCJ4cHZfYXNzZXRfaWQiOjE2MTcyMzU3OTkyOTEzNTQsImFzc2V0X2FnZV9kYXlzIjoxMjksInZpX3VzZWNhc2VfaWQiOjEwNzk5LCJkdXJhdGlvbl9zIjoxMiwidXJsZ2VuX3NvdXJjZSI6Ind3dyJ9&ccb=17-1&vs=f8df06ca43c49a36&_nc_vs=HBksFQIYRWZiX2VwaGVtZXJhbC8zRTRDMzJBNEFGODFBOEE3M0IyRTZGQzlEODhCQkQ4NF9tdF8xX3ZpZGVvX2Rhc2hpbml0Lm1wNBUAAsgBEgAVAhhAZmJfcGVybWFuZW50LzhBNDY4MzEwRUJCQzA2QkY4Qzc4MENDNDY1QTRDOUJDX2F1ZGlvX2Rhc2hpbml0Lm1wNBUCAsgBEgAoABgAGwKIB3VzZV9vaWwBMRJwcm9ncmVzc2l2ZV9yZWNpcGUBMRUAACa0163VwbffBRUCKAJDMywXQCmZmZmZmZoYGWRhc2hfaDI2NC1iYXNpYy1nZW4yXzcyMHARAHUAZd6oAQA&_nc_gid=AvcZLh5bYIBXCerf9LD_QQ&_nc_ss=7f289&_nc_zt=28&oh=00_AQCvlplWVFrHUlrGoEZXHUJ-h1ga6kvhiGbI-PJcCXyW8w&oe=6A4A39B5,https://scontent.fblr20-3.fna.fbcdn.net/v/t39.35426-6/639024721_1819690855384678_1629235064926106485_n.jpg?_nc_cat=105&ccb=1-7&_nc_sid=c53f8f&_nc_ohc=Ak0M3qcpgOEQ7kNvwG4aXEt&_nc_oc=AdqHU3zkjq70AGdx354oyrIG4tD1cvCP-oJahB0vXzQZ3UGXRnsPjXpeeK3MsTJjrm96DwXRkVPPXqTmcgdYIha0&_nc_zt=14&_nc_ht=scontent.fblr20-3.fna&_nc_gid=AvcZLh5bYIBXCerf9LD_QQ&_nc_ss=7f289&oh=00_AQCKx1ITnEH_fi4QvNYVllcxq4zMGwu3oSwqPsjSDOuQaQ&oe=6A4A28C0,2026-07-05T11:02:13.000Z,2026-07-01,https://pub-893b4a6a607b4221a894bf861da7914e.r2.dev/834079296351372.mp4
31,30,Zinglish,680109015195106,Zinglish,,IN,3617570145068556,https://www.facebook.com/ads/library/?id=3617570145068556,2026-06-25,,false,false,1,0,,2026-06-25,,Telugu help tho English matladandi 🤩 Only ₹3 lo 😎🤩,Telugu help tho English matladandi 🤩 Only ₹3 lo 😎🤩,Install now,http://play.google.com/store/apps/details?id=com.capslock.zinglish,"Facebook,Instagram,Audience Network,Messenger,Threads",Telugu help tho English matladandi 🤩 Only ₹3 lo 😎🤩,Telugu help tho English matladandi 🤩 Only ₹3 lo 😎🤩,Install now,http://play.google.com/store/apps/details?id=com.capslock.zinglish,Video,"Facebook,Instagram,Audience Network,Messenger,Threads",1,0,9:16,https://video.fblr20-1.fna.fbcdn.net/o1/v/t2/f2/m366/AQMCRDMtI60nJT2HT6UMRtLl2JBJG5VipWMRp-oX1LjPgOiqe38o0oGjAyVrX4lmJdwV_9IQeqTlbLyl_WwdaO4BFs2y-OMdE7rnygSwcw3kmw.mp4?_nc_cat=110&_nc_oc=AdrSYFy2EeQ1lNJoykx4NGwN2Ua-OpHzJ5eIWXAlxr1xhqibhTJnrQ_ICmpwPeSny94I4u23Spek4d-efbBG0eMZ&_nc_sid=b66105&_nc_ht=video.fblr20-1.fna.fbcdn.net&_nc_ohc=pgMuWxc7VUUQ7kNvwE-JQuR&efg=eyJ2ZW5jb2RlX3RhZyI6Inhwdl9wcm9ncmVzc2l2ZS5WSV9VU0VDQVNFX1BST0RVQ1RfVFlQRS4uQzMuNzIwLmRhc2hfaDI2NC1iYXNpYy1nZW4yXzcyMHAiLCJ4cHZfYXNzZXRfaWQiOjE4Mzc0NjEwMjA1NjQ3NzgsImFzc2V0X2FnZV9kYXlzIjo0LCJ2aV91c2VjYXNlX2lkIjoxMDc5OSwiZHVyYXRpb25fcyI6MTgsInVybGdlbl9zb3VyY2UiOiJ3d3cifQ%3D%3D&ccb=17-1&vs=bd8da18d56231b8f&_nc_vs=HBksFQIYRWZiX2VwaGVtZXJhbC82RDRBM0M2MjMyOTVDNTlGOThBQTc3MTE0REY1OTA5N19tdF8xX3ZpZGVvX2Rhc2hpbml0Lm1wNBUAAsgBEgAVAhhAZmJfcGVybWFuZW50L0M5NDVBNEY1Qzg0OUJDRTU5NThBMjUzNTQ1QjQ5NzlCX2F1ZGlvX2Rhc2hpbml0Lm1wNBUCAsgBEgAoABgAGwKIB3VzZV9vaWwBMRJwcm9ncmVzc2l2ZV9yZWNpcGUBMRUAACbU9Nq2p8rDBhUCKAJDMywXQDKj1wo9cKQYGWRhc2hfaDI2NC1iYXNpYy1nZW4yXzcyMHARAHUAZd6oAQA&_nc_gid=-cc8lGRfMb4rJbMQtTOR9w&_nc_ss=7f289&_nc_zt=28&oh=00_AQA7LRTFzresrcnB5sjgF_Vatq8RsZSuw6xxcf39g0NxJQ&oe=6A4A1F9E,https://scontent.fblr20-1.fna.fbcdn.net/v/t39.35426-6/731843615_866217943226068_183244550191968921_n.jpg?_nc_cat=108&ccb=1-7&_nc_sid=c53f8f&_nc_ohc=1caKtvPGP3cQ7kNvwFeKDa1&_nc_oc=Adpgj8KFxQ7itTYrqPrvr2vwME2XNgICZdKJ6Vc10jp1H_vQOZhEa4DUhaDiUBUMYIz93vioTfPISkI2inGMb3CJ&_nc_zt=14&_nc_ht=scontent.fblr20-1.fna&_nc_gid=-cc8lGRfMb4rJbMQtTOR9w&_nc_ss=7f289&oh=00_AQBtg9epV76BGXQCIsdDKVyqn2HGfGVUr4U4AUEml929SQ&oe=6A4A3BB4,2026-07-05T09:10:54.000Z,2026-07-01,https://pub-893b4a6a607b4221a894bf861da7914e.r2.dev/3617570145068556.mp4
32,31,Zinglish,680109015195106,Zinglish,,IN,906064629056046,https://www.facebook.com/ads/library/?id=906064629056046,2026-03-06,,false,false,1,0,,2026-03-06,,"தமிழின் உதவியுடன் English கற்றுக்கொள்ளுங்கள் 
வெறும் ₹3-க்கே😎🤩","Tamil-லேயே, English கற்றுக்கொள்ளுங்கள்",Install now,http://play.google.com/store/apps/details?id=com.capslock.zinglish,"Facebook,Instagram,Audience Network,Messenger,Threads","தமிழின் உதவியுடன் English கற்றுக்கொள்ளுங்கள் 
வெறும் ₹3-க்கே😎🤩","Tamil-லேயே, English கற்றுக்கொள்ளுங்கள்",Install now,http://play.google.com/store/apps/details?id=com.capslock.zinglish,Video,"Facebook,Instagram,Audience Network,Messenger,Threads",1,0,9:16,https://video.fblr20-2.fna.fbcdn.net/o1/v/t2/f2/m366/AQPXFRZufJJTmwGKW-Bk9Zf-RiqpdOsEpgWGwk6kMnW9REnLRlFk40PoPGuK_oeJv1eY4dMt_XRPToVK5DwdjrmHPYGTmFgg9lG9152XQcVQOA.mp4?_nc_cat=111&_nc_oc=AdqUwLvRDjyeMvrpzTsMKVLAMviP_hwk9wxD_OyRZWxqoIDUiZRn9tSVWwEC4i-5EZ96Y-OWadnbze2AwecNC2J5&_nc_sid=b66105&_nc_ht=video.fblr20-2.fna.fbcdn.net&_nc_ohc=S4KCoEd9UX0Q7kNvwGJIrlM&efg=eyJ2ZW5jb2RlX3RhZyI6Inhwdl9wcm9ncmVzc2l2ZS5WSV9VU0VDQVNFX1BST0RVQ1RfVFlQRS4uQzMuNzIwLmRhc2hfaDI2NC1iYXNpYy1nZW4yXzcyMHAiLCJ4cHZfYXNzZXRfaWQiOjc1ODAzODU5MDQ3MzAxNiwiYXNzZXRfYWdlX2RheXMiOjExNSwidmlfdXNlY2FzZV9pZCI6MTA3OTksImR1cmF0aW9uX3MiOjE5LCJ1cmxnZW5fc291cmNlIjoid3d3In0%3D&ccb=17-1&vs=ab543d6be58a583c&_nc_vs=HBksFQIYRWZiX2VwaGVtZXJhbC9BNjQ4MjE0NUI4M0Y3RjM0MjJBRUE5RjU3NDhFMDE4NV9tdF8xX3ZpZGVvX2Rhc2hpbml0Lm1wNBUAAsgBEgAVAhhAZmJfcGVybWFuZW50L0MwNEE3NkVBMTczQTc4NjNBMTIzQkE3NDExQUFEM0E3X2F1ZGlvX2Rhc2hpbml0Lm1wNBUCAsgBEgAoABgAGwKIB3VzZV9vaWwBMRJwcm9ncmVzc2l2ZV9yZWNpcGUBMRUAACbwjMrO09vYAhUCKAJDMywXQDOAAAAAAAAYGWRhc2hfaDI2NC1iYXNpYy1nZW4yXzcyMHARAHUAZd6oAQA&_nc_gid=-cc8lGRfMb4rJbMQtTOR9w&_nc_ss=7f289&_nc_zt=28&oh=00_AQCgsZi_o8SV1fZ1L-6HZvGwrUIxiZLELQtoQ0lcbRJMhg&oe=6A4A1F75,https://scontent.fblr20-1.fna.fbcdn.net/v/t39.35426-6/647377393_1992293408383784_5084997895350916420_n.jpg?_nc_cat=108&ccb=1-7&_nc_sid=c53f8f&_nc_ohc=6w2QqmYk34kQ7kNvwHX0AJG&_nc_oc=Adp5eMGwILp4JLOZcohTTjGo93MYoiorwpj4xxEphBAXytoSveaklltgknDMsVbQ1-H2CGtmPRnj2GxLpF1BHc3p&_nc_zt=14&_nc_ht=scontent.fblr20-1.fna&_nc_gid=-cc8lGRfMb4rJbMQtTOR9w&_nc_ss=7f289&oh=00_AQCs1kHZWTawlmlDfYKXr-oRMVIFGYBMKowhlUxELUgsug&oe=6A4A3294,2026-07-05T09:10:13.000Z,2026-07-01,https://pub-893b4a6a607b4221a894bf861da7914e.r2.dev/906064629056046.mp4
33,32,Zinglish,680109015195106,Zinglish,,IN,1371246008207269,https://www.facebook.com/ads/library/?id=1371246008207269,2026-06-28,,false,false,1,0,,2026-06-28,,"தமிழின் உதவியுடன் English கற்றுக்கொள்ளுங்கள் 
வெறும் ₹3-க்கே😎🤩","Tamil-லேயே, English கற்றுக்கொள்ளுங்கள்",Install now,http://play.google.com/store/apps/details?id=com.capslock.zinglish,"Facebook,Instagram,Audience Network,Messenger,Threads","தமிழின் உதவியுடன் English கற்றுக்கொள்ளுங்கள் 
வெறும் ₹3-க்கே😎🤩","Tamil-லேயே, English கற்றுக்கொள்ளுங்கள்",Install now,http://play.google.com/store/apps/details?id=com.capslock.zinglish,Video,"Facebook,Instagram,Audience Network,Messenger,Threads",1,0,9:16,https://video.fblr20-4.fna.fbcdn.net/o1/v/t2/f2/m366/AQOc6BVsq2q9Zim9JT-ZHqLuLzxaRWETy8P9krj-B0O6R1yUer27EGj1RoiUs0noqIDtrs5BQWnSwM9FxlQHRCcN3R5JsgXC9kCN-bNP-Tt_dQ.mp4?_nc_cat=101&_nc_oc=AdqdmF0cyxFsYoRCJ_BKFs4awR14XyWPr43GzoHDsIg69MxrXxUav-m-uoQjBQ4G9Q21dyHZZ2nUBh7Wk-LsxcKN&_nc_sid=b66105&_nc_ht=video.fblr20-4.fna.fbcdn.net&_nc_ohc=x8JYKaFfppEQ7kNvwGNtnE7&efg=eyJ2ZW5jb2RlX3RhZyI6Inhwdl9wcm9ncmVzc2l2ZS5WSV9VU0VDQVNFX1BST0RVQ1RfVFlQRS4uQzMuNzIwLmRhc2hfaDI2NC1iYXNpYy1nZW4yXzcyMHAiLCJ4cHZfYXNzZXRfaWQiOjE4MjA5OTIxMzIyMDY4ODIsImFzc2V0X2FnZV9kYXlzIjo0LCJ2aV91c2VjYXNlX2lkIjoxMDc5OSwiZHVyYXRpb25fcyI6MTUsInVybGdlbl9zb3VyY2UiOiJ3d3cifQ%3D%3D&ccb=17-1&vs=6068060d9db3e72b&_nc_vs=HBksFQIYRWZiX2VwaGVtZXJhbC9BRTRGREU5NDlCRTRCNzBGRjU3QzJGNDg5MzE4MjNCNF9tdF8xX3ZpZGVvX2Rhc2hpbml0Lm1wNBUAAsgBEgAVAhhAZmJfcGVybWFuZW50LzQ5NDVBQ0UwN0U4NDZGRjAyRjExM0JBM0NFN0EwNDg0X2F1ZGlvX2Rhc2hpbml0Lm1wNBUCAsgBEgAoABgAGwKIB3VzZV9vaWwBMRJwcm9ncmVzc2l2ZV9yZWNpcGUBMRUAACbExO7S2Iu8BhUCKAJDMywXQC5mZmZmZmYYGWRhc2hfaDI2NC1iYXNpYy1nZW4yXzcyMHARAHUAZd6oAQA&_nc_gid=-cc8lGRfMb4rJbMQtTOR9w&_nc_ss=7f289&_nc_zt=28&oh=00_AQCnuctxcyfGtbKjzMtL2pRG6ZDKgqRworElfTAvbNd1lg&oe=6A4A1FEB,https://scontent.fblr20-4.fna.fbcdn.net/v/t39.35426-6/735150122_1526605392287571_4581676269307098988_n.jpg?_nc_cat=106&ccb=1-7&_nc_sid=c53f8f&_nc_ohc=D98TmIM1MVYQ7kNvwEZISSw&_nc_oc=AdrMDZTr06lnEjwM9BUNgDrFuGhl67hIwoNPI_mVhhc0Xu279yXDuVURkrqp7oH65oY_dsXHu1kfJuk8LHaC7nXL&_nc_zt=14&_nc_ht=scontent.fblr20-4.fna&_nc_gid=-cc8lGRfMb4rJbMQtTOR9w&_nc_ss=7f289&oh=00_AQBqHDqHunHmcGE4VmWwJJq2tmWJnpl_39copR8NNFZMuQ&oe=6A4A2BFC,2026-07-05T09:12:11.000Z,2026-07-01,https://pub-893b4a6a607b4221a894bf861da7914e.r2.dev/1371246008207269.mp4
34,33,Zinglish,680109015195106,Zinglish,,IN,1241603491508608,https://www.facebook.com/ads/library/?id=1241603491508608,2026-03-04,,false,false,1,0,,2026-03-04,,"தமிழின் உதவியுடன் English கற்றுக்கொள்ளுங்கள் 
வெறும் ₹3-க்கே😎🤩","Tamil-லேயே, English கற்றுக்கொள்ளுங்கள்",Install now,http://play.google.com/store/apps/details?id=com.capslock.zinglish,"Facebook,Instagram,Audience Network,Messenger,Threads","தமிழின் உதவியுடன் English கற்றுக்கொள்ளுங்கள் 
வெறும் ₹3-க்கே😎🤩","Tamil-லேயே, English கற்றுக்கொள்ளுங்கள்",Install now,http://play.google.com/store/apps/details?id=com.capslock.zinglish,Video,"Facebook,Instagram,Audience Network,Messenger,Threads",1,0,9:16,https://video.fblr20-3.fna.fbcdn.net/o1/v/t2/f2/m366/AQMFPER27D1cEYOVuXr8uvuxgibYv7M72M3RqJzO_hzEFujLZZ1rqPdzU_JQzc2L5cux1Xtnm-ZEDKNCPn00Ew96PI6q26yzKmGeEsT5XcTSqA.mp4?_nc_cat=109&_nc_oc=Ado-lyLPMP0KyatXCZcIQRVXhFf3emB-NlzGbItbNh1Dc0H4SjrR3tt3wI93rogaDTo-G2bkcjqiIJhYDC7dkb7f&_nc_sid=b66105&_nc_ht=video.fblr20-3.fna.fbcdn.net&_nc_ohc=fzAfsiEvVv8Q7kNvwFsfvDj&efg=eyJ2ZW5jb2RlX3RhZyI6Inhwdl9wcm9ncmVzc2l2ZS5WSV9VU0VDQVNFX1BST0RVQ1RfVFlQRS4uQzMuNzIwLmRhc2hfaDI2NC1iYXNpYy1nZW4yXzcyMHAiLCJ4cHZfYXNzZXRfaWQiOjE0MjY0NDUwNTE5NzgxNDIsImFzc2V0X2FnZV9kYXlzIjoxMTcsInZpX3VzZWNhc2VfaWQiOjEwNzk5LCJkdXJhdGlvbl9zIjoyMCwidXJsZ2VuX3NvdXJjZSI6Ind3dyJ9&ccb=17-1&vs=cf7d4e6c570e189d&_nc_vs=HBksFQIYRWZiX2VwaGVtZXJhbC80NTQ5M0QzNTdENTU1NzQyODI2M0EwRUIyQTkzQ0Y5OF9tdF8xX3ZpZGVvX2Rhc2hpbml0Lm1wNBUAAsgBEgAVAhhAZmJfcGVybWFuZW50L0MwNERDOUFDNTVDRDg0RkRDQjNBQTRENUVFRDc3MUE0X2F1ZGlvX2Rhc2hpbml0Lm1wNBUCAsgBEgAoABgAGwKIB3VzZV9vaWwBMRJwcm9ncmVzc2l2ZV9yZWNpcGUBMRUAACa8huvpg9aIBRUCKAJDMywXQDREGJN0vGoYGWRhc2hfaDI2NC1iYXNpYy1nZW4yXzcyMHARAHUAZd6oAQA&_nc_gid=-cc8lGRfMb4rJbMQtTOR9w&_nc_ss=7f289&_nc_zt=28&oh=00_AQDY2maBmXmqJVYcdRorrH2X63Pzbf4xnrOhnTNZW07Bsw&oe=6A4A1C77,https://scontent.fblr20-4.fna.fbcdn.net/v/t39.35426-6/646430413_1183311573699912_3349922450892618980_n.jpg?_nc_cat=106&ccb=1-7&_nc_sid=c53f8f&_nc_ohc=UP0zW-f1MK4Q7kNvwFg75vM&_nc_oc=Adpdl3mmNUMf13xUmKPQDe9qRTeLs0Ln1aBbloZTOnLmlPHWFOSAGdEQodJ4_6q5Z79xgaoK71kL2CLyB3zFFORy&_nc_zt=14&_nc_ht=scontent.fblr20-4.fna&_nc_gid=-cc8lGRfMb4rJbMQtTOR9w&_nc_ss=7f289&oh=00_AQAsmeTxyG-hT3nKBbk-ccuQ03apg9-EHm_sMvrhZTslBA&oe=6A4A1D28,2026-07-05T08:57:27.000Z,2026-07-01,https://pub-893b4a6a607b4221a894bf861da7914e.r2.dev/1241603491508608.mp4
35,34,Zinglish,680109015195106,Zinglish,,IN,2281084739367762,https://www.facebook.com/ads/library/?id=2281084739367762,2026-06-25,,false,false,1,0,,2026-06-25,,ಕನ್ನಡದ ಸಹಾಯದಿಂದ English ಕಲಿಯಿರಿ — ಕೇವಲ ₹3ಕ್ಕೆ🤩,ಕನ್ನಡದ ಸಹಾಯದಿಂದ English ಕಲಿಯಿರಿ — ಕೇವಲ ₹3ಕ್ಕೆ🤩,Install now,http://play.google.com/store/apps/details?id=com.capslock.zinglish,"Facebook,Instagram,Audience Network,Messenger,Threads",ಕನ್ನಡದ ಸಹಾಯದಿಂದ English ಕಲಿಯಿರಿ — ಕೇವಲ ₹3ಕ್ಕೆ🤩,ಕನ್ನಡದ ಸಹಾಯದಿಂದ English ಕಲಿಯಿರಿ — ಕೇವಲ ₹3ಕ್ಕೆ🤩,Install now,http://play.google.com/store/apps/details?id=com.capslock.zinglish,Video,"Facebook,Instagram,Audience Network,Messenger,Threads",1,0,9:16,https://video.fblr20-4.fna.fbcdn.net/o1/v/t2/f2/m366/AQNeUN6T8ktuFWT-D9q_Lkfos7WDpe-o3_u37Z5nxX-WrF9EoNzm1dYjAI2TSLHoTeOR7Ty5XGyfpgX-l2bLZ4KMMupwLk0NiYDeHXce6jy1Dg.mp4?_nc_cat=103&_nc_oc=AdrclUTs9gVlto_4uBNkcBZ6m8iJiIP8ccxL9aT7vlgEx_rSMtvtDls39zusk1kLFk8UzgKpNjb9Db1e5-BU-mJW&_nc_sid=b66105&_nc_ht=video.fblr20-4.fna.fbcdn.net&_nc_ohc=X00mB6OCUDYQ7kNvwG6ZYtd&efg=eyJ2ZW5jb2RlX3RhZyI6Inhwdl9wcm9ncmVzc2l2ZS5WSV9VU0VDQVNFX1BST0RVQ1RfVFlQRS4uQzMuNzIwLmRhc2hfaDI2NC1iYXNpYy1nZW4yXzcyMHAiLCJ4cHZfYXNzZXRfaWQiOjEwNjA2ODU3ODMxOTM1NTYsImFzc2V0X2FnZV9kYXlzIjo0LCJ2aV91c2VjYXNlX2lkIjoxMDc5OSwiZHVyYXRpb25fcyI6MjEsInVybGdlbl9zb3VyY2UiOiJ3d3cifQ%3D%3D&ccb=17-1&vs=84c1d6cbcd45563f&_nc_vs=HBksFQIYRWZiX2VwaGVtZXJhbC80NzQ5NDYxMTdEQTU3REYzMjUyMzMwQUM2MTVGN0Y4Ml9tdF8xX3ZpZGVvX2Rhc2hpbml0Lm1wNBUAAsgBEgAVAhhAZmJfcGVybWFuZW50L0Y4NEFCMjBCQjhEQ0ZFOUJFOUM1ODAyMEQ5Qjg2NkI2X2F1ZGlvX2Rhc2hpbml0Lm1wNBUCAsgBEgAoABgAGwKIB3VzZV9vaWwBMRJwcm9ncmVzc2l2ZV9yZWNpcGUBMRUAACao35r1hKziAxUCKAJDMywXQDVmZmZmZmYYGWRhc2hfaDI2NC1iYXNpYy1nZW4yXzcyMHARAHUAZd6oAQA&_nc_gid=-cc8lGRfMb4rJbMQtTOR9w&_nc_ss=7f289&_nc_zt=28&oh=00_AQC_L_nJYTxOcwcFLaqNKYjMvdMV18UEKe1AoetegT3mYw&oe=6A4A4D79,https://scontent.fblr20-4.fna.fbcdn.net/v/t39.35426-6/730491459_988537540478229_375955426101905290_n.jpg?_nc_cat=106&ccb=1-7&_nc_sid=c53f8f&_nc_ohc=eq06Q8oL_MAQ7kNvwEJMf4f&_nc_oc=AdrIO5pTY1eGSx2t0KnK40RISCP1araEh6UWenVgN9TXTwVklBk6M1z-KYcdyGlghnzaL7pw5bsL-UYtIIA9QMTn&_nc_zt=14&_nc_ht=scontent.fblr20-4.fna&_nc_gid=-cc8lGRfMb4rJbMQtTOR9w&_nc_ss=7f289&oh=00_AQB28ePtAu567CKPhwc4EX4yxD7x5tACm3aHuZG36-ToKw&oe=6A4A32BB,2026-07-05T12:26:33.000Z,2026-07-01,https://pub-893b4a6a607b4221a894bf861da7914e.r2.dev/2281084739367762.mp4
36,35,Zinglish,680109015195106,Zinglish,,IN,1002482605756265,https://www.facebook.com/ads/library/?id=1002482605756265,2026-06-25,,false,false,1,0,,2026-06-25,,Telugu help tho English matladandi 🤩 Only ₹3 lo 😎🤩,Telugu help tho English matladandi 🤩 Only ₹3 lo 😎🤩,Install now,http://play.google.com/store/apps/details?id=com.capslock.zinglish,"Facebook,Instagram,Audience Network,Messenger,Threads",Telugu help tho English matladandi 🤩 Only ₹3 lo 😎🤩,Telugu help tho English matladandi 🤩 Only ₹3 lo 😎🤩,Install now,http://play.google.com/store/apps/details?id=com.capslock.zinglish,Video,"Facebook,Instagram,Audience Network,Messenger,Threads",1,0,9:16,https://video.fblr20-1.fna.fbcdn.net/o1/v/t2/f2/m366/AQMrd83Hwy4attYu5c3SU-8y-WrBKSV9-8XeinqxGr_WMYCE9YWSSEl2l6gI8QI4ZcoP3RFkpK3gOb8Va5ORgboTE6jJtXKT35oX1iEgQsKt-A.mp4?_nc_cat=108&_nc_oc=Adp403MwxgCOzbmqernBp26WkomEOkfK3BMzmI_wOYw3PaaYFOkR0Y4KVJ-F9OEL_5KkNAnv-pQDWEP6Xx8M0WQ0&_nc_sid=b66105&_nc_ht=video.fblr20-1.fna.fbcdn.net&_nc_ohc=04pX8oJjr1MQ7kNvwFYzbqg&efg=eyJ2ZW5jb2RlX3RhZyI6Inhwdl9wcm9ncmVzc2l2ZS5WSV9VU0VDQVNFX1BST0RVQ1RfVFlQRS4uQzMuNzIwLmRhc2hfaDI2NC1iYXNpYy1nZW4yXzcyMHAiLCJ4cHZfYXNzZXRfaWQiOjEzNjk5MzczNTgzNTQ4OTgsImFzc2V0X2FnZV9kYXlzIjo0LCJ2aV91c2VjYXNlX2lkIjoxMDc5OSwiZHVyYXRpb25fcyI6MTcsInVybGdlbl9zb3VyY2UiOiJ3d3cifQ%3D%3D&ccb=17-1&vs=1a5935ebfd6316eb&_nc_vs=HBksFQIYRWZiX2VwaGVtZXJhbC81NDQ5MjlBOUUzREM5QzNENTg2MjEyNzYzQTUxMDU4OF9tdF8xX3ZpZGVvX2Rhc2hpbml0Lm1wNBUAAsgBEgAVAhhAZmJfcGVybWFuZW50LzEyNENCQjJDQzYzNzYxQTQ4NDU3NDE2Q0VFQ0Y2QkJEX2F1ZGlvX2Rhc2hpbml0Lm1wNBUCAsgBEgAoABgAGwKIB3VzZV9vaWwBMRJwcm9ncmVzc2l2ZV9yZWNpcGUBMRUAACak59_Z7PzuBBUCKAJDMywXQDHhR64UeuEYGWRhc2hfaDI2NC1iYXNpYy1nZW4yXzcyMHARAHUAZd6oAQA&_nc_gid=-cc8lGRfMb4rJbMQtTOR9w&_nc_ss=7f289&_nc_zt=28&oh=00_AQCyaMCDmFGrvX3tvKhMDSr6eJNiLge4g8DPvJhl8h9fiA&oe=6A4A3088,https://scontent.fblr20-5.fna.fbcdn.net/v/t39.35426-6/730294723_1378838250799899_2663043008510408823_n.jpg?_nc_cat=107&ccb=1-7&_nc_sid=c53f8f&_nc_ohc=jgHagsOkSpMQ7kNvwF_3NF9&_nc_oc=AdpdAasbZoPQrFJ3ac1U-QFw42_YLOHfgQZBZ7ddDgdzFF5cAMA0vk7N7smdbzYeYqnhB-2yTiZDYb1TBSTFnxfo&_nc_zt=14&_nc_ht=scontent.fblr20-5.fna&_nc_gid=-cc8lGRfMb4rJbMQtTOR9w&_nc_ss=7f289&oh=00_AQB_x1julrTTFFUuZvcg_drASrU-Ce7mmkyHVu2SwTsg6Q&oe=6A4A37B5,2026-07-05T10:23:04.000Z,2026-07-01,https://pub-893b4a6a607b4221a894bf861da7914e.r2.dev/1002482605756265.mp4
37,36,Zinglish,680109015195106,Zinglish,,IN,1424324155822363,https://www.facebook.com/ads/library/?id=1424324155822363,2026-03-05,,false,false,1,0,,2026-03-05,,हिंदी के मदद से English जानो 🤩🤩🤩  Sirf @₹3 में,हिंदी के मदद से English जानो 🤩🤩🤩,Install now,http://play.google.com/store/apps/details?id=com.capslock.zinglish,"Facebook,Instagram,Audience Network,Messenger,Threads",हिंदी के मदद से English जानो 🤩🤩🤩  Sirf @₹3 में,हिंदी के मदद से English जानो 🤩🤩🤩,Install now,http://play.google.com/store/apps/details?id=com.capslock.zinglish,Video,"Facebook,Instagram,Audience Network,Messenger,Threads",1,0,9:16,https://video.fblr20-4.fna.fbcdn.net/o1/v/t2/f2/m366/AQN1sf_icD2tufRaT84NRJe1j7bAJV03Dn3EVFwhv1ffS3sZp_OW8S9Sx-tvr2PuZrPMjQxZUGvTY8mYbHAW8lXJpGRI-r9Cd7bO-DOfvGEjnA.mp4?_nc_cat=101&_nc_oc=AdoWHmR9r10IPbxueDQkce-3PQFF_RAvosx-8abjNSf4bao-QacfCz9TiRUoi4XcJL_CP26FK9Zsttsd15chOnPf&_nc_sid=b66105&_nc_ht=video.fblr20-4.fna.fbcdn.net&_nc_ohc=pZppys7Rj54Q7kNvwHK8ozD&efg=eyJ2ZW5jb2RlX3RhZyI6Inhwdl9wcm9ncmVzc2l2ZS5WSV9VU0VDQVNFX1BST0RVQ1RfVFlQRS4uQzMuNzIwLmRhc2hfaDI2NC1iYXNpYy1nZW4yXzcyMHAiLCJ4cHZfYXNzZXRfaWQiOjg5Mzg5OTE4NjgyMzM0MywiYXNzZXRfYWdlX2RheXMiOjExNiwidmlfdXNlY2FzZV9pZCI6MTA3OTksImR1cmF0aW9uX3MiOjEyLCJ1cmxnZW5fc291cmNlIjoid3d3In0%3D&ccb=17-1&vs=7d22f24457d0656f&_nc_vs=HBksFQIYRWZiX2VwaGVtZXJhbC9GMDQyRkVBRjczNkFDM0FEODI4Q0Y3RTlBMEZFNzU5NV9tdF8xX3ZpZGVvX2Rhc2hpbml0Lm1wNBUAAsgBEgAVAhhAZmJfcGVybWFuZW50L0Q2NDAwMUYzQkY0QjA5RDE0OEQ2NjZDMzI5RjlDNkI3X2F1ZGlvX2Rhc2hpbml0Lm1wNBUCAsgBEgAoABgAGwKIB3VzZV9vaWwBMRJwcm9ncmVzc2l2ZV9yZWNpcGUBMRUAACbegvf347-WAxUCKAJDMywXQCnMzMzMzM0YGWRhc2hfaDI2NC1iYXNpYy1nZW4yXzcyMHARAHUAZd6oAQA&_nc_gid=-cc8lGRfMb4rJbMQtTOR9w&_nc_ss=7f289&_nc_zt=28&oh=00_AQAcwlKmu6bBncx2wHFvr4EAjCwzSURz5m72XPW1XqHSQw&oe=6A4A3F33,https://scontent.fblr20-2.fna.fbcdn.net/v/t39.35426-6/648398810_1417517646791560_7287337086340377399_n.jpg?_nc_cat=111&ccb=1-7&_nc_sid=c53f8f&_nc_ohc=PoD0_p_aLjwQ7kNvwGBf7yn&_nc_oc=Ado-OcxYlDMiKd-177pI-jlZDQi33PHPa04PpDzY_7sity0czAXJlahxpVSrU-qb51uF9_geAgVezV1vN4ppPELB&_nc_zt=14&_nc_ht=scontent.fblr20-2.fna&_nc_gid=-cc8lGRfMb4rJbMQtTOR9w&_nc_ss=7f289&oh=00_AQCejIAUG-JwGzx7zgcbVRhdFM3Mr9HxDgY6khmM4uc-kw&oe=6A4A1F45,2026-07-05T11:25:39.000Z,2026-07-01,https://pub-893b4a6a607b4221a894bf861da7914e.r2.dev/1424324155822363.mp4
38,37,Zinglish,680109015195106,Zinglish,,IN,937128972045324,https://www.facebook.com/ads/library/?id=937128972045324,2026-03-12,,false,false,1,0,,2026-03-12,,हिंदी के मदद से English जानो 🤯 Sirf @₹3 में,Ghar baithe smart bano 😎,Install now,http://play.google.com/store/apps/details?id=com.capslock.zinglish,"Facebook,Instagram,Audience Network,Messenger,Threads",हिंदी के मदद से English जानो 🤯 Sirf @₹3 में,Ghar baithe smart bano 😎,Install now,http://play.google.com/store/apps/details?id=com.capslock.zinglish,Video,"Facebook,Instagram,Audience Network,Messenger,Threads",1,0,9:16,https://video.fblr20-5.fna.fbcdn.net/o1/v/t2/f2/m366/AQOG5-2hFyP7EfIJ6S31n1g01uoKe8JcmTYjf0mFIaSIb0IH_2tSDjGGfESpQAFuLmBOZx9T8i48ZcysL7hz05q7x5smzjxzRGjmU93Ou19BhA.mp4?_nc_cat=107&_nc_oc=AdpukVoSDnNod3-6HbwX3dLufu9j65_AyUUIxiO9fxDJAbrGJ922QSQVNpqFvp17QnrKqXy_1TNrNwEfaA6mZHgj&_nc_sid=b66105&_nc_ht=video.fblr20-5.fna.fbcdn.net&_nc_ohc=5m6h8U5_En4Q7kNvwEmXJiF&efg=eyJ2ZW5jb2RlX3RhZyI6Inhwdl9wcm9ncmVzc2l2ZS5WSV9VU0VDQVNFX1BST0RVQ1RfVFlQRS4uQzMuNzIwLmRhc2hfaDI2NC1iYXNpYy1nZW4yXzcyMHAiLCJ4cHZfYXNzZXRfaWQiOjE2NDQ2MDQ3NzY5NTk0MTEsImFzc2V0X2FnZV9kYXlzIjoxMDksInZpX3VzZWNhc2VfaWQiOjEwNzk5LCJkdXJhdGlvbl9zIjoxNSwidXJsZ2VuX3NvdXJjZSI6Ind3dyJ9&ccb=17-1&vs=16bc899d4c871fa4&_nc_vs=HBksFQIYRWZiX2VwaGVtZXJhbC84ODRCNzg5NTVBMzI1QzU4MzUxM0YyMkY5RDFDNDI5NV9tdF8xX3ZpZGVvX2Rhc2hpbml0Lm1wNBUAAsgBEgAVAhhAZmJfcGVybWFuZW50Lzk5NDEzREIwNTgxRjgyQUNDM0RFQzMyMjVGMDA5MTk0X2F1ZGlvX2Rhc2hpbml0Lm1wNBUCAsgBEgAoABgAGwKIB3VzZV9vaWwBMRJwcm9ncmVzc2l2ZV9yZWNpcGUBMRUAACbmtra4zPDrBRUCKAJDMywXQC7dLxqfvncYGWRhc2hfaDI2NC1iYXNpYy1nZW4yXzcyMHARAHUAZd6oAQA&_nc_gid=-cc8lGRfMb4rJbMQtTOR9w&_nc_ss=7f289&_nc_zt=28&oh=00_AQDUOCrPmKMrHtljumL0-dPUVwFcDw4yMPc_BqdKKEcWBg&oe=6A4A2B19,https://scontent.fblr20-3.fna.fbcdn.net/v/t39.35426-6/651021703_1453843236412189_9069761756256444822_n.jpg?_nc_cat=105&ccb=1-7&_nc_sid=c53f8f&_nc_ohc=JhMAM9444joQ7kNvwFbXqEk&_nc_oc=AdrjOMUuQvfkhRqJdWxlsvy6_O1-Hf5c2wMVGtvRtjml7Tj4Hh-kPKY4Lj-_UqbQqCkNR3NfEF9l9D0C5aKYzOsz&_nc_zt=14&_nc_ht=scontent.fblr20-3.fna&_nc_gid=-cc8lGRfMb4rJbMQtTOR9w&_nc_ss=7f289&oh=00_AQDzxu2Zdftrf9uwn_QF1MCzgxZMcMIkY7A_smn4KvW_jg&oe=6A4A4BE4,2026-07-05T09:59:53.000Z,2026-07-01,https://pub-893b4a6a607b4221a894bf861da7914e.r2.dev/937128972045324.mp4
39,38,Zinglish,680109015195106,Zinglish,,IN,1345444240674582,https://www.facebook.com/ads/library/?id=1345444240674582,2026-02-17,,false,false,1,0,,2026-02-17,,"தமிழின் உதவியுடன் English கற்றுக்கொள்ளுங்கள் 
வெறும் ₹3-க்கே😎🤩","Tamil-லேயே, English கற்றுக்கொள்ளுங்கள்",Install now,http://play.google.com/store/apps/details?id=com.capslock.zinglish,"Facebook,Instagram,Audience Network,Messenger,Threads","தமிழின் உதவியுடன் English கற்றுக்கொள்ளுங்கள் 
வெறும் ₹3-க்கே😎🤩","Tamil-லேயே, English கற்றுக்கொள்ளுங்கள்",Install now,http://play.google.com/store/apps/details?id=com.capslock.zinglish,Video,"Facebook,Instagram,Audience Network,Messenger,Threads",1,0,9:16,https://video.fblr20-5.fna.fbcdn.net/o1/v/t2/f2/m366/AQPLHbpdt-pumYTHtuL9aimyd7yCt1cxTB_f3QUDFFZcLHfrrsz_CfPcUQ_cWjBX0FDMq_cP9FqaLoB-7orZmWNVwToGxHqDydYHfWqBe2FtzA.mp4?_nc_cat=107&_nc_oc=AdqTLZqT75uNaGdY8GKB7I2BltiMyPoUBaE2zvszdt1w-to-K_UlPlWutBxIlpWvg-BQxnWOCnGRDjEM57nyPQGg&_nc_sid=b66105&_nc_ht=video.fblr20-5.fna.fbcdn.net&_nc_ohc=VBhiYGNigocQ7kNvwEgtG5u&efg=eyJ2ZW5jb2RlX3RhZyI6Inhwdl9wcm9ncmVzc2l2ZS5WSV9VU0VDQVNFX1BST0RVQ1RfVFlQRS4uQzMuNzIwLmRhc2hfaDI2NC1iYXNpYy1nZW4yXzcyMHAiLCJ4cHZfYXNzZXRfaWQiOjIxNzgyMDQzNDkyNTM3MTEsImFzc2V0X2FnZV9kYXlzIjoxMzIsInZpX3VzZWNhc2VfaWQiOjEwNzk5LCJkdXJhdGlvbl9zIjoyMSwidXJsZ2VuX3NvdXJjZSI6Ind3dyJ9&ccb=17-1&vs=7b3d1a2d11336001&_nc_vs=HBksFQIYRWZiX2VwaGVtZXJhbC9BNTQwQjE1MDIxQ0UyN0VEREFGQ0QwRDQ2ODcwNTBBN19tdF8xX3ZpZGVvX2Rhc2hpbml0Lm1wNBUAAsgBEgAVAhhAZmJfcGVybWFuZW50LzBCNDFENTlCQTZEQUM1OTgyMEMxQUFCNUM2RDkwQ0EzX2F1ZGlvX2Rhc2hpbml0Lm1wNBUCAsgBEgAoABgAGwKIB3VzZV9vaWwBMRJwcm9ncmVzc2l2ZV9yZWNpcGUBMRUAACaeoeKHl8TeBxUCKAJDMywXQDV3S8an754YGWRhc2hfaDI2NC1iYXNpYy1nZW4yXzcyMHARAHUAZd6oAQA&_nc_gid=-cc8lGRfMb4rJbMQtTOR9w&_nc_ss=7f289&_nc_zt=28&oh=00_AQCNdz_TEhDKZ4zazGnCLOaw-BNKp7B885pwusKvNI5ibQ&oe=6A4A26DD,https://scontent.fblr20-3.fna.fbcdn.net/v/t39.35426-6/635045714_4412050332364324_3666080679724294805_n.jpg?_nc_cat=100&ccb=1-7&_nc_sid=c53f8f&_nc_ohc=0FTffEbjDXsQ7kNvwFwj_3r&_nc_oc=Adrt7XYr-HajoQJZA5CE7WLQTyDg-Eywqzyy-SiRRIVqvZvUEexTgxbmtpkLrNeU1H80mlSnRnCyzmS8cEl3DbKI&_nc_zt=14&_nc_ht=scontent.fblr20-3.fna&_nc_gid=-cc8lGRfMb4rJbMQtTOR9w&_nc_ss=7f289&oh=00_AQBsFT3m2K1-pIGDQDk_sncnX4MC_s9S_COm98Lo0A5dJg&oe=6A4A4AF2,2026-07-05T09:41:49.000Z,2026-07-01,https://pub-893b4a6a607b4221a894bf861da7914e.r2.dev/1345444240674582.mp4
40,39,Zinglish,680109015195106,Zinglish,,IN,1045900014524783,https://www.facebook.com/ads/library/?id=1045900014524783,2026-06-25,,false,false,1,0,,2026-06-25,,ಕನ್ನಡದ ಸಹಾಯದಿಂದ English ಕಲಿಯಿರಿ — ಕೇವಲ ₹3ಕ್ಕೆ🤩,ಕನ್ನಡದ ಸಹಾಯದಿಂದ English ಕಲಿಯಿರಿ — ಕೇವಲ ₹3ಕ್ಕೆ🤩,Install now,http://play.google.com/store/apps/details?id=com.capslock.zinglish,"Facebook,Instagram,Audience Network,Messenger,Threads",ಕನ್ನಡದ ಸಹಾಯದಿಂದ English ಕಲಿಯಿರಿ — ಕೇವಲ ₹3ಕ್ಕೆ🤩,ಕನ್ನಡದ ಸಹಾಯದಿಂದ English ಕಲಿಯಿರಿ — ಕೇವಲ ₹3ಕ್ಕೆ🤩,Install now,http://play.google.com/store/apps/details?id=com.capslock.zinglish,Video,"Facebook,Instagram,Audience Network,Messenger,Threads",1,0,9:16,https://video.fblr20-4.fna.fbcdn.net/o1/v/t2/f2/m366/AQMGWCsh-Mxc1rmE9bp9vRKX-U_a5OOlr_eW9DdUlxPC4LyD_vJsBkwCiCxu6Eid2diCqwkIahlayaugRvTPRcSXI9XTDjG-kw3YMmiIIsWZ7A.mp4?_nc_cat=103&_nc_oc=AdqHkXztgpOOSbiPoQeFr22m4x_h8VRiN0M0yDLO398l3z5x9uSFZjid9pJVYbNmkOvnaZ5lXMGeejLanTt2kSX-&_nc_sid=b66105&_nc_ht=video.fblr20-4.fna.fbcdn.net&_nc_ohc=mVxZsi0ZzDoQ7kNvwGj6YAL&efg=eyJ2ZW5jb2RlX3RhZyI6Inhwdl9wcm9ncmVzc2l2ZS5WSV9VU0VDQVNFX1BST0RVQ1RfVFlQRS4uQzMuNzIwLmRhc2hfaDI2NC1iYXNpYy1nZW4yXzcyMHAiLCJ4cHZfYXNzZXRfaWQiOjE1NDI0MDQ3NDc0MjA3NTksImFzc2V0X2FnZV9kYXlzIjo0LCJ2aV91c2VjYXNlX2lkIjoxMDc5OSwiZHVyYXRpb25fcyI6MTgsInVybGdlbl9zb3VyY2UiOiJ3d3cifQ%3D%3D&ccb=17-1&vs=968b544217adf175&_nc_vs=HBksFQIYRWZiX2VwaGVtZXJhbC9GRjQ5MUUxODU1RDFCNDQ2MjI3MzAwN0VBMTIzNEQ5OV9tdF8xX3ZpZGVvX2Rhc2hpbml0Lm1wNBUAAsgBEgAVAhhAZmJfcGVybWFuZW50L0NBNEI0OUJBODI0NjE1MDc4M0RDOEREOURCRDIzRUIwX2F1ZGlvX2Rhc2hpbml0Lm1wNBUCAsgBEgAoABgAGwKIB3VzZV9vaWwBMRJwcm9ncmVzc2l2ZV9yZWNpcGUBMRUAACaukY_x4rO9BRUCKAJDMywXQDKZmZmZmZoYGWRhc2hfaDI2NC1iYXNpYy1nZW4yXzcyMHARAHUAZd6oAQA&_nc_gid=-cc8lGRfMb4rJbMQtTOR9w&_nc_ss=7f289&_nc_zt=28&oh=00_AQBXbqfHzRquNUoadT-grRlnFYnUUIeHs1BARWbLxiso3Q&oe=6A4A3441,https://scontent.fblr20-4.fna.fbcdn.net/v/t39.35426-6/730641025_4370729949908159_7876045845011762565_n.jpg?_nc_cat=103&ccb=1-7&_nc_sid=c53f8f&_nc_ohc=cJrhzWCwdLoQ7kNvwEdcw3C&_nc_oc=AdpkFvC6umlTaeeAB3Q7EYts2-qozFqM_vTIYL0Z4wPhgagLC1SrokOCyMh2h58WkS2So72T7-kILWwjq2l4GG6R&_nc_zt=14&_nc_ht=scontent.fblr20-4.fna&_nc_gid=-cc8lGRfMb4rJbMQtTOR9w&_nc_ss=7f289&oh=00_AQBNxFamzAbBAQvWBKlj_GT5y3sY-1biDydA890CU6et8g&oe=6A4A401A,2026-07-05T10:38:57.000Z,2026-07-01,https://pub-893b4a6a607b4221a894bf861da7914e.r2.dev/1045900014524783.mp4
41,40,Zinglish,680109015195106,Zinglish,,IN,1545265630281109,https://www.facebook.com/ads/library/?id=1545265630281109,2026-06-29,,false,false,1,0,,2026-06-29,,"தமிழின் உதவியுடன் English கற்றுக்கொள்ளுங்கள் 
வெறும் ₹3-க்கே😎🤩","Tamil-லேயே, English கற்றுக்கொள்ளுங்கள்",Install now,http://play.google.com/store/apps/details?id=com.capslock.zinglish,"Facebook,Instagram,Audience Network,Messenger,Threads","தமிழின் உதவியுடன் English கற்றுக்கொள்ளுங்கள் 
வெறும் ₹3-க்கே😎🤩","Tamil-லேயே, English கற்றுக்கொள்ளுங்கள்",Install now,http://play.google.com/store/apps/details?id=com.capslock.zinglish,Video,"Facebook,Instagram,Audience Network,Messenger,Threads",1,0,9:16,https://video.fblr20-5.fna.fbcdn.net/o1/v/t2/f2/m366/AQO79YXOWp9llTD20MhL-9fUAj7mmEc46K1UFaGhPzfQ4X9LJUTp3NWpBRUVzzfvxXWV-qF_6YgcrgnvH0jMEuIMb88MQFkbqEbMkvr4HXxV-A.mp4?_nc_cat=107&_nc_oc=Adqaetz59MJ_CAus_eYpIuSHRjbjXPJfFkiWvxbzXN4rm0tzdfZOmQ4LFtRcSCOxuZTpwzEHsEqGn4Uign3qPav0&_nc_sid=b66105&_nc_ht=video.fblr20-5.fna.fbcdn.net&_nc_ohc=nXwrcuuiUlwQ7kNvwH-MEeR&efg=eyJ2ZW5jb2RlX3RhZyI6Inhwdl9wcm9ncmVzc2l2ZS5WSV9VU0VDQVNFX1BST0RVQ1RfVFlQRS4uQzMuNzIwLmRhc2hfaDI2NC1iYXNpYy1nZW4yXzcyMHAiLCJ4cHZfYXNzZXRfaWQiOjEzODkwNjkxMjk3MTI0MDAsImFzc2V0X2FnZV9kYXlzIjo0LCJ2aV91c2VjYXNlX2lkIjoxMDc5OSwiZHVyYXRpb25fcyI6MTUsInVybGdlbl9zb3VyY2UiOiJ3d3cifQ%3D%3D&ccb=17-1&vs=5f727c6bb3326c24&_nc_vs=HBksFQIYRWZiX2VwaGVtZXJhbC85RDQxQjA4RjMyMERBRUU5RThEMEM2RkNFRjA3NDlCQl9tdF8xX3ZpZGVvX2Rhc2hpbml0Lm1wNBUAAsgBEgAVAhhAZmJfcGVybWFuZW50LzY0NDIyMUU2QkZGRjU2NzhBNjE0QzNBRkM2NDIxQkFCX2F1ZGlvX2Rhc2hpbml0Lm1wNBUCAsgBEgAoABgAGwKIB3VzZV9vaWwBMRJwcm9ncmVzc2l2ZV9yZWNpcGUBMRUAACagjNzAu9b3BBUCKAJDMywXQC6PXCj1wo8YGWRhc2hfaDI2NC1iYXNpYy1nZW4yXzcyMHARAHUAZd6oAQA&_nc_gid=LPUpkp4LeU9xS_7iOD7f_A&_nc_ss=7f289&_nc_zt=28&oh=00_AQDJ3ot6ysnSqqWHRHwO2RakkNnHhmvoqVR3eyKzRe-mbQ&oe=6A4A2B11,https://scontent.fblr20-4.fna.fbcdn.net/v/t39.35426-6/731357250_1385807533396241_8564111767867819995_n.jpg?_nc_cat=103&ccb=1-7&_nc_sid=c53f8f&_nc_ohc=vKp7JNfy5jAQ7kNvwGgQmqw&_nc_oc=AdpVptuMJrkZSfbIG5chJkIQjaijbSx8BIqlT5R_2cNwcZg9rqK5RB81f6feXslTxIu2LpBabpwuMZ1yPNRYo41m&_nc_zt=14&_nc_ht=scontent.fblr20-4.fna&_nc_gid=LPUpkp4LeU9xS_7iOD7f_A&_nc_ss=7f289&oh=00_AQBtcCWZjXxGh8YmyETN_3b6lVnlFhLBEVyZVV5Z2PZ8Yg&oe=6A4A36B7,2026-07-05T09:59:45.000Z,2026-07-01,https://pub-893b4a6a607b4221a894bf861da7914e.r2.dev/1545265630281109.mp4
42,41,Zinglish,680109015195106,Zinglish,,IN,1023652126912998,https://www.facebook.com/ads/library/?id=1023652126912998,2026-06-28,,false,false,1,0,,2026-06-28,,"தமிழின் உதவியுடன் English கற்றுக்கொள்ளுங்கள் 
வெறும் ₹3-க்கே😎🤩","Tamil-லேயே, English கற்றுக்கொள்ளுங்கள்",Install now,http://play.google.com/store/apps/details?id=com.capslock.zinglish,"Facebook,Instagram,Audience Network,Messenger,Threads","தமிழின் உதவியுடன் English கற்றுக்கொள்ளுங்கள் 
வெறும் ₹3-க்கே😎🤩","Tamil-லேயே, English கற்றுக்கொள்ளுங்கள்",Install now,http://play.google.com/store/apps/details?id=com.capslock.zinglish,Video,"Facebook,Instagram,Audience Network,Messenger,Threads",1,0,9:16,https://video.fblr20-3.fna.fbcdn.net/o1/v/t2/f2/m366/AQMAqB28pm8xpYXqIGCYZjOlUlCOJP1AP__xmE8s8fkdiqqtifltw-iVZ51fYrP7MZDUOCE4_2eituKdabcN1XSPm6hpqrroj3OdN--VYICZ5Q.mp4?_nc_cat=105&_nc_oc=Ado3yc1JDvHgX44FgV3iuzlGbH5E1PuLVBH-k-CxwR6V5QBjRYYHh1j1Q7455xrldmwNuc2XTqT_U_n2QZ95u9Pr&_nc_sid=b66105&_nc_ht=video.fblr20-3.fna.fbcdn.net&_nc_ohc=B2GtUAmCkPEQ7kNvwGxUlnU&efg=eyJ2ZW5jb2RlX3RhZyI6Inhwdl9wcm9ncmVzc2l2ZS5WSV9VU0VDQVNFX1BST0RVQ1RfVFlQRS4uQzMuNzIwLmRhc2hfaDI2NC1iYXNpYy1nZW4yXzcyMHAiLCJ4cHZfYXNzZXRfaWQiOjE2Mjk5ODAyOTE0MjI1MjIsImFzc2V0X2FnZV9kYXlzIjo0LCJ2aV91c2VjYXNlX2lkIjoxMDc5OSwiZHVyYXRpb25fcyI6MTcsInVybGdlbl9zb3VyY2UiOiJ3d3cifQ%3D%3D&ccb=17-1&vs=57b95350e6777a17&_nc_vs=HBksFQIYRWZiX2VwaGVtZXJhbC8wRjQ2QkNGOENDMDIzNDVDREE0RjBBMzQ0RkZBNzE5Rl9tdF8xX3ZpZGVvX2Rhc2hpbml0Lm1wNBUAAsgBEgAVAhhAZmJfcGVybWFuZW50LzczNDNBMEFEN0QzQUIyRkFBMjk4MjdFRjkyOEEzMUE4X2F1ZGlvX2Rhc2hpbml0Lm1wNBUCAsgBEgAoABgAGwKIB3VzZV9vaWwBMRJwcm9ncmVzc2l2ZV9yZWNpcGUBMRUAACb05JbEq53lBRUCKAJDMywXQDFHrhR64UgYGWRhc2hfaDI2NC1iYXNpYy1nZW4yXzcyMHARAHUAZd6oAQA&_nc_gid=LPUpkp4LeU9xS_7iOD7f_A&_nc_ss=7f289&_nc_zt=28&oh=00_AQBsuqDluwwD3N0GnYL1zxH6cWULAPApRPQDNxZtMVUIgQ&oe=6A4A219B,https://scontent.fblr20-4.fna.fbcdn.net/v/t39.35426-6/735831947_27468231516170095_1823864879474320315_n.jpg?_nc_cat=106&ccb=1-7&_nc_sid=c53f8f&_nc_ohc=aKHSFm3jfQoQ7kNvwHzlUI6&_nc_oc=Adp4gZZE65XPHDufH3NcfY_bAaJ9l6jGD9wSwUuS-LFCM1hem1bl1mSWCHy2ma651ox4XdCiiYfJODWMengAsITh&_nc_zt=14&_nc_ht=scontent.fblr20-4.fna&_nc_gid=LPUpkp4LeU9xS_7iOD7f_A&_nc_ss=7f289&oh=00_AQDDSFPGJqswa3IgI8jAXrN-eqgGuDBZn5ve57XXlykcqQ&oe=6A4A3599,2026-07-05T09:19:23.000Z,2026-07-01,https://pub-893b4a6a607b4221a894bf861da7914e.r2.dev/1023652126912998.mp4
