row_rank,page_rank,competitor_name,facebook_page_id,facebook_page_name,facebook_page_followers,target_country,ad_library_id,ad_library_url,ad_start_date,ad_end_date,has_low_impression_warning,ad_has_multiple_versions,ad_version_count,version_index,version_id,version_start_date,version_end_date,version_primary_text,version_description,version_cta_label,version_destination_url,version_platforms_distribution,ad_primary_text,ad_description,ad_cta_label,ad_destination_url,ad_media_type,ad_distribution_platforms,creative_count_in_ad,creative_index_in_ad,creative_aspect_ratio,facebook_video_cdn_url_at_scrape,facebook_thumbnail_cdn_url_at_scrape,facebook_cdn_url_expiry_at_scrape,scrape_run_date
1,1,Duolingo,141935472517297,Duolingo,,IN,870791105586044,https://www.facebook.com/ads/library/?id=870791105586044,2026-02-05,,false,false,1,0,,2026-02-05,,Duolingo is the world's #1 language learning app,Free language learning,Install now,http://play.google.com/store/apps/details?id=com.duolingo,"Facebook,Instagram,Audience Network,Messenger,Threads",Duolingo is the world's #1 language learning app,Free language learning,Install now,http://play.google.com/store/apps/details?id=com.duolingo,Image,"Facebook,Instagram,Audience Network,Messenger,Threads",1,0,9:16,,https://scontent.fblr20-4.fna.fbcdn.net/v/t39.35426-6/640996173_2681682758876492_8630451909664325929_n.jpg?_nc_cat=101&ccb=1-7&_nc_sid=c53f8f&_nc_ohc=-brphtOUcK0Q7kNvwFouP4Z&_nc_oc=AdqFZkDn7qpr__AJamFwjvzAPabAtH8RB1gEmDMlwLtlyMylhkuH7EbK_qEibDZicO6MaHnMaJ5yUgQHA0g2UCck&_nc_zt=14&_nc_ht=scontent.fblr20-4.fna&_nc_gid=TakEFMEaHPoe0Su3RWXryg&_nc_ss=7f289&oh=00_Af8i4cldUfCoBZbXQNnt1ZqDX9vG_HjX3EJR5He6-68D7A&oe=6A439E75,2026-06-30T10:46:13.000Z,2026-06-26
2,2,Duolingo,141935472517297,Duolingo,,IN,1681513992840751,https://www.facebook.com/ads/library/?id=1681513992840751,2026-04-01,,false,false,1,0,,2026-04-01,,"More than a game. Learn chess, math, music and more for free with Duolingo.",The world's #1 learning app,Install now,http://play.google.com/store/apps/details?id=com.duolingo,"Facebook,Instagram,Audience Network,Messenger,Threads","More than a game. Learn chess, math, music and more for free with Duolingo.",The world's #1 learning app,Install now,http://play.google.com/store/apps/details?id=com.duolingo,Video,"Facebook,Instagram,Audience Network,Messenger,Threads",1,0,1:1,https://video.fblr20-4.fna.fbcdn.net/o1/v/t2/f2/m366/AQOfvumPreEU3CrynWjtEy-JCp_Ryy8WhManl7tfcFwnvlNneUaYRG94WLV4V7SVGU6OcBMvDs2n9yzjgmMePGVxxFyeK8OV5oq3qr9xTIVqqw.mp4?_nc_cat=103&_nc_oc=AdqQrkBOJWg3eNlpL8RqTbBYIGg_b8iZ0rFCU_63e8x_5yuGODU76GC1fNKSQQwccxsBZsnDuhKL2BIj2VRxklAx&_nc_sid=b66105&_nc_ht=video.fblr20-4.fna.fbcdn.net&_nc_ohc=mvHBL542qY0Q7kNvwHE7gLq&efg=eyJ2ZW5jb2RlX3RhZyI6Inhwdl9wcm9ncmVzc2l2ZS5WSV9VU0VDQVNFX1BST0RVQ1RfVFlQRS4uQzMuNzIwLmRhc2hfaDI2NC1iYXNpYy1nZW4yXzcyMHAiLCJ4cHZfYXNzZXRfaWQiOjE0ODkzNDkxNTYxMDA4NjksImFzc2V0X2FnZV9kYXlzIjo4NCwidmlfdXNlY2FzZV9pZCI6MTA3OTksImR1cmF0aW9uX3MiOjUsInVybGdlbl9zb3VyY2UiOiJ3d3cifQ%3D%3D&ccb=17-1&vs=d8bd83a23c3b23e1&_nc_vs=HBksFQIYRWZiX2VwaGVtZXJhbC9GRDRFREIzNTc2RDdBODlDQjAyOTc0RTI5QjMwQ0VBMV9tdF8xX3ZpZGVvX2Rhc2hpbml0Lm1wNBUAAsgBEgAVAhhAZmJfcGVybWFuZW50L0RFNEYwNkIwRUM2QjlEMDA2NzE1RjhDRDM1MjJGRUEwX2F1ZGlvX2Rhc2hpbml0Lm1wNBUCAsgBEgAoABgAGwKIB3VzZV9vaWwBMRJwcm9ncmVzc2l2ZV9yZWNpcGUBMRUAACaK7Kr2w6OlBRUCKAJDMywXQBQhysCDEm8YGWRhc2hfaDI2NC1iYXNpYy1nZW4yXzcyMHARAHUAZd6oAQA&_nc_gid=TakEFMEaHPoe0Su3RWXryg&_nc_ss=7f289&_nc_zt=28&oh=00_Af-sEKQzhmqS4-csdgzkOstBYNWjX1scQgnayEmv-QMMVQ&oe=6A439DFD,https://scontent.fblr20-4.fna.fbcdn.net/v/t39.35426-6/659145488_715098721691764_5308980438113956701_n.jpg?_nc_cat=106&ccb=1-7&_nc_sid=c53f8f&_nc_ohc=aOZ0Ndr328kQ7kNvwELrRpy&_nc_oc=AdrqsW5t2wUgJ2VAn3ZV_o2XDZVIfeQuv8JE0PhYvVqsFhL9o-hqxzc_wrOzGEdbZr3hA1Qgfx5zx2GJ7kaPvH5T&_nc_zt=14&_nc_ht=scontent.fblr20-4.fna&_nc_gid=TakEFMEaHPoe0Su3RWXryg&_nc_ss=7f289&oh=00_Af9gNTyiqzv3r2gFfCNYip96FFl16jgSrT-CReRwAf0XgA&oe=6A439BBB,2026-06-30T10:44:13.000Z,2026-06-26
3,3,Duolingo,141935472517297,Duolingo,,IN,1270856521521372,https://www.facebook.com/ads/library/?id=1270856521521372,2026-01-29,,false,false,1,0,,2026-01-29,,Stop scrolling. Start checkmating. Learn chess for free with Duolingo.,New on Duolingo: Chess,Install now,http://play.google.com/store/apps/details?id=com.duolingo,"Facebook,Instagram,Audience Network,Messenger,Threads",Stop scrolling. Start checkmating. Learn chess for free with Duolingo.,New on Duolingo: Chess,Install now,http://play.google.com/store/apps/details?id=com.duolingo,Video,"Facebook,Instagram,Audience Network,Messenger,Threads",1,0,9:16,https://video.fblr20-1.fna.fbcdn.net/o1/v/t2/f2/m366/AQOOYBTDgjaV3FR92NPQj1q_12YFN28VPTBQU80I6qeWH5X89PKMWnH_dQhuvYGPOpWOjZJq34em0XQxtxYxP4XQYIgAuDDEvcx3Ry7Pnp11lA.mp4?_nc_cat=1&_nc_oc=Adpyz0xZrIhGJDc72HFB3NhaSaKaKgvd-jXbXQAVtLI8l-dKEL2csZg9TxUdZ_1HZthCDAJZboFW24Ffg_Xn2Uzu&_nc_sid=b66105&_nc_ht=video.fblr20-1.fna.fbcdn.net&_nc_ohc=3vmRZWgGXmsQ7kNvwFbEg45&efg=eyJ2ZW5jb2RlX3RhZyI6Inhwdl9wcm9ncmVzc2l2ZS5WSV9VU0VDQVNFX1BST0RVQ1RfVFlQRS4uQzMuNzIwLmRhc2hfaDI2NC1iYXNpYy1nZW4yXzcyMHAiLCJ4cHZfYXNzZXRfaWQiOjExOTM4MDYxNjk0MzY4MzksImFzc2V0X2FnZV9kYXlzIjoxOTAsInZpX3VzZWNhc2VfaWQiOjEwNzk5LCJkdXJhdGlvbl9zIjoyMSwidXJsZ2VuX3NvdXJjZSI6Ind3dyJ9&ccb=17-1&vs=5a8419fc549cb604&_nc_vs=HBksFQIYRWZiX2VwaGVtZXJhbC85ODQ4MDNGNzM5RkU5Qjc4MjE4OEEwMjA4NzcwRkQ5MV9tdF8xX3ZpZGVvX2Rhc2hpbml0Lm1wNBUAAsgBEgAVAhhAZmJfcGVybWFuZW50LzQzNEUzMTlCNEM2RTA2RTYyMDNCMDRCQUU2MERBMEE1X2F1ZGlvX2Rhc2hpbml0Lm1wNBUCAsgBEgAoABgAGwKIB3VzZV9vaWwBMRJwcm9ncmVzc2l2ZV9yZWNpcGUBMRUAACbOyseK1fCeBBUCKAJDMywXQDVmZmZmZmYYGWRhc2hfaDI2NC1iYXNpYy1nZW4yXzcyMHARAHUAZd6oAQA&_nc_gid=TakEFMEaHPoe0Su3RWXryg&_nc_ss=7f289&_nc_zt=28&oh=00_Af8HOhrKs1LJkMXbEX0xSX__OSKm813qtxYat0izix0XOg&oe=6A438F60,https://scontent.fblr20-2.fna.fbcdn.net/v/t39.35426-6/602980598_1355829639104568_6977867879121330209_n.jpg?_nc_cat=111&ccb=1-7&_nc_sid=c53f8f&_nc_ohc=NhPnWgI6w5AQ7kNvwHZOICc&_nc_oc=AdpW3znM-tQKqITEvvQpoR05An80ROZTWhQzZKbaljtoyBHsRS_zrXy2MIIm6rxkbKd1hFfReyssZmjSE1B_nn2O&_nc_zt=14&_nc_ht=scontent.fblr20-2.fna&_nc_gid=TakEFMEaHPoe0Su3RWXryg&_nc_ss=7f289&oh=00_Af9uGDzxXM8HjXqw7sYyVWi3g-rZiydFq_4d2pI-A5iWaw&oe=6A439FF1,2026-06-30T09:41:52.000Z,2026-06-26
4,4,Duolingo,141935472517297,Duolingo,,IN,855822700785894,https://www.facebook.com/ads/library/?id=855822700785894,2026-02-05,,false,false,1,0,,2026-02-05,,Duolingo is the world's #1 language learning app,Free language learning,Install now,http://play.google.com/store/apps/details?id=com.duolingo,"Facebook,Instagram,Audience Network,Messenger,Threads",Duolingo is the world's #1 language learning app,Free language learning,Install now,http://play.google.com/store/apps/details?id=com.duolingo,Image,"Facebook,Instagram,Audience Network,Messenger,Threads",1,0,1:1,,https://scontent.fblr20-3.fna.fbcdn.net/v/t39.35426-6/637184734_900534456204231_8448127877748197161_n.jpg?_nc_cat=105&ccb=1-7&_nc_sid=c53f8f&_nc_ohc=Vh-f7ZFGzVoQ7kNvwGu1ZYH&_nc_oc=Adp1Nk6sUCeNcwhhk3yMByN5acn9Hl5VF4EOomPY1xEYxx8tjAn5xx8rKH_YJIXCUPtoIv00a-1GYmhMNA3Bx7xX&_nc_zt=14&_nc_ht=scontent.fblr20-3.fna&_nc_gid=TakEFMEaHPoe0Su3RWXryg&_nc_ss=7f289&oh=00_Af8PPwOvcygCd2YJDJKf0eV6xNqmoW5YHlVbErxv40Myrw&oe=6A43A7AF,2026-06-30T11:25:35.000Z,2026-06-26
5,5,Duolingo,141935472517297,Duolingo,,IN,931440739227131,https://www.facebook.com/ads/library/?id=931440739227131,2026-02-05,,false,false,1,0,,2026-02-05,,Duolingo is the world's #1 language learning app,Free language learning,Install now,http://play.google.com/store/apps/details?id=com.duolingo,"Facebook,Instagram,Audience Network,Messenger,Threads",Duolingo is the world's #1 language learning app,Free language learning,Install now,http://play.google.com/store/apps/details?id=com.duolingo,Video,"Facebook,Instagram,Audience Network,Messenger,Threads",1,0,1:1,https://video.fblr20-1.fna.fbcdn.net/o1/v/t2/f2/m366/AQNPrDVwB5-uXyipFsQTHBsEXlh0PtOEcPVkwNn0ooLwS3O-vWWo6Tqd4pLqwLG8ke7bje-RXxDFMDx07eZvO0b5Z4eKPnnGNL5BwnCA4pO_iQ.mp4?_nc_cat=110&_nc_oc=AdrIUeZl72bDCmPDbhdA-MMwqzAMvLeFgFo6wZzodDhFuKNyqdekaLNZY-JnyQpwEDvAo36qx3n2NcyW1U9BrZj8&_nc_sid=b66105&_nc_ht=video.fblr20-1.fna.fbcdn.net&_nc_ohc=Jm1JlYXVgjAQ7kNvwHnyHEk&efg=eyJ2ZW5jb2RlX3RhZyI6Inhwdl9wcm9ncmVzc2l2ZS5WSV9VU0VDQVNFX1BST0RVQ1RfVFlQRS4uQzMuNzIwLmRhc2hfaDI2NC1iYXNpYy1nZW4yXzcyMHAiLCJ4cHZfYXNzZXRfaWQiOjgyODM1MzA2OTE3MjQ0MzcsImFzc2V0X2FnZV9kYXlzIjo2MzYsInZpX3VzZWNhc2VfaWQiOjEwMTM5LCJkdXJhdGlvbl9zIjozMCwidXJsZ2VuX3NvdXJjZSI6Ind3dyJ9&ccb=17-1&vs=b3ee5376ce764802&_nc_vs=HBksFQIYRWZiX2VwaGVtZXJhbC81NDQ4Q0ZFQTVEODE2NkFEQzI3MTI1QTkxRDJCQTBBRF9tdF8xX3ZpZGVvX2Rhc2hpbml0Lm1wNBUAAsgBEgAVAhg1ZmJfcGVybWFuZW50LzEyNDMzMTk4NDAxODgxOTRfNzI2MDU3NDI3NTk1NDgyMjA5MC5tcDQVAgLIARIAKAAYABsCiAd1c2Vfb2lsATEScHJvZ3Jlc3NpdmVfcmVjaXBlATEVAAAmqpLuhfn0th0VAigCQzMsF0A-AAAAAAAAGBlkYXNoX2gyNjQtYmFzaWMtZ2VuMl83MjBwEQB1AGW2ngEA&_nc_gid=TakEFMEaHPoe0Su3RWXryg&_nc_ss=7f289&_nc_zt=28&oh=00_Af9WMGmgL4uLqYzwChVzHHqXw4ohaPRVqZeP1laPy7hZkw&oe=6A43B012,https://scontent.fblr20-5.fna.fbcdn.net/v/t39.35426-6/640453477_804170896031334_5683839880145814782_n.jpg?_nc_cat=107&ccb=1-7&_nc_sid=c53f8f&_nc_ohc=IwEDLeNmvscQ7kNvwHe4jzo&_nc_oc=Ado_1QE1g1HeywyLmGOGQy4k5zyT5no7xto35k5JO5KosHiKmZcoz-dBMQ0QRG5xSp4yqtSGcYkM_zsvqgPNdxZd&_nc_zt=14&_nc_ht=scontent.fblr20-5.fna&_nc_gid=TakEFMEaHPoe0Su3RWXryg&_nc_ss=7f289&oh=00_Af-UnTayFv27OflL1M6jgcTu120jco_TLPWKhLz73Ol8gA&oe=6A438748,2026-06-30T12:01:22.000Z,2026-06-26
6,6,Duolingo,141935472517297,Duolingo,,IN,873410355318564,https://www.facebook.com/ads/library/?id=873410355318564,2026-02-05,,false,false,1,0,,2026-02-05,,Duolingo is the world's #1 language learning app,Free language learning,Install now,http://play.google.com/store/apps/details?id=com.duolingo,"Facebook,Instagram,Audience Network,Messenger,Threads",Duolingo is the world's #1 language learning app,Free language learning,Install now,http://play.google.com/store/apps/details?id=com.duolingo,Video,"Facebook,Instagram,Audience Network,Messenger,Threads",1,0,1:1,https://video.fblr20-2.fna.fbcdn.net/o1/v/t2/f2/m366/AQO2BCeeRVsAUSoclCmVl5egMP6x1xwT-C1j8RSBW78qOhSQvesVEMmc0s3-vh5I5Gqygp0B2pgR-nhsupPj_08lL8IFzvngctOoxnKYz10sNg.mp4?_nc_cat=102&_nc_oc=AdrS9-xgFLnZHyMXpVvTIEssZGSoqxmNNREIExVXWucOUCQXMI_KpYlSESJUGlNDHoRCbiqkKLUfmOSIaFUM67de&_nc_sid=b66105&_nc_ht=video.fblr20-2.fna.fbcdn.net&_nc_ohc=mpccHmoLuF0Q7kNvwGHoMT2&efg=eyJ2ZW5jb2RlX3RhZyI6Inhwdl9wcm9ncmVzc2l2ZS5WSV9VU0VDQVNFX1BST0RVQ1RfVFlQRS4uQzMuNzIwLmRhc2hfaDI2NC1iYXNpYy1nZW4yXzcyMHAiLCJ4cHZfYXNzZXRfaWQiOjExNzU1MzM3NDM1MDUwMzEsImFzc2V0X2FnZV9kYXlzIjo2MzYsInZpX3VzZWNhc2VfaWQiOjEwMTM5LCJkdXJhdGlvbl9zIjozMCwidXJsZ2VuX3NvdXJjZSI6Ind3dyJ9&ccb=17-1&vs=fffb0c98a9452aca&_nc_vs=HBksFQIYRWZiX2VwaGVtZXJhbC82MDQ3RTA4MTJFMjEyQzAyODQyQTAyQTQ1RDBDQURCRl9tdF8xX3ZpZGVvX2Rhc2hpbml0Lm1wNBUAAsgBEgAVAhgzZmJfcGVybWFuZW50LzM3NzgyMDcxNTM5NzkxNF84NDg3NDY4OTYyNTEzODE2MDUubXA0FQICyAESACgAGAAbAogHdXNlX29pbAExEnByb2dyZXNzaXZlX3JlY2lwZQExFQAAJo76n_OIyZYEFQIoAkMzLBdAPgAAAAAAABgZZGFzaF9oMjY0LWJhc2ljLWdlbjJfNzIwcBEAdQBltp4BAA&_nc_gid=TakEFMEaHPoe0Su3RWXryg&_nc_ss=7f289&_nc_zt=28&oh=00_Af9eTZCtbxKbRXsuG5QfHDhxMV7UyGgmxa2gz0-t8TiKZQ&oe=6A439326,https://scontent.fblr20-2.fna.fbcdn.net/v/t39.35426-6/641362394_2114864279265031_8874588552838349804_n.jpg?_nc_cat=104&ccb=1-7&_nc_sid=c53f8f&_nc_ohc=_IFbBE91kgoQ7kNvwEPtjcC&_nc_oc=Adq6y47Bply0ZapN7rIftk7f9If99d_vgRF6uaS2a7u5lxeGL4oIsUp6Nx-eYQGnDZzxEAjpusvpYhpQttpkg4Zc&_nc_zt=14&_nc_ht=scontent.fblr20-2.fna&_nc_gid=TakEFMEaHPoe0Su3RWXryg&_nc_ss=7f289&oh=00_Af8hL4VnQ0sBrw9eqr7k2GU8BEdQVxXuY66BQK6wWhbFCg&oe=6A43A097,2026-06-30T09:57:58.000Z,2026-06-26
7,7,Duolingo,141935472517297,Duolingo,,IN,4420167301545944,https://www.facebook.com/ads/library/?id=4420167301545944,2026-02-05,,false,false,1,0,,2026-02-05,,Duolingo is the world's #1 language learning app,Free language learning,Install now,http://play.google.com/store/apps/details?id=com.duolingo,"Facebook,Instagram,Audience Network,Messenger,Threads",Duolingo is the world's #1 language learning app,Free language learning,Install now,http://play.google.com/store/apps/details?id=com.duolingo,Image,"Facebook,Instagram,Audience Network,Messenger,Threads",1,0,9:16,,https://scontent.fblr20-3.fna.fbcdn.net/v/t39.35426-6/640277248_764518093011940_391721912953179864_n.jpg?_nc_cat=109&ccb=1-7&_nc_sid=c53f8f&_nc_ohc=wJzgPyDKKOMQ7kNvwHojzCq&_nc_oc=Adp7BRfwcx3HbGxGoHAEW9vN-1ocmVXz0_0xoi7XcmL2y5kHnmhTSJrThVJCMS0m9QkgEPq6LCYVaYAuNfWd5h7H&_nc_zt=14&_nc_ht=scontent.fblr20-3.fna&_nc_gid=TakEFMEaHPoe0Su3RWXryg&_nc_ss=7f289&oh=00_Af_yjK-Rvyt8VMhYxFU5XSU8MhGrf9qMLYmWmiX3kgBQOw&oe=6A43A057,2026-06-30T10:54:15.000Z,2026-06-26
8,8,Duolingo,141935472517297,Duolingo,,IN,1393073786168344,https://www.facebook.com/ads/library/?id=1393073786168344,2026-02-05,,false,false,1,0,,2026-02-05,,Duolingo is the world's #1 language learning app,Free language learning,Install now,http://play.google.com/store/apps/details?id=com.duolingo,"Facebook,Instagram,Audience Network,Messenger,Threads",Duolingo is the world's #1 language learning app,Free language learning,Install now,http://play.google.com/store/apps/details?id=com.duolingo,Image,"Facebook,Instagram,Audience Network,Messenger,Threads",1,0,9:16,,https://scontent.fblr20-1.fna.fbcdn.net/v/t39.35426-6/638768675_1816198109068160_4370842215407111412_n.jpg?_nc_cat=108&ccb=1-7&_nc_sid=c53f8f&_nc_ohc=yUQ0gbEzkbIQ7kNvwEGkXmy&_nc_oc=Adqijr0cqpnMwetzbmKAj4r1FjiHzG63GCDwD038ilApLQZ_WIsS6MKlXsWKAMvk3YGetySpWbEWPHoUyHmRoVWo&_nc_zt=14&_nc_ht=scontent.fblr20-1.fna&_nc_gid=TakEFMEaHPoe0Su3RWXryg&_nc_ss=7f289&oh=00_Af_-bCZ_9Aj0004ehzDm8D9kTzPcH76D-q5TArXhq_suew&oe=6A43B25E,2026-06-30T12:11:10.000Z,2026-06-26
9,9,Duolingo,141935472517297,Duolingo,,IN,854198787652805,https://www.facebook.com/ads/library/?id=854198787652805,2026-02-05,,false,false,1,0,,2026-02-05,,Duolingo is the world's #1 language learning app,Free language learning,Install now,http://play.google.com/store/apps/details?id=com.duolingo,"Facebook,Instagram,Audience Network,Messenger,Threads",Duolingo is the world's #1 language learning app,Free language learning,Install now,http://play.google.com/store/apps/details?id=com.duolingo,Image,"Facebook,Instagram,Audience Network,Messenger,Threads",1,0,9:16,,https://scontent.fblr20-3.fna.fbcdn.net/v/t39.35426-6/639574892_887312747470458_3265648172061560719_n.jpg?_nc_cat=109&ccb=1-7&_nc_sid=c53f8f&_nc_ohc=b9VvA3RIvPEQ7kNvwHVkH6-&_nc_oc=AdrHZJrXA7X7CDgcu955sTn7U2OaFJHi_5Hzv3b97tmIZ_UvISsb998TcvvNztu9_vGbysofjFbr7sce-LYIws6v&_nc_zt=14&_nc_ht=scontent.fblr20-3.fna&_nc_gid=TakEFMEaHPoe0Su3RWXryg&_nc_ss=7f289&oh=00_Af9ytM6R1gprmKYRIfG4YeDJxm2LHNTetVDrymN43dyK9g&oe=6A4398DD,2026-06-30T10:22:21.000Z,2026-06-26
10,10,Duolingo,141935472517297,Duolingo,,IN,1187219770066761,https://www.facebook.com/ads/library/?id=1187219770066761,2026-02-05,,false,false,1,0,,2026-02-05,,Duolingo is the world's #1 language learning app,Free language learning,Install now,http://play.google.com/store/apps/details?id=com.duolingo,"Facebook,Instagram,Audience Network,Messenger,Threads",Duolingo is the world's #1 language learning app,Free language learning,Install now,http://play.google.com/store/apps/details?id=com.duolingo,Video,"Facebook,Instagram,Audience Network,Messenger,Threads",1,0,1:1,https://video.fblr20-2.fna.fbcdn.net/o1/v/t2/f2/m366/AQPXr63EoupvenU7Z8h77VR8qrdPjVeXf2ftlG1v7RU-4NPD2ssPF9vp7C6R8UT1zI6aZSYV2ggH0uso2NP-sGhZgPiJ5dhvrgr58utRGYS1Yw.mp4?_nc_cat=111&_nc_oc=Adr5g3hUhueCbIT5u-ktkeJOnHv82xEFoyspRRorvX1shDVD_PQmNYlczv1OoNh5DsxFFezRnW3dGw0l5EAXHuoS&_nc_sid=b66105&_nc_ht=video.fblr20-2.fna.fbcdn.net&_nc_ohc=Eb5xGEbbYgcQ7kNvwEMJ7b1&efg=eyJ2ZW5jb2RlX3RhZyI6Inhwdl9wcm9ncmVzc2l2ZS5WSV9VU0VDQVNFX1BST0RVQ1RfVFlQRS4uQzMuNzIwLmRhc2hfaDI2NC1iYXNpYy1nZW4yXzcyMHAiLCJ4cHZfYXNzZXRfaWQiOjEyMjY5Njc0MTUzMDQyNTIsImFzc2V0X2FnZV9kYXlzIjo2MzYsInZpX3VzZWNhc2VfaWQiOjEwMTM5LCJkdXJhdGlvbl9zIjozMCwidXJsZ2VuX3NvdXJjZSI6Ind3dyJ9&ccb=17-1&vs=55a88811aef2f994&_nc_vs=HBksFQIYRWZiX2VwaGVtZXJhbC8yQzQyNTdBRjc0NDRBODc4MUQxMkZBNTY0QTBBNjQ4Nl9tdF8xX3ZpZGVvX2Rhc2hpbml0Lm1wNBUAAsgBEgAVAhg1ZmJfcGVybWFuZW50LzExOTM4NTExOTE4NDc5MTNfMTk4MTY4MzgzMTcwNzQ2NDE2OC5tcDQVAgLIARIAKAAYABsCiAd1c2Vfb2lsATEScHJvZ3Jlc3NpdmVfcmVjaXBlATEVAAAm-MCFz_P6rQQVAigCQzMsF0A-AAAAAAAAGBlkYXNoX2gyNjQtYmFzaWMtZ2VuMl83MjBwEQB1AGW2ngEA&_nc_gid=TakEFMEaHPoe0Su3RWXryg&_nc_ss=7f289&_nc_zt=28&oh=00_Af_e0CaR22ytjCxeNk9VFanQCfObB4bzK-kxiD6xCPpywg&oe=6A4393D1,https://scontent.fblr20-3.fna.fbcdn.net/v/t39.35426-6/638795366_1234627685316239_6162326310709086449_n.jpg?_nc_cat=100&ccb=1-7&_nc_sid=c53f8f&_nc_ohc=TtEU1u6Z7ScQ7kNvwG1DpFL&_nc_oc=AdqlfnbfFG6KyA3L9PsX4wjtATkaugGJLkmW9DQ9AjGSeMWV9YpAF1JYT_m0XLxcaQ2UoKrt1ZB6PONXARCLC5c5&_nc_zt=14&_nc_ht=scontent.fblr20-3.fna&_nc_gid=TakEFMEaHPoe0Su3RWXryg&_nc_ss=7f289&oh=00_Af_hT8_UQIe525YQ4zUj7WBZVe2SCbH5oEityWia3piS6A&oe=6A43AA5F,2026-06-30T10:00:49.000Z,2026-06-26
11,11,Duolingo,141935472517297,Duolingo,,IN,1428449025623778,https://www.facebook.com/ads/library/?id=1428449025623778,2026-02-05,,false,false,1,0,,2026-02-05,,Duolingo is the world's #1 language learning app,Free language learning,Install now,http://play.google.com/store/apps/details?id=com.duolingo,"Facebook,Instagram,Audience Network,Messenger,Threads",Duolingo is the world's #1 language learning app,Free language learning,Install now,http://play.google.com/store/apps/details?id=com.duolingo,Video,"Facebook,Instagram,Audience Network,Messenger,Threads",1,0,1:1,https://video.fblr20-2.fna.fbcdn.net/o1/v/t2/f2/m366/AQMM_1BH_N2PtmgDX6b-Dqth9h_q940aATAPaQJuEWD0wnk8LucwwmE4e6U71TVb8acYQJk3Myw53xvYo4_NLnNj9yytmZZLOrm-_BAVeuQgCw.mp4?_nc_cat=111&_nc_oc=AdrBeVbvUoai71BT5raYGTeorQatKQmtZjkJXleBFaG9hEKo20V0w6SJ7LktUMTWRfsi3fuVO9dyUlPqPXlCbKuc&_nc_sid=b66105&_nc_ht=video.fblr20-2.fna.fbcdn.net&_nc_ohc=iMCsdzAUdgAQ7kNvwEvOcdS&efg=eyJ2ZW5jb2RlX3RhZyI6Inhwdl9wcm9ncmVzc2l2ZS5WSV9VU0VDQVNFX1BST0RVQ1RfVFlQRS4uQzMuNzIwLmRhc2hfaDI2NC1iYXNpYy1nZW4yXzcyMHAiLCJ4cHZfYXNzZXRfaWQiOjUxMDQ3NjYyODU0NTYxMiwiYXNzZXRfYWdlX2RheXMiOjYzNiwidmlfdXNlY2FzZV9pZCI6MTAxMzksImR1cmF0aW9uX3MiOjMwLCJ1cmxnZW5fc291cmNlIjoid3d3In0%3D&ccb=17-1&vs=91a2ee12c2eeac88&_nc_vs=HBksFQIYRWZiX2VwaGVtZXJhbC9CRDQxNURDM0NBNjFCMzY4NDk5Q0Y3RTJEQUI4Q0VCMl9tdF8xX3ZpZGVvX2Rhc2hpbml0Lm1wNBUAAsgBEgAVAhg1ZmJfcGVybWFuZW50LzE0NDA4MjIxMjMyNjc0MzhfMTM4OTExNzI5NTYxMTAxNDY1OS5tcDQVAgLIARIAKAAYABsCiAd1c2Vfb2lsATEScHJvZ3Jlc3NpdmVfcmVjaXBlATEVAAAmmMHiodOR6AEVAigCQzMsF0A-AAAAAAAAGBlkYXNoX2gyNjQtYmFzaWMtZ2VuMl83MjBwEQB1AGW2ngEA&_nc_gid=TakEFMEaHPoe0Su3RWXryg&_nc_ss=7f289&_nc_zt=28&oh=00_Af9nyFajiH_E2ztWP5IFrhAF8r7H5UQBtNPgwjW4bRWWMg&oe=6A43999D,https://scontent.fblr20-1.fna.fbcdn.net/v/t39.35426-6/641503860_2501712786944960_3682751630886505851_n.jpg?_nc_cat=110&ccb=1-7&_nc_sid=c53f8f&_nc_ohc=dQ0z0Pv3rZEQ7kNvwHyAQQO&_nc_oc=Adr6BxA-1Zr1tmCJKIAqk9Iul9y_dfabtVNs_fwvmrtMsfG_8bocm7C9Z5knmKv1OiTg4P2NIM1F5L5kBdCYCIt_&_nc_zt=14&_nc_ht=scontent.fblr20-1.fna&_nc_gid=TakEFMEaHPoe0Su3RWXryg&_nc_ss=7f289&oh=00_Af9TMD4EAVwGadOiAXqMtBqAvmNEwtcPozq-8rybzt-wGQ&oe=6A43A264,2026-06-30T10:25:33.000Z,2026-06-26
12,12,Duolingo,141935472517297,Duolingo,,IN,862072036697076,https://www.facebook.com/ads/library/?id=862072036697076,2026-02-05,,false,true,2,0,862072036697076,2026-02-05,,Duolingo is the world's #1 language learning app,Free language learning,Install now,http://play.google.com/store/apps/details?id=com.duolingo,"Facebook,Instagram,Audience Network,Messenger,Threads",Duolingo is the world's #1 language learning app,Free language learning,Install now,http://play.google.com/store/apps/details?id=com.duolingo,Video,"Facebook,Instagram,Audience Network,Messenger,Threads",1,0,9:16,https://video.fblr20-4.fna.fbcdn.net/o1/v/t2/f2/m366/AQPQobnQHPZpN7yxZy5nV5zvSlFdb1cgBSJColvzfXhfbiCAapOlxjAm01jZ4r1Q5BM84EkjVnFUL8uenkGLlznMb2QVwBntHyRLcNk9feraqQ.mp4?_nc_cat=103&_nc_oc=AdrjIcSsY-rYw2zSkXABLEaOJ4-3CtV_qkVhJlSW7kSlxruoSwghuXo5rvK4XR9Lwy34bupy_z-hEQFDtfUJa7yn&_nc_sid=b66105&_nc_ht=video.fblr20-4.fna.fbcdn.net&_nc_ohc=mrDSr29dyvAQ7kNvwEppx_p&efg=eyJ2ZW5jb2RlX3RhZyI6Inhwdl9wcm9ncmVzc2l2ZS5WSV9VU0VDQVNFX1BST0RVQ1RfVFlQRS4uQzMuNzIwLmRhc2hfaDI2NC1iYXNpYy1nZW4yXzcyMHAiLCJ4cHZfYXNzZXRfaWQiOjY1NjY1ODU3MDMzMzcwNCwiYXNzZXRfYWdlX2RheXMiOjQzMCwidmlfdXNlY2FzZV9pZCI6MTA3OTksImR1cmF0aW9uX3MiOjMwLCJ1cmxnZW5fc291cmNlIjoid3d3In0%3D&ccb=17-1&vs=344914c6cbc4878&_nc_vs=HBksFQIYRWZiX2VwaGVtZXJhbC9FMTQwODRGRTY1REUyNTZCNTYyMThDOTYxRjk1RDNBQV9tdF8xX3ZpZGVvX2Rhc2hpbml0Lm1wNBUAAsgBEgAVAhg6cGFzc3Rocm91Z2hfZXZlcnN0b3JlL0dDbDRTeDBHQ2lzc1AwWUVBQnZEMW1lcHhTOTBidjRHQUFBRhUCAsgBEgAoABgAGwKIB3VzZV9vaWwBMRJwcm9ncmVzc2l2ZV9yZWNpcGUBMRUAACaQuJbNx86qAhUCKAJDMywXQD4AAAAAAAAYGWRhc2hfaDI2NC1iYXNpYy1nZW4yXzcyMHARAHUAZd6oAQA&_nc_gid=TakEFMEaHPoe0Su3RWXryg&_nc_ss=7f289&_nc_zt=28&oh=00_Af-ZDI2Oh4JhlnYBnx3eXYogZ9N9BAI7xXeSvvSVUA8Egg&oe=6A438DC1,https://scontent.fblr20-4.fna.fbcdn.net/v/t39.35426-6/640863779_886112040715506_1715535586484828162_n.jpg?_nc_cat=103&ccb=1-7&_nc_sid=c53f8f&_nc_ohc=GtBi853qWtwQ7kNvwHeMjV8&_nc_oc=Adp-DeWUrjTeNkDKMp0r60D4J0mhjZTeayHeVivEJ1fn8c_Hss3nL2TI7RBcKo3KJAzYN7J4WeNvd_hZOTBSjwkS&_nc_zt=14&_nc_ht=scontent.fblr20-4.fna&_nc_gid=TakEFMEaHPoe0Su3RWXryg&_nc_ss=7f289&oh=00_Af-cs1ANMfHiJZaYzpLe7dysBwqu14XKd069fOH0SwkPjg&oe=6A43B271,2026-06-30T09:34:57.000Z,2026-06-26
13,12,Duolingo,141935472517297,Duolingo,,IN,862072036697076,https://www.facebook.com/ads/library/?id=862072036697076,2026-02-05,,false,true,2,1,4507707246125924,2026-01-29,,Duolingo is the world's #1 language learning app,Free language learning,Install now,http://play.google.com/store/apps/details?id=com.duolingo,"Facebook,Instagram,Audience Network,Messenger,Threads",Duolingo is the world's #1 language learning app,Free language learning,Install now,http://play.google.com/store/apps/details?id=com.duolingo,Video,"Facebook,Instagram,Audience Network,Messenger,Threads",1,0,9:16,https://video.fblr20-4.fna.fbcdn.net/o1/v/t2/f2/m366/AQPQobnQHPZpN7yxZy5nV5zvSlFdb1cgBSJColvzfXhfbiCAapOlxjAm01jZ4r1Q5BM84EkjVnFUL8uenkGLlznMb2QVwBntHyRLcNk9feraqQ.mp4?_nc_cat=103&_nc_oc=AdrjIcSsY-rYw2zSkXABLEaOJ4-3CtV_qkVhJlSW7kSlxruoSwghuXo5rvK4XR9Lwy34bupy_z-hEQFDtfUJa7yn&_nc_sid=b66105&_nc_ht=video.fblr20-4.fna.fbcdn.net&_nc_ohc=mrDSr29dyvAQ7kNvwEppx_p&efg=eyJ2ZW5jb2RlX3RhZyI6Inhwdl9wcm9ncmVzc2l2ZS5WSV9VU0VDQVNFX1BST0RVQ1RfVFlQRS4uQzMuNzIwLmRhc2hfaDI2NC1iYXNpYy1nZW4yXzcyMHAiLCJ4cHZfYXNzZXRfaWQiOjY1NjY1ODU3MDMzMzcwNCwiYXNzZXRfYWdlX2RheXMiOjQzMCwidmlfdXNlY2FzZV9pZCI6MTA3OTksImR1cmF0aW9uX3MiOjMwLCJ1cmxnZW5fc291cmNlIjoid3d3In0%3D&ccb=17-1&vs=344914c6cbc4878&_nc_vs=HBksFQIYRWZiX2VwaGVtZXJhbC9FMTQwODRGRTY1REUyNTZCNTYyMThDOTYxRjk1RDNBQV9tdF8xX3ZpZGVvX2Rhc2hpbml0Lm1wNBUAAsgBEgAVAhg6cGFzc3Rocm91Z2hfZXZlcnN0b3JlL0dDbDRTeDBHQ2lzc1AwWUVBQnZEMW1lcHhTOTBidjRHQUFBRhUCAsgBEgAoABgAGwKIB3VzZV9vaWwBMRJwcm9ncmVzc2l2ZV9yZWNpcGUBMRUAACaQuJbNx86qAhUCKAJDMywXQD4AAAAAAAAYGWRhc2hfaDI2NC1iYXNpYy1nZW4yXzcyMHARAHUAZd6oAQA&_nc_gid=TakEFMEaHPoe0Su3RWXryg&_nc_ss=7f289&_nc_zt=28&oh=00_Af-ZDI2Oh4JhlnYBnx3eXYogZ9N9BAI7xXeSvvSVUA8Egg&oe=6A438DC1,https://scontent.fblr20-3.fna.fbcdn.net/v/t39.35426-6/614852880_1415043943318261_4346494789930761800_n.jpg?_nc_cat=105&ccb=1-7&_nc_sid=c53f8f&_nc_ohc=imLiDiliv60Q7kNvwHBFjIy&_nc_oc=AdopDF2Q2mtmcjecmapfV50UwrkJF970Qp-A-t2k0lwRfaEGTQ4O8MSgCgucOJRbuA33_BtSsfPlQB6jYoti-ciE&_nc_zt=14&_nc_ht=scontent.fblr20-3.fna&_nc_gid=TakEFMEaHPoe0Su3RWXryg&_nc_ss=7f289&oh=00_Af8dMSUaYueG5duWEr8Dp9v7XjhZ5QvLZ1g00BcEeMRvmw&oe=6A439E62,2026-06-30T09:34:57.000Z,2026-06-26
14,13,Duolingo,141935472517297,Duolingo,,IN,1802153563815523,https://www.facebook.com/ads/library/?id=1802153563815523,2026-01-29,,false,false,1,0,,2026-01-29,,Learn a language for free with fun lessons designed to keep you motivated!,Free Language Learning,Install now,http://play.google.com/store/apps/details?id=com.duolingo,"Facebook,Instagram,Audience Network,Messenger,Threads",Learn a language for free with fun lessons designed to keep you motivated!,Free Language Learning,Install now,http://play.google.com/store/apps/details?id=com.duolingo,Image,"Facebook,Instagram,Audience Network,Messenger,Threads",1,0,1:1,,https://scontent.fblr20-4.fna.fbcdn.net/v/t39.35426-6/584967986_1313552154123237_72303472527570890_n.jpg?_nc_cat=106&ccb=1-7&_nc_sid=c53f8f&_nc_ohc=TpBZe0EPQ7gQ7kNvwEjBSGa&_nc_oc=AdqGghwJJ17egofSRUVsv-TitKXS3B72cC1dxCcSFfZdchle2ebjUlak_CSTm7eFA3OjP6EtG3xBaTtaef7u2DnH&_nc_zt=14&_nc_ht=scontent.fblr20-4.fna&_nc_gid=TakEFMEaHPoe0Su3RWXryg&_nc_ss=7f289&oh=00_Af_WQcvPZ8dL6-ZH27d2ZEMJQZPOg1kvc0scpthBFDvMRw&oe=6A43B19D,2026-06-30T12:07:57.000Z,2026-06-26
15,14,Duolingo,141935472517297,Duolingo,,IN,1215010424102742,https://www.facebook.com/ads/library/?id=1215010424102742,2026-01-29,,false,false,1,0,,2026-01-29,,Stop scrolling. Start checkmating. Learn chess for free with Duolingo.,New on Duolingo: Chess,Install now,http://play.google.com/store/apps/details?id=com.duolingo,"Facebook,Instagram,Audience Network,Messenger,Threads",Stop scrolling. Start checkmating. Learn chess for free with Duolingo.,New on Duolingo: Chess,Install now,http://play.google.com/store/apps/details?id=com.duolingo,Video,"Facebook,Instagram,Audience Network,Messenger,Threads",1,0,9:16,https://video.fblr20-1.fna.fbcdn.net/o1/v/t2/f2/m366/AQP_cS1F3A-RPDGzEXTYrT-fVNz6Akt8SH_wqzOBD93XBd5Gf7VobZkd7lPSvIxm26mHv5IKEyPB_MrCS_Gi6W60AE831wAHPnDvR_gIe43R2A.mp4?_nc_cat=110&_nc_oc=AdoZ90RcVr3KQXKgXummkWuSNtomPWvh1nvv67JfVBsSOr3k3LKEkgCsDmgwB7ekhl1twCOt9F5SXJgjCb0UvdEP&_nc_sid=b66105&_nc_ht=video.fblr20-1.fna.fbcdn.net&_nc_ohc=ZyrxeB3F4uEQ7kNvwEM9B4m&efg=eyJ2ZW5jb2RlX3RhZyI6Inhwdl9wcm9ncmVzc2l2ZS5WSV9VU0VDQVNFX1BST0RVQ1RfVFlQRS4uQzMuNzIwLmRhc2hfaDI2NC1iYXNpYy1nZW4yXzcyMHAiLCJ4cHZfYXNzZXRfaWQiOjg0NTA1MTQzMTc1OTc3OCwiYXNzZXRfYWdlX2RheXMiOjE5MCwidmlfdXNlY2FzZV9pZCI6MTA3OTksImR1cmF0aW9uX3MiOjU5LCJ1cmxnZW5fc291cmNlIjoid3d3In0%3D&ccb=17-1&vs=c7546a94b70765f5&_nc_vs=HBksFQIYRWZiX2VwaGVtZXJhbC9DMzQ4NDY2M0IxRDgxNTNDNUJEQUIwQTFBN0UxNzg4OF9tdF8xX3ZpZGVvX2Rhc2hpbml0Lm1wNBUAAsgBEgAVAhhAZmJfcGVybWFuZW50LzEwNDgzMDhFMEIxMDk0MzdCNkE3NUE2QzE5NTkwMTgyX2F1ZGlvX2Rhc2hpbml0Lm1wNBUCAsgBEgAoABgAGwKIB3VzZV9vaWwBMRJwcm9ncmVzc2l2ZV9yZWNpcGUBMRUAACbEvsHmu6SAAxUCKAJDMywXQE3qn752yLQYGWRhc2hfaDI2NC1iYXNpYy1nZW4yXzcyMHARAHUAZd6oAQA&_nc_gid=TakEFMEaHPoe0Su3RWXryg&_nc_ss=7f289&_nc_zt=28&oh=00_Af81_jn_8AOxb0227NYR2p0dDJqAvPrGINDhPRVLheNejA&oe=6A43B612,https://scontent.fblr20-5.fna.fbcdn.net/v/t39.35426-6/601433936_1749435715735855_5958598281472103043_n.jpg?_nc_cat=107&ccb=1-7&_nc_sid=c53f8f&_nc_ohc=jw8bsQ-n6Y0Q7kNvwE6ntlv&_nc_oc=AdoT5brHHLQkz1T1CndbRwKHHytguOM5iYlLYHYdJVsbMic3cildXZdS3tSSiomYQUHfAtp3-r4GOT_OmINj--M6&_nc_zt=14&_nc_ht=scontent.fblr20-5.fna&_nc_gid=TakEFMEaHPoe0Su3RWXryg&_nc_ss=7f289&oh=00_Af_-_GVSptvM0YrNYFXs2u0KOGq23VYIBGOp65Znh3svdQ&oe=6A438636,2026-06-30T12:26:58.000Z,2026-06-26
16,15,Duolingo,141935472517297,Duolingo,,IN,2008049966476696,https://www.facebook.com/ads/library/?id=2008049966476696,2026-01-29,,false,false,1,0,,2026-01-29,,Stop scrolling. Start checkmating. Learn chess for free with Duolingo.,New on Duolingo: Chess,Install now,http://play.google.com/store/apps/details?id=com.duolingo,"Facebook,Instagram,Audience Network,Messenger,Threads",Stop scrolling. Start checkmating. Learn chess for free with Duolingo.,New on Duolingo: Chess,Install now,http://play.google.com/store/apps/details?id=com.duolingo,Video,"Facebook,Instagram,Audience Network,Messenger,Threads",1,0,9:16,https://video.fblr20-2.fna.fbcdn.net/o1/v/t2/f2/m366/AQPbhy79Dj2Fb1s6pc0jeDX8-33sGVzgF9Lyzh7W-yGOo4IL_rVI5WsJdgVbtj118DLCpjFFYjtzasxY75GpIgw2nh05dPEtt6RJDyH9egLNfA.mp4?_nc_cat=111&_nc_oc=Ado9UWbmmPWLRxKlvLeQM2lg6gBtQVb7uhHjnSEdkasoy0RPvMTAtGwwYEie1HARRSjEzR5O6-nDxIN_d14BdpXD&_nc_sid=b66105&_nc_ht=video.fblr20-2.fna.fbcdn.net&_nc_ohc=m7QGMxA0INoQ7kNvwFC0ZM3&efg=eyJ2ZW5jb2RlX3RhZyI6Inhwdl9wcm9ncmVzc2l2ZS5WSV9VU0VDQVNFX1BST0RVQ1RfVFlQRS4uQzMuNzIwLmRhc2hfaDI2NC1iYXNpYy1nZW4yXzcyMHAiLCJ4cHZfYXNzZXRfaWQiOjQzMzgxMzQxNzk3OTExMTQsImFzc2V0X2FnZV9kYXlzIjoxOTAsInZpX3VzZWNhc2VfaWQiOjEwNzk5LCJkdXJhdGlvbl9zIjoyNiwidXJsZ2VuX3NvdXJjZSI6Ind3dyJ9&ccb=17-1&vs=4e487de0db1f8237&_nc_vs=HBksFQIYRWZiX2VwaGVtZXJhbC9ERjQ4M0Y2MTk3MTc1MzZCM0JGNzVERTAxNjIyRUFCMl9tdF8xX3ZpZGVvX2Rhc2hpbml0Lm1wNBUAAsgBEgAVAhhAZmJfcGVybWFuZW50L0RBNDFFRkVFQkQ5RTA1RDBDNTFBNzU5RTYxOTEzOEIyX2F1ZGlvX2Rhc2hpbml0Lm1wNBUCAsgBEgAoABgAGwKIB3VzZV9vaWwBMRJwcm9ncmVzc2l2ZV9yZWNpcGUBMRUAACaUhLKs0uC0DxUCKAJDMywXQDrcKPXCj1wYGWRhc2hfaDI2NC1iYXNpYy1nZW4yXzcyMHARAHUAZd6oAQA&_nc_gid=TakEFMEaHPoe0Su3RWXryg&_nc_ss=7f289&_nc_zt=28&oh=00_Af_HSIsNu5BJiTILAL3B23sMyY0CQofQQdG7Mwa-m9ux_w&oe=6A439E6D,https://scontent.fblr20-2.fna.fbcdn.net/v/t39.35426-6/600285311_1147997343827150_2048116999185418307_n.jpg?_nc_cat=111&ccb=1-7&_nc_sid=c53f8f&_nc_ohc=tDHYzSbLvbYQ7kNvwEDvJkS&_nc_oc=AdoIO7lBJCb_v7cvCNLZDUw76aLrJSYJGrHik4zcN-nfQiA-Y7aGui1g8gaNa3sZ_p6gmXbVkbqXLKIjw8kcIyud&_nc_zt=14&_nc_ht=scontent.fblr20-2.fna&_nc_gid=TakEFMEaHPoe0Su3RWXryg&_nc_ss=7f289&oh=00_Af9MHatOwjGJy5UIiKKTcsgvscEcoiV2EsYGPCI9ffuicA&oe=6A43B184,2026-06-30T10:46:05.000Z,2026-06-26
17,16,Duolingo,141935472517297,Duolingo,,IN,4047050955534121,https://www.facebook.com/ads/library/?id=4047050955534121,2026-02-05,,false,false,1,0,,2026-02-05,,Duolingo is the world's #1 language learning app,Free language learning,Install now,http://play.google.com/store/apps/details?id=com.duolingo,"Facebook,Instagram,Audience Network,Messenger,Threads",Duolingo is the world's #1 language learning app,Free language learning,Install now,http://play.google.com/store/apps/details?id=com.duolingo,Video,"Facebook,Instagram,Audience Network,Messenger,Threads",1,0,1:1,https://video.fblr20-2.fna.fbcdn.net/o1/v/t2/f2/m366/AQO6ok0DIvM_sxwaSx9zktpPqfWU5MDWgQxeevmzRvJhZlNUUosQYjj2FcYKw8cHkBlP2BhXe1cDyaP2sPn4TCeSkMGIcxFVs_LShzYXGLuh5g.mp4?_nc_cat=102&_nc_oc=AdrO6vl6E1b-OhXfBkeYcmnUjUOJ2UKSXfIYt8X3duJLCbu1sjmYcpP3OaiC807B27aorm4dbNBljl31Opp9HCku&_nc_sid=b66105&_nc_ht=video.fblr20-2.fna.fbcdn.net&_nc_ohc=aRRmpiF7Y3YQ7kNvwH4luVq&efg=eyJ2ZW5jb2RlX3RhZyI6Inhwdl9wcm9ncmVzc2l2ZS5WSV9VU0VDQVNFX1BST0RVQ1RfVFlQRS4uQzMuNzIwLmRhc2hfaDI2NC1iYXNpYy1nZW4yXzcyMHAiLCJ4cHZfYXNzZXRfaWQiOjEwNjIxNjAyMzg2MzExOTcsImFzc2V0X2FnZV9kYXlzIjo2MzYsInZpX3VzZWNhc2VfaWQiOjEwMTM5LCJkdXJhdGlvbl9zIjozMCwidXJsZ2VuX3NvdXJjZSI6Ind3dyJ9&ccb=17-1&vs=c5d66fd030f0a76c&_nc_vs=HBksFQIYRWZiX2VwaGVtZXJhbC83NTRCOEFGN0NFMEQ1MzY1OUY2RDUwQzZERDI0N0I5QV9tdF8xX3ZpZGVvX2Rhc2hpbml0Lm1wNBUAAsgBEgAVAhg1ZmJfcGVybWFuZW50LzEwNDYwNjM3NTAxMTczMDVfODUxNTkwODE5ODQ1OTI1MDk0MS5tcDQVAgLIARIAKAAYABsCiAd1c2Vfb2lsATEScHJvZ3Jlc3NpdmVfcmVjaXBlATEVAAAmuuS-u-6B4wMVAigCQzMsF0A-AAAAAAAAGBlkYXNoX2gyNjQtYmFzaWMtZ2VuMl83MjBwEQB1AGW2ngEA&_nc_gid=TakEFMEaHPoe0Su3RWXryg&_nc_ss=7f289&_nc_zt=28&oh=00_Af_AFRsMdp6LfmpPaULRNIpliOjAx6E5xwluPhWe7Qu3UA&oe=6A439DFE,https://scontent.fblr20-4.fna.fbcdn.net/v/t39.35426-6/641365222_797585726046560_864046007648031750_n.jpg?_nc_cat=103&ccb=1-7&_nc_sid=c53f8f&_nc_ohc=aEol3N27h78Q7kNvwFtunuT&_nc_oc=Adq3Wd36Z5uCksYgDzt2YhwkZVTjbG_RPQwJqP-4klklxOsymOjU-33reoFYPZfhQOIYifbZIRKc4VUPmkkRxPp-&_nc_zt=14&_nc_ht=scontent.fblr20-4.fna&_nc_gid=TakEFMEaHPoe0Su3RWXryg&_nc_ss=7f289&oh=00_Af_1QxWNvdrtd_YJLE-AoEDLgeyaoWZlgkA8xt3ZHL4KMg&oe=6A43B7A8,2026-06-30T10:44:14.000Z,2026-06-26
18,17,Duolingo,141935472517297,Duolingo,,IN,26572679392369522,https://www.facebook.com/ads/library/?id=26572679392369522,2026-04-03,,false,false,1,0,,2026-04-03,,تعلم لغة جديدة مجانًا مع دروس ممتعة مصممة لإبقائك متحمسًا!,ممتع. مجاني. فعال.,Install now,http://play.google.com/store/apps/details?id=com.duolingo,"Facebook,Instagram,Audience Network,Messenger,Threads",تعلم لغة جديدة مجانًا مع دروس ممتعة مصممة لإبقائك متحمسًا!,ممتع. مجاني. فعال.,Install now,http://play.google.com/store/apps/details?id=com.duolingo,Video,"Facebook,Instagram,Audience Network,Messenger,Threads",1,0,9:16,https://video.fblr20-4.fna.fbcdn.net/o1/v/t2/f2/m366/AQNABh15cNgO3evxG63AT7hQg9N9-xqSMFlyNEmzCMTnwFwA7ilbIZ8eUhSmq9jR0RswvsqQN8U9fipnYgvJu-uGxrTqHDFyMPjCdHRcgJSLxA.mp4?_nc_cat=106&_nc_oc=Ado2yGElwEfv7OdYPZnwXwoFbnK_9sCxy5Cobzpp_0vk3JGyiUH9XD-JKbSHR1HJmEX1-FVOnQddd05ZcHjdIGXC&_nc_sid=b66105&_nc_ht=video.fblr20-4.fna.fbcdn.net&_nc_ohc=THWEqzKnJh4Q7kNvwHcouj_&efg=eyJ2ZW5jb2RlX3RhZyI6Inhwdl9wcm9ncmVzc2l2ZS5WSV9VU0VDQVNFX1BST0RVQ1RfVFlQRS4uQzMuNzE2LmRhc2hfaDI2NC1iYXNpYy1nZW4yXzcyMHAiLCJ4cHZfYXNzZXRfaWQiOjI2MTgzOTI3NTE4ODk4NTQsImFzc2V0X2FnZV9kYXlzIjo4NCwidmlfdXNlY2FzZV9pZCI6MTA3OTksImR1cmF0aW9uX3MiOjYsInVybGdlbl9zb3VyY2UiOiJ3d3cifQ%3D%3D&ccb=17-1&vs=7ac2788bce6a8931&_nc_vs=HBksFQIYRWZiX2VwaGVtZXJhbC85NjRCRDlBNjZEMDhBMjUyMzZDMjc3NDkxOUEwQ0JCMF9tdF8xX3ZpZGVvX2Rhc2hpbml0Lm1wNBUAAsgBEgAVAhhAZmJfcGVybWFuZW50L0VFNEIxODM0QTY3ODBGMTcwRkZGOTNGRTIyQUYxNUFCX2F1ZGlvX2Rhc2hpbml0Lm1wNBUCAsgBEgAoABgAGwKIB3VzZV9vaWwBMRJwcm9ncmVzc2l2ZV9yZWNpcGUBMRUAACb89t6dwtqmCRUCKAJDMywXQBiIMSbpeNUYGWRhc2hfaDI2NC1iYXNpYy1nZW4yXzcyMHARAHUAZd6oAQA&_nc_gid=TakEFMEaHPoe0Su3RWXryg&_nc_ss=7f289&_nc_zt=28&oh=00_Af-iTEcjO9cbo73dVlUfjDdI566NSob9_pTpUx-SnnsXWg&oe=6A439F66,https://scontent.fblr20-4.fna.fbcdn.net/v/t39.35426-6/659148173_2326136581203478_9204447819750211728_n.jpg?_nc_cat=101&ccb=1-7&_nc_sid=c53f8f&_nc_ohc=Y8T7yZi0LaQQ7kNvwF4_mHv&_nc_oc=Adrb6ndO8rxVOGR6Q9mDWfg2PQsCaUmNc3AIObt4EH5rf5rgLgjBSyYUt8D9-flB-b31wFSIak0tHxwU7L2gRVl4&_nc_zt=14&_nc_ht=scontent.fblr20-4.fna&_nc_gid=TakEFMEaHPoe0Su3RWXryg&_nc_ss=7f289&oh=00_Af9NHYn2x8lORFwhdxK092ucTe28mHIOHIfB_wBXGn0Y0Q&oe=6A43950B,2026-06-30T10:50:14.000Z,2026-06-26
19,18,Duolingo,141935472517297,Duolingo,,IN,1394125836100311,https://www.facebook.com/ads/library/?id=1394125836100311,2026-06-17,,false,false,1,0,,2026-06-17,,"More than a game. Learn chess, math, music and more for free with Duolingo.",The world's #1 learning app,Install now,http://play.google.com/store/apps/details?id=com.duolingo,"Facebook,Instagram,Audience Network,Messenger,Threads","More than a game. Learn chess, math, music and more for free with Duolingo.",The world's #1 learning app,Install now,http://play.google.com/store/apps/details?id=com.duolingo,Video,"Facebook,Instagram,Audience Network,Messenger,Threads",1,0,1:1,https://video.fblr20-4.fna.fbcdn.net/o1/v/t2/f2/m366/AQPLHLp7kgBlC8E53anjltXF1OTba8nTBCEIlm-w6rGXEXtPjIv-lU2hNxCKbFMPphjHyFC8qOM62d1lbSclitL9UT67hfZSlpKvDK6PgtQj9Q.mp4?_nc_cat=101&_nc_oc=AdqVC1HqTTrDxSdTn-jEbXK3pcQ_wPdVobQajCHcE6-PaEkJHoUDzGxzT00fBu-9M4eIGokQwmk75WBB9HjgaLmg&_nc_sid=b66105&_nc_ht=video.fblr20-4.fna.fbcdn.net&_nc_ohc=CdZM35ZtpYIQ7kNvwH02vGq&efg=eyJ2ZW5jb2RlX3RhZyI6Inhwdl9wcm9ncmVzc2l2ZS5WSV9VU0VDQVNFX1BST0RVQ1RfVFlQRS4uQzMuNzIwLmRhc2hfaDI2NC1iYXNpYy1nZW4yXzcyMHAiLCJ4cHZfYXNzZXRfaWQiOjExMDEwNDA0Mzk2MDAwMDgsImFzc2V0X2FnZV9kYXlzIjo4LCJ2aV91c2VjYXNlX2lkIjoxMDc5OSwiZHVyYXRpb25fcyI6MTIsInVybGdlbl9zb3VyY2UiOiJ3d3cifQ%3D%3D&ccb=17-1&vs=6f02f2f8420d0d72&_nc_vs=HBksFQIYRWZiX2VwaGVtZXJhbC82NzQxOTVGNkI4QjNEMjNENTUxMDcwQUNEMjNEREU5Ml9tdF8xX3ZpZGVvX2Rhc2hpbml0Lm1wNBUAAsgBEgAVAhhAZmJfcGVybWFuZW50Lzc2NEY0NzQ5MDQwM0YzNDJEMkQ3NTY2MzdDQjEyMkI0X2F1ZGlvX2Rhc2hpbml0Lm1wNBUCAsgBEgAoABgAGwKIB3VzZV9vaWwBMRJwcm9ncmVzc2l2ZV9yZWNpcGUBMRUAACaQjsnE_tj0AxUCKAJDMywXQCiIMSbpeNUYGWRhc2hfaDI2NC1iYXNpYy1nZW4yXzcyMHARAHUAZd6oAQA&_nc_gid=TakEFMEaHPoe0Su3RWXryg&_nc_ss=7f289&_nc_zt=28&oh=00_Af96f5PQwLQAyd2ESBrIY9WtZluJQkvVugzDnJgMPFFIUw&oe=6A43ADDB,https://scontent.fblr20-5.fna.fbcdn.net/v/t39.35426-6/726969460_1536921191154905_7208240396301281719_n.jpg?_nc_cat=107&ccb=1-7&_nc_sid=c53f8f&_nc_ohc=HDnahee4vpgQ7kNvwHzp0z6&_nc_oc=AdoqF_zIP7Q-Lg8ddkFfg7nbcWuv7tyV569lPjMY4dg8XoXLi1E29a9gXIWTy5Quo8d39RT5JSKK8U5H1mYcNtqs&_nc_zt=14&_nc_ht=scontent.fblr20-5.fna&_nc_gid=TakEFMEaHPoe0Su3RWXryg&_nc_ss=7f289&oh=00_Af8cRpKX0JbcNiRAM3gIjsaQeVoNxzO0r6drhVMtMVFYVw&oe=6A43AE44,2026-06-30T11:51:55.000Z,2026-06-26
20,19,Duolingo,141935472517297,Duolingo,,IN,1757405299002125,https://www.facebook.com/ads/library/?id=1757405299002125,2026-04-16,,false,false,1,0,,2026-04-16,,Learn a language for free with fun lessons designed to keep you motivated!,Free Language Learning,Install now,http://play.google.com/store/apps/details?id=com.duolingo,"Facebook,Instagram,Audience Network,Messenger,Threads",Learn a language for free with fun lessons designed to keep you motivated!,Free Language Learning,Install now,http://play.google.com/store/apps/details?id=com.duolingo,Video,"Facebook,Instagram,Audience Network,Messenger,Threads",1,0,9:16,https://video.fblr20-1.fna.fbcdn.net/o1/v/t2/f2/m366/AQMUD9KtFy5y_k7YGd3T791da_XRCPVHozSC2hXwx8J4ejEOYSASA9VT5zGkjCp2qPAZdV2AvNYOF4thahUNHamdpfkG-lDMNZVBsjTy0lZOgQ.mp4?_nc_cat=110&_nc_oc=AdpFbgPeF5eGeueHFxr2dWytoM1GooYy6yXMCVtE2cvglGH0C-fIIxMjgWo0bCQQdBIrIjEQsXh52USGrtMS6-_E&_nc_sid=b66105&_nc_ht=video.fblr20-1.fna.fbcdn.net&_nc_ohc=3mN1nb3CNt0Q7kNvwFrFuEl&efg=eyJ2ZW5jb2RlX3RhZyI6Inhwdl9wcm9ncmVzc2l2ZS5WSV9VU0VDQVNFX1BST0RVQ1RfVFlQRS4uQzMuNzIwLmRhc2hfaDI2NC1iYXNpYy1nZW4yXzcyMHAiLCJ4cHZfYXNzZXRfaWQiOjE0NTk2NzQ3MDU4NTYxNzAsImFzc2V0X2FnZV9kYXlzIjo3MCwidmlfdXNlY2FzZV9pZCI6MTA3OTksImR1cmF0aW9uX3MiOjYsInVybGdlbl9zb3VyY2UiOiJ3d3cifQ%3D%3D&ccb=17-1&vs=c0f6d2a562ed1a42&_nc_vs=HBksFQIYRWZiX2VwaGVtZXJhbC9GNzQxRUJFRTcyMjI4REJDRkJCRkE5OEY5NEMyNUVBQV9tdF8xX3ZpZGVvX2Rhc2hpbml0Lm1wNBUAAsgBEgAVAhhAZmJfcGVybWFuZW50Lzc0NEE3RTg0NzFCRDZDNjE2Q0UwQUNDOEZDODU2REE3X2F1ZGlvX2Rhc2hpbml0Lm1wNBUCAsgBEgAoABgAGwKIB3VzZV9vaWwBMRJwcm9ncmVzc2l2ZV9yZWNpcGUBMRUAACbUmqSFoOSXBRUCKAJDMywXQBgp--dsi0QYGWRhc2hfaDI2NC1iYXNpYy1nZW4yXzcyMHARAHUAZd6oAQA&_nc_gid=TakEFMEaHPoe0Su3RWXryg&_nc_ss=7f289&_nc_zt=28&oh=00_Af9dFPIZkupANztlfkrNLZhbVzFLnnkllNsqjjx0EW3R2A&oe=6A439DA2,https://scontent.fblr20-2.fna.fbcdn.net/v/t39.35426-6/672684360_1462548065370543_3540444941255887356_n.jpg?_nc_cat=104&ccb=1-7&_nc_sid=c53f8f&_nc_ohc=UChPboMOiN4Q7kNvwEIai9k&_nc_oc=AdqMMOI54nZlpeW1meqL63r6YLD3twe0edsdUQ5UAEF_6oBCwqXVwMgH3G2mpX7iehviUCPTL2enqWjbpuftS0zz&_nc_zt=14&_nc_ht=scontent.fblr20-2.fna&_nc_gid=TakEFMEaHPoe0Su3RWXryg&_nc_ss=7f289&oh=00_Af8AvckxX4-V_1tMvDVBQ2_QwqQQAYbw7sHWiNWss-LVsg&oe=6A43A61A,2026-06-30T10:42:42.000Z,2026-06-26
21,20,Duolingo,141935472517297,Duolingo,,IN,2757075414671209,https://www.facebook.com/ads/library/?id=2757075414671209,2026-04-16,,false,false,1,0,,2026-04-16,,Stop scrolling. Start checkmating. Learn chess for free with Duolingo.,New on Duolingo: Chess,Install now,http://play.google.com/store/apps/details?id=com.duolingo,"Facebook,Instagram,Audience Network,Messenger,Threads",Stop scrolling. Start checkmating. Learn chess for free with Duolingo.,New on Duolingo: Chess,Install now,http://play.google.com/store/apps/details?id=com.duolingo,Video,"Facebook,Instagram,Audience Network,Messenger,Threads",1,0,1:1,https://video.fblr20-4.fna.fbcdn.net/o1/v/t2/f2/m366/AQNyvBlKcCtKRik0hmMr7LOUczK9lsy-o93g-TvgZusL5bAQzSlJQmL6JFkPOtcymdumRmwOLxa4LKSDnM-AOUKew0ik7sZh7hTIjQ_Cq85uzw.mp4?_nc_cat=106&_nc_oc=AdpUppGgIhaOeozCklWJkxn-0uTNnif4oXdp8V0wNQZthBdyFJLGTNjXfqnGEeCXM7B9Dr3e_ZQFHgNFp_QzlkVE&_nc_sid=b66105&_nc_ht=video.fblr20-4.fna.fbcdn.net&_nc_ohc=u1VUekLlM4gQ7kNvwEcvsV0&efg=eyJ2ZW5jb2RlX3RhZyI6Inhwdl9wcm9ncmVzc2l2ZS5WSV9VU0VDQVNFX1BST0RVQ1RfVFlQRS4uQzMuNzIwLmRhc2hfaDI2NC1iYXNpYy1nZW4yXzcyMHAiLCJ4cHZfYXNzZXRfaWQiOjQyNTc2MDc0OTExMjc0NTMsImFzc2V0X2FnZV9kYXlzIjo2OSwidmlfdXNlY2FzZV9pZCI6MTA3OTksImR1cmF0aW9uX3MiOjMwLCJ1cmxnZW5fc291cmNlIjoid3d3In0%3D&ccb=17-1&vs=694273a4b2df4d6b&_nc_vs=HBksFQIYRWZiX2VwaGVtZXJhbC9EMjRBM0M5NzQwMDg3NTQyODBDMjNGOTgxRDk0RENBNF9tdF8xX3ZpZGVvX2Rhc2hpbml0Lm1wNBUAAsgBEgAVAhhAZmJfcGVybWFuZW50LzAxNDg1Nzg4OTVGN0NENkI3OEM3OEIyRkQ5MjZBMEFBX2F1ZGlvX2Rhc2hpbml0Lm1wNBUCAsgBEgAoABgAGwKIB3VzZV9vaWwBMRJwcm9ncmVzc2l2ZV9yZWNpcGUBMRUAACa6otDhr5GQDxUCKAJDMywXQD4AAAAAAAAYGWRhc2hfaDI2NC1iYXNpYy1nZW4yXzcyMHARAHUAZd6oAQA&_nc_gid=TakEFMEaHPoe0Su3RWXryg&_nc_ss=7f289&_nc_zt=28&oh=00_Af8ksPUZ7-Z8atURnrWkt6a5KilzeD3zFa6KATF4ncAnZw&oe=6A43A776,https://scontent.fblr20-2.fna.fbcdn.net/v/t39.35426-6/674240807_1729212991776776_7052320544605950495_n.jpg?_nc_cat=102&ccb=1-7&_nc_sid=c53f8f&_nc_ohc=CpRxEEeP3ZMQ7kNvwH5SCig&_nc_oc=AdpJhiEsMIgRN4rBQTB7xYwdlmOYago_XVxrtC6C_if4o97BO0qqj4CrnuGHguRHA4KDEX9Hnhw9HlPz3PYaXDNz&_nc_zt=14&_nc_ht=scontent.fblr20-2.fna&_nc_gid=TakEFMEaHPoe0Su3RWXryg&_nc_ss=7f289&oh=00_Af8dkKwv1Uj_JpN39f579FvnekVir2VZIHE3tKRivA289A&oe=6A43883B,2026-06-30T11:24:38.000Z,2026-06-26
22,21,Duolingo,141935472517297,Duolingo,,IN,1498337882301575,https://www.facebook.com/ads/library/?id=1498337882301575,2026-01-29,,false,false,1,0,,2026-01-29,,Learn a language for free with fun lessons designed to keep you motivated!,Free Language Learning,Install now,http://play.google.com/store/apps/details?id=com.duolingo,"Facebook,Instagram,Audience Network,Messenger,Threads",Learn a language for free with fun lessons designed to keep you motivated!,Free Language Learning,Install now,http://play.google.com/store/apps/details?id=com.duolingo,Video,"Facebook,Instagram,Audience Network,Messenger,Threads",1,0,4:5,https://video.fblr20-2.fna.fbcdn.net/o1/v/t2/f2/m366/AQMbzaQZau3KQWtu3WofUvZRoO7MuvziPbdmRqUDsMx3yz59n6PUuhhzPhyQY-vNtY5UhOuMuW_oNpgRLe4bEIpII2m74jvVkkKMiBPqb9JQPw.mp4?_nc_cat=111&_nc_oc=Adr1xLCvdtyHfrxuV67Mxoo59w4luBP8ldOaQL62sriqAc0xWV_4IWtA2Z4_NEZgMiLb23SACYkOrmk8Y9R7NitH&_nc_sid=b66105&_nc_ht=video.fblr20-2.fna.fbcdn.net&_nc_ohc=OWjBmHhLmZQQ7kNvwH7n1ZO&efg=eyJ2ZW5jb2RlX3RhZyI6Inhwdl9wcm9ncmVzc2l2ZS5WSV9VU0VDQVNFX1BST0RVQ1RfVFlQRS4uQzMuNzIwLmRhc2hfaDI2NC1iYXNpYy1nZW4yXzcyMHAiLCJ4cHZfYXNzZXRfaWQiOjgyNzc2NDk5NjIxOTI1NSwiYXNzZXRfYWdlX2RheXMiOjY2OCwidmlfdXNlY2FzZV9pZCI6MTAxMzksImR1cmF0aW9uX3MiOjI4LCJ1cmxnZW5fc291cmNlIjoid3d3In0%3D&ccb=17-1&vs=6e9ed8f6f47f53b&_nc_vs=HBksFQIYRWZiX2VwaGVtZXJhbC85QTREMjMxOTEwNThDODQ4QzQzMzE1RjdGMzkyMTZCMl9tdF8xX3ZpZGVvX2Rhc2hpbml0Lm1wNBUAAsgBEgAVAhhAZmJfZXBoZW1lcmFsLzI4NDY5QjFBMjY4MUFEQTk2Q0M0MUFGRjg3RDgyMEFFX2F1ZGlvX2Rhc2hpbml0Lm1wNBUCAsgBEgAoABgAGwKIB3VzZV9vaWwBMRJwcm9ncmVzc2l2ZV9yZWNpcGUBMRUAACbuhfXoobb4AhUCKAJDMywXQDzdsi0OVgQYGWRhc2hfaDI2NC1iYXNpYy1nZW4yXzcyMHARAHUAZbaeAQA&_nc_gid=TakEFMEaHPoe0Su3RWXryg&_nc_ss=7f289&_nc_zt=28&oh=00_Af_fahOIyIy5914bmcZ2kJp-tdXke7wlvTbjrtOBqMhrrw&oe=6A438DD5,https://scontent.fblr20-1.fna.fbcdn.net/v/t39.35426-6/585612260_1392642345578137_523539115097586442_n.jpg?_nc_cat=108&ccb=1-7&_nc_sid=c53f8f&_nc_ohc=r4nyNe614MMQ7kNvwF_Kq3H&_nc_oc=AdoKeeAWULRnmmgMSTlzGC1Esgy3kDMNM9pqhD4QiL27kdE_DMnacMmjeB7A2LDrTlRDnKteTrekb5P7hJBxScnY&_nc_zt=14&_nc_ht=scontent.fblr20-1.fna&_nc_gid=TakEFMEaHPoe0Su3RWXryg&_nc_ss=7f289&oh=00_Af__HSpVGctv0HmqI2PcDHv6xyqS48slVcK886x8en4aiQ&oe=6A43ABE2,2026-06-30T09:35:17.000Z,2026-06-26
23,22,Duolingo,141935472517297,Duolingo,,IN,1315729067327013,https://www.facebook.com/ads/library/?id=1315729067327013,2026-03-12,,false,false,1,0,,2026-03-12,,Duolingo is the world's #1 language learning app,Free Language Learning,Install now,http://play.google.com/store/apps/details?id=com.duolingo,"Facebook,Instagram,Audience Network,Messenger,Threads",Duolingo is the world's #1 language learning app,Free Language Learning,Install now,http://play.google.com/store/apps/details?id=com.duolingo,Video,"Facebook,Instagram,Audience Network,Messenger,Threads",1,0,1:1,https://video.fblr20-3.fna.fbcdn.net/o1/v/t2/f2/m366/AQPFTkAtARyBkJNjeMxXhYgqC6e5AghSrDUcF4oY08JJJfLgdsPAYLjW_xquyPUMCjLUbkBTJBrcwfbIMFi5y_ubkoRt3_jdQPs6g6_zNE0qYw.mp4?_nc_cat=109&_nc_oc=Adrw4ZaCpu31iUpn2Da_DmUg0PUsSGWYlhKflOlUthHzhnFYrENX99FscrpFU5EiC5Hp9shXBTLv9fVwBrQSDSJD&_nc_sid=b66105&_nc_ht=video.fblr20-3.fna.fbcdn.net&_nc_ohc=2MpbLcAm-HgQ7kNvwF4nGEV&efg=eyJ2ZW5jb2RlX3RhZyI6Inhwdl9wcm9ncmVzc2l2ZS5WSV9VU0VDQVNFX1BST0RVQ1RfVFlQRS4uQzMuNzIwLmRhc2hfaDI2NC1iYXNpYy1nZW4yXzcyMHAiLCJ4cHZfYXNzZXRfaWQiOjgzMTM3OTU2OTkxOTE3MiwiYXNzZXRfYWdlX2RheXMiOjEzOSwidmlfdXNlY2FzZV9pZCI6MTA3OTksImR1cmF0aW9uX3MiOjI4LCJ1cmxnZW5fc291cmNlIjoid3d3In0%3D&ccb=17-1&vs=da8f8e6aa6d9252d&_nc_vs=HBksFQIYRWZiX2VwaGVtZXJhbC9GODRCNERBMDA5MjE0MUNDMzdBMzhEOUQ2REFGMDI4RV9tdF8xX3ZpZGVvX2Rhc2hpbml0Lm1wNBUAAsgBEgAVAhhAZmJfcGVybWFuZW50LzQzNEQ5NkUzRUU0NkZERjlBQzQxRTkyRDE1ODAwRjhFX2F1ZGlvX2Rhc2hpbml0Lm1wNBUCAsgBEgAoABgAGwKIB3VzZV9vaWwBMRJwcm9ncmVzc2l2ZV9yZWNpcGUBMRUAACaIk4K_1Ij6AhUCKAJDMywXQDy7peNT988YGWRhc2hfaDI2NC1iYXNpYy1nZW4yXzcyMHARAHUAZd6oAQA&_nc_gid=TakEFMEaHPoe0Su3RWXryg&_nc_ss=7f289&_nc_zt=28&oh=00_Af-H9X4eJ-0ilG8gPeGkHQckWzVM7wQA3ecp7Qni8wdGZw&oe=6A43B7E3,https://scontent.fblr20-2.fna.fbcdn.net/v/t39.35426-6/650949654_4301971383413798_2345154114629063326_n.jpg?_nc_cat=111&ccb=1-7&_nc_sid=c53f8f&_nc_ohc=4xlN4X7L3y8Q7kNvwHBzJSn&_nc_oc=AdofwLeuCRPV6IsvZNuZQu0bsAcCq5h4qxze1ovb-nJ92D9tda23cyu5UE9CEKCHnDZO9qYWBfnPUHH2wUpkgPKP&_nc_zt=14&_nc_ht=scontent.fblr20-2.fna&_nc_gid=TakEFMEaHPoe0Su3RWXryg&_nc_ss=7f289&oh=00_Af8wR_raThW3o43qYwgZ56jGrk_3EXNaBqM_hX_bRbEfNA&oe=6A438F5A,2026-06-30T12:34:43.000Z,2026-06-26
24,23,Duolingo,141935472517297,Duolingo,,IN,3128929950636792,https://www.facebook.com/ads/library/?id=3128929950636792,2026-02-26,,false,false,1,0,,2026-02-26,,Stop scrolling. Start checkmating. Learn chess for free with Duolingo.,New on Duolingo: Chess,Install now,http://play.google.com/store/apps/details?id=com.duolingo,"Facebook,Instagram,Audience Network,Messenger,Threads",Stop scrolling. Start checkmating. Learn chess for free with Duolingo.,New on Duolingo: Chess,Install now,http://play.google.com/store/apps/details?id=com.duolingo,Video,"Facebook,Instagram,Audience Network,Messenger,Threads",1,0,1:1,https://video.fblr20-5.fna.fbcdn.net/o1/v/t2/f2/m366/AQPitvepax2Lyg36VoxVA9MVFXUoRxUHcrPBGOEqQ91iEu3vKKkp4fIbpLsb1QrpxnROeUWjWE6GzgU70yRpBwsCjI6ZY-hvPFXs0MwgTD2T4A.mp4?_nc_cat=107&_nc_oc=Adry7IuCHmKGwHi3tICl6VHV8jfyqRbgeD1xABwL8HhrlnxTEkfjMuRweS5uaZGeo8m9W1_9xWEgcwFG5kIZQwk_&_nc_sid=b66105&_nc_ht=video.fblr20-5.fna.fbcdn.net&_nc_ohc=JoL7XsINGpcQ7kNvwFNxmmy&efg=eyJ2ZW5jb2RlX3RhZyI6Inhwdl9wcm9ncmVzc2l2ZS5WSV9VU0VDQVNFX1BST0RVQ1RfVFlQRS4uQzMuNzIwLmRhc2hfaDI2NC1iYXNpYy1nZW4yXzcyMHAiLCJ4cHZfYXNzZXRfaWQiOjEyNjkwMTU0Nzg0ODAzNDYsImFzc2V0X2FnZV9kYXlzIjoxMTksInZpX3VzZWNhc2VfaWQiOjEwNzk5LCJkdXJhdGlvbl9zIjoxOSwidXJsZ2VuX3NvdXJjZSI6Ind3dyJ9&ccb=17-1&vs=339a387b349d59be&_nc_vs=HBksFQIYRWZiX2VwaGVtZXJhbC82RDRGNTZDMDU0OEY1RUVFNUY2OTUyNjEwRUQ4NUFBOF9tdF8xX3ZpZGVvX2Rhc2hpbml0Lm1wNBUAAsgBEgAVAhhAZmJfcGVybWFuZW50L0VBNDdEOTk2OTFDNTZFNzFCQTg5Mjc1MjY2QjU0RjhCX2F1ZGlvX2Rhc2hpbml0Lm1wNBUCAsgBEgAoABgAGwKIB3VzZV9vaWwBMRJwcm9ncmVzc2l2ZV9yZWNpcGUBMRUAACa0t_mMtorBBBUCKAJDMywXQDPk3S8an74YGWRhc2hfaDI2NC1iYXNpYy1nZW4yXzcyMHARAHUAZd6oAQA&_nc_gid=TakEFMEaHPoe0Su3RWXryg&_nc_ss=7f289&_nc_zt=28&oh=00_Af_mOWk2-E3n436TSG-zcrSgMB-8qWDEq7Y9-xd5v1BniQ&oe=6A438939,https://scontent.fblr20-2.fna.fbcdn.net/v/t39.35426-6/643759184_25822946200660404_3806849277469503269_n.jpg?_nc_cat=104&ccb=1-7&_nc_sid=c53f8f&_nc_ohc=cyCgVsDIq-0Q7kNvwG92PdE&_nc_oc=AdrHCvYgeJktNPQ4CUs4thnvJYDL0uKkp6QwtI7MVEqnNPaWbv9h7wLPPM43Mpj2_JU6lDL0CCdUp7g2X07JS5Aa&_nc_zt=14&_nc_ht=scontent.fblr20-2.fna&_nc_gid=TakEFMEaHPoe0Su3RWXryg&_nc_ss=7f289&oh=00_Af_5Ewq_z5vY24tVMuSWqoYY0RRz5r09--qXJU5lcBdxKw&oe=6A4390E0,2026-06-30T09:15:37.000Z,2026-06-26
25,24,Duolingo,141935472517297,Duolingo,,IN,964644499361286,https://www.facebook.com/ads/library/?id=964644499361286,2026-04-01,,false,false,1,0,,2026-04-01,,"More than a game. Learn chess, math, music and more for free with Duolingo.",The world's #1 learning app,Install now,http://play.google.com/store/apps/details?id=com.duolingo,"Facebook,Instagram,Audience Network,Messenger,Threads","More than a game. Learn chess, math, music and more for free with Duolingo.",The world's #1 learning app,Install now,http://play.google.com/store/apps/details?id=com.duolingo,Video,"Facebook,Instagram,Audience Network,Messenger,Threads",1,0,1:1,https://video.fblr20-2.fna.fbcdn.net/o1/v/t2/f2/m366/AQOWelDOiUh_-E9-G7OrJTanX3T8B4RFVyg2RIy8bWeNKG4c7cULF1ssRVSjGWM52EcyPy6t1hnVn3sKtWhlwV_7jRwx3sm-MP1aC3XIPqLa2Q.mp4?_nc_cat=111&_nc_oc=AdqkIriPxPJswevLesh7M1UyV0yEOKfESZ_KiUQG_BjNBfYLvH4e2Xq-SAgWaGAlV0_YPmPU3x9w03AweGJnepV2&_nc_sid=b66105&_nc_ht=video.fblr20-2.fna.fbcdn.net&_nc_ohc=9rtaUDRFLskQ7kNvwF9e8fL&efg=eyJ2ZW5jb2RlX3RhZyI6Inhwdl9wcm9ncmVzc2l2ZS5WSV9VU0VDQVNFX1BST0RVQ1RfVFlQRS4uQzMuNzIwLmRhc2hfaDI2NC1iYXNpYy1nZW4yXzcyMHAiLCJ4cHZfYXNzZXRfaWQiOjk1MDIyMTUzMDgyNTIxNCwiYXNzZXRfYWdlX2RheXMiOjg0LCJ2aV91c2VjYXNlX2lkIjoxMDc5OSwiZHVyYXRpb25fcyI6MTMsInVybGdlbl9zb3VyY2UiOiJ3d3cifQ%3D%3D&ccb=17-1&vs=4ed99bec8ac02b32&_nc_vs=HBksFQIYRWZiX2VwaGVtZXJhbC80QjRFRkY5NkM3NDI4RjY5RjY2Q0UzQjY4MjIyNTU5Nl9tdF8xX3ZpZGVvX2Rhc2hpbml0Lm1wNBUAAsgBEgAVAhhAZmJfcGVybWFuZW50LzlCNDQwNDMwQkYyRDg1QTFDNUE4MDk1ODRGODRBRDg3X2F1ZGlvX2Rhc2hpbml0Lm1wNBUCAsgBEgAoABgAGwKIB3VzZV9vaWwBMRJwcm9ncmVzc2l2ZV9yZWNpcGUBMRUAACb8h-yMlo6wAxUCKAJDMywXQCqZmZmZmZoYGWRhc2hfaDI2NC1iYXNpYy1nZW4yXzcyMHARAHUAZd6oAQA&_nc_gid=TakEFMEaHPoe0Su3RWXryg&_nc_ss=7f289&_nc_zt=28&oh=00_Af-uyy1Cq33CP81cdj3W394o0_0FaE9PdKr-uevSwks4Iw&oe=6A43B831,https://scontent.fblr20-1.fna.fbcdn.net/v/t39.35426-6/658342378_26200020293026911_4132606907322403139_n.jpg?_nc_cat=110&ccb=1-7&_nc_sid=c53f8f&_nc_ohc=S1KPRoOS_doQ7kNvwGmprvf&_nc_oc=AdohgTE7iJFTo9vvAdChd61Bjzr5GQM9i4pSh5Ikv-0YdAjVuALP_TEIm-h7kgGRE7DfhnZg42mBprbOyHEbCJjk&_nc_zt=14&_nc_ht=scontent.fblr20-1.fna&_nc_gid=TakEFMEaHPoe0Su3RWXryg&_nc_ss=7f289&oh=00_Af_IQTJ-MXip8rZ2XoX-4vCJgORDHnWW-1eS2imID6MMwg&oe=6A439B8B,2026-06-30T12:36:01.000Z,2026-06-26
26,25,Duolingo,141935472517297,Duolingo,,IN,1595782761518272,https://www.facebook.com/ads/library/?id=1595782761518272,2026-05-28,,false,false,1,0,,2026-05-28,,"More than a game. Learn chess, math, music and more for free with Duolingo.",The world's #1 learning app,Install now,http://play.google.com/store/apps/details?id=com.duolingo,"Facebook,Instagram,Audience Network,Messenger,Threads","More than a game. Learn chess, math, music and more for free with Duolingo.",The world's #1 learning app,Install now,http://play.google.com/store/apps/details?id=com.duolingo,Video,"Facebook,Instagram,Audience Network,Messenger,Threads",1,0,1:1,https://video.fblr20-5.fna.fbcdn.net/o1/v/t2/f2/m366/AQOcHT0fwr0LJz485cAk_KoTZ4c1AAIgkytnShyqlc_765Jxa3zIYNbEj9O2WDdzA_ejRNUBeWWmY25xDWXn4kd4pYaCkgwCIfG27MUFhyhwPA.mp4?_nc_cat=107&_nc_oc=AdqwLmhvrlFbmcgTBHWBJaF7kZ4EZO59CGEacIHQhrh6Pu2Yo37YOVUa-wokwOkyKA6-aLVTDix_gr2oZew7Ah7T&_nc_sid=b66105&_nc_ht=video.fblr20-5.fna.fbcdn.net&_nc_ohc=DssDQuntm88Q7kNvwGAJp_r&efg=eyJ2ZW5jb2RlX3RhZyI6Inhwdl9wcm9ncmVzc2l2ZS5WSV9VU0VDQVNFX1BST0RVQ1RfVFlQRS4uQzMuNzIwLmRhc2hfaDI2NC1iYXNpYy1nZW4yXzcyMHAiLCJ4cHZfYXNzZXRfaWQiOjIxNjEzODUyODEyODU5MzgsImFzc2V0X2FnZV9kYXlzIjoyNywidmlfdXNlY2FzZV9pZCI6MTA3OTksImR1cmF0aW9uX3MiOjI0LCJ1cmxnZW5fc291cmNlIjoid3d3In0%3D&ccb=17-1&vs=f2dfe073733328fd&_nc_vs=HBksFQIYRWZiX2VwaGVtZXJhbC8yOTQxQjZCMEQ5NTgxNDQyRUQ3NDM5Qjc3NDYwNjg5MF9tdF8xX3ZpZGVvX2Rhc2hpbml0Lm1wNBUAAsgBEgAVAhhAZmJfcGVybWFuZW50LzA4NENEREU3NzI2MkRCNEFGQzY1MjQ5RkI5MTM3OEFFX2F1ZGlvX2Rhc2hpbml0Lm1wNBUCAsgBEgAoABgAGwKIB3VzZV9vaWwBMRJwcm9ncmVzc2l2ZV9yZWNpcGUBMRUAACbkvM-el_HWBxUCKAJDMywXQDgGJN0vGqAYGWRhc2hfaDI2NC1iYXNpYy1nZW4yXzcyMHARAHUAZd6oAQA&_nc_gid=TakEFMEaHPoe0Su3RWXryg&_nc_ss=7f289&_nc_zt=28&oh=00_Af_K4pRf5Y7IdC3YjCVXF28pAE5n7Xaznw1zSxf0-QsV1A&oe=6A43AD35,https://scontent.fblr20-2.fna.fbcdn.net/v/t39.35426-6/709036761_862972866231940_2726560698756437140_n.jpg?_nc_cat=111&ccb=1-7&_nc_sid=c53f8f&_nc_ohc=tY1vDtXC2zQQ7kNvwFAJiDj&_nc_oc=AdoND-ORS1cd7fUhyhwnVNggC6iqEKpliTLm7e2pfwVqAsG67D5V5JDVoZBQv0OOf1ShqZM6X9WodvLduGi8JWWE&_nc_zt=14&_nc_ht=scontent.fblr20-2.fna&_nc_gid=TakEFMEaHPoe0Su3RWXryg&_nc_ss=7f289&oh=00_Af-Yh6g2Hi5OvmSm8EbiNRi_k6T3vmMT51PURY053tQwOw&oe=6A43ACB3,2026-06-30T11:49:09.000Z,2026-06-26
27,26,Duolingo,141935472517297,Duolingo,,IN,1432590688916824,https://www.facebook.com/ads/library/?id=1432590688916824,2026-06-17,,false,false,1,0,,2026-06-17,,"More than a game. Learn chess, math, music and more for free with Duolingo.",The world's #1 learning app,Install now,http://play.google.com/store/apps/details?id=com.duolingo,"Facebook,Instagram,Audience Network,Messenger,Threads","More than a game. Learn chess, math, music and more for free with Duolingo.",The world's #1 learning app,Install now,http://play.google.com/store/apps/details?id=com.duolingo,Video,"Facebook,Instagram,Audience Network,Messenger,Threads",1,0,1:1,https://video.fblr20-1.fna.fbcdn.net/o1/v/t2/f2/m366/AQP7c09jvkT9un2qk7t3OnTber9ZE1--5lAgSW9UpNUhjFoQJfnAHTg7_l-l3WEH7nZeITlgJ1CJ1NaKGGHZNAG6Z4ZOhWdA4OMWhcjY-Sd5hQ.mp4?_nc_cat=110&_nc_oc=Adpdg0RbLZfP1QjE4u_-GYTgKp0xZaU2ghH5IxRW69ouMwNWLfR5EPQwdOQ7-wQcW1JSUK24DVk54mBRrY5F6H82&_nc_sid=b66105&_nc_ht=video.fblr20-1.fna.fbcdn.net&_nc_ohc=F2AxqvMFkdsQ7kNvwGnWvSP&efg=eyJ2ZW5jb2RlX3RhZyI6Inhwdl9wcm9ncmVzc2l2ZS5WSV9VU0VDQVNFX1BST0RVQ1RfVFlQRS4uQzMuNzIwLmRhc2hfaDI2NC1iYXNpYy1nZW4yXzcyMHAiLCJ4cHZfYXNzZXRfaWQiOjExODQyNTI2MjM4NDIyMDksImFzc2V0X2FnZV9kYXlzIjo4LCJ2aV91c2VjYXNlX2lkIjoxMDc5OSwiZHVyYXRpb25fcyI6NywidXJsZ2VuX3NvdXJjZSI6Ind3dyJ9&ccb=17-1&vs=a93c6a0a26e50fdb&_nc_vs=HBksFQIYRWZiX2VwaGVtZXJhbC8xODRGREJGNzczQjZFODQzNkMwNTYwMTkzRjdFNjdCNV9tdF8xX3ZpZGVvX2Rhc2hpbml0Lm1wNBUAAsgBEgAVAhhAZmJfcGVybWFuZW50LzU3NDI1MzUyNzRGMDU4MjM2MEQzMkQxM0ZEMjA1OTg5X2F1ZGlvX2Rhc2hpbml0Lm1wNBUCAsgBEgAoABgAGwKIB3VzZV9vaWwBMRJwcm9ncmVzc2l2ZV9yZWNpcGUBMRUAACbCrr_PycSaBBUCKAJDMywXQB3dLxqfvncYGWRhc2hfaDI2NC1iYXNpYy1nZW4yXzcyMHARAHUAZd6oAQA&_nc_gid=TakEFMEaHPoe0Su3RWXryg&_nc_ss=7f289&_nc_zt=28&oh=00_Af9vIhVQqq8Mr5oP414024XfH9Cbkd1W6ImWRK6CssSbcw&oe=6A438A16,https://scontent.fblr20-1.fna.fbcdn.net/v/t39.35426-6/726988870_1345315780892786_3010475901589082304_n.jpg?_nc_cat=110&ccb=1-7&_nc_sid=c53f8f&_nc_ohc=Zgq7ufvxZuIQ7kNvwH8XT75&_nc_oc=Adr9pZwcDOU3w90E_o37zWAhONvk_XKUHPVeAg0RUT8_NwAx0YIyGlxdTRLl4R-w-Igp0-H4vnAcnlAhi9uyuI7-&_nc_zt=14&_nc_ht=scontent.fblr20-1.fna&_nc_gid=TakEFMEaHPoe0Su3RWXryg&_nc_ss=7f289&oh=00_Af_hpnRUQWUg3PRKjgxtG51Y-mv77emMXVeJ3huVA3zpWg&oe=6A43B96C,2026-06-30T09:19:18.000Z,2026-06-26
28,27,Duolingo,141935472517297,Duolingo,,IN,2207673653307134,https://www.facebook.com/ads/library/?id=2207673653307134,2026-04-16,,false,false,1,0,,2026-04-16,,Stop scrolling. Start checkmating. Learn chess for free with Duolingo.,New on Duolingo: Chess,Install now,http://play.google.com/store/apps/details?id=com.duolingo,"Facebook,Instagram,Audience Network,Messenger,Threads",Stop scrolling. Start checkmating. Learn chess for free with Duolingo.,New on Duolingo: Chess,Install now,http://play.google.com/store/apps/details?id=com.duolingo,Video,"Facebook,Instagram,Audience Network,Messenger,Threads",1,0,1:1,https://video.fblr20-2.fna.fbcdn.net/o1/v/t2/f2/m366/AQPtjYmmVIRxneNOOgzaKM_E-TVmz6Nt1lMHbin-v1x3td4ToO7DJmjGo1eEEmt5vun9C2IBf9xaaQX-8WlFdUXz8kwKOPlTNyysUdnMGdHjFw.mp4?_nc_cat=102&_nc_oc=Ado3CJk8AL7MuPxlDSRiIMryRgipYnHHT7fcH_N3qKMm1rf7IXL07SKUipouIeU8LvQbvOq3j2XwH1pd4D9yR6Z9&_nc_sid=b66105&_nc_ht=video.fblr20-2.fna.fbcdn.net&_nc_ohc=NVa-KTrx1-0Q7kNvwEc1F0R&efg=eyJ2ZW5jb2RlX3RhZyI6Inhwdl9wcm9ncmVzc2l2ZS5WSV9VU0VDQVNFX1BST0RVQ1RfVFlQRS4uQzMuNzIwLmRhc2hfaDI2NC1iYXNpYy1nZW4yXzcyMHAiLCJ4cHZfYXNzZXRfaWQiOjI0ODI0MjQ5Nzg5NDA0OTMsImFzc2V0X2FnZV9kYXlzIjo2OSwidmlfdXNlY2FzZV9pZCI6MTA3OTksImR1cmF0aW9uX3MiOjI1LCJ1cmxnZW5fc291cmNlIjoid3d3In0%3D&ccb=17-1&vs=acc5cf870afed041&_nc_vs=HBksFQIYRWZiX2VwaGVtZXJhbC83MzQ2MDJGQ0Q5RjU4Q0E1MjZFMEU3MjhEREMxRDVBOV9tdF8xX3ZpZGVvX2Rhc2hpbml0Lm1wNBUAAsgBEgAVAhhAZmJfcGVybWFuZW50L0FBNEM5RTY3NTRCRTZEQzFGNjI2MURCN0I0RDA3MDgxX2F1ZGlvX2Rhc2hpbml0Lm1wNBUCAsgBEgAoABgAGwKIB3VzZV9vaWwBMRJwcm9ncmVzc2l2ZV9yZWNpcGUBMRUAACaaiemwk_DoCBUCKAJDMywXQDkAAAAAAAAYGWRhc2hfaDI2NC1iYXNpYy1nZW4yXzcyMHARAHUAZd6oAQA&_nc_gid=TakEFMEaHPoe0Su3RWXryg&_nc_ss=7f289&_nc_zt=28&oh=00_Af-e3yWq2XkJIu5J4cn0d4UBMNkuTc37trmsLJKTjmPy1Q&oe=6A43AE2E,https://scontent.fblr20-4.fna.fbcdn.net/v/t39.35426-6/671766455_4059517674192737_2098640176451957876_n.jpg?_nc_cat=101&ccb=1-7&_nc_sid=c53f8f&_nc_ohc=578w7BczXvAQ7kNvwHxOMbk&_nc_oc=AdrmV0nnq_gm4WncTLpzXEknhOkYcygLyHZdN88YJ2AKNVOL1DGPD1lUJ4F_EhT5BY-FMx1SXri-IRU7s-wZW2nX&_nc_zt=14&_nc_ht=scontent.fblr20-4.fna&_nc_gid=TakEFMEaHPoe0Su3RWXryg&_nc_ss=7f289&oh=00_Af8Jy0_gmaIPv4ZGq5gT0nwuHj8F20_aw5ovcs1zOdntWQ&oe=6A438E6B,2026-06-30T11:53:18.000Z,2026-06-26
29,28,Duolingo,141935472517297,Duolingo,,IN,1745502363491077,https://www.facebook.com/ads/library/?id=1745502363491077,2026-04-16,,false,false,1,0,,2026-04-16,,Stop scrolling. Start checkmating. Learn chess for free with Duolingo.,New on Duolingo: Chess,Install now,http://play.google.com/store/apps/details?id=com.duolingo,"Facebook,Instagram,Audience Network,Messenger,Threads",Stop scrolling. Start checkmating. Learn chess for free with Duolingo.,New on Duolingo: Chess,Install now,http://play.google.com/store/apps/details?id=com.duolingo,Image,"Facebook,Instagram,Audience Network,Messenger,Threads",1,0,1:1,,https://scontent.fblr20-2.fna.fbcdn.net/v/t39.35426-6/673209759_857956297314820_1955808444231360656_n.jpg?_nc_cat=111&ccb=1-7&_nc_sid=c53f8f&_nc_ohc=DVtEQePdRR4Q7kNvwG_fkZm&_nc_oc=Adrl7nU3Imw8Snl8FOdlwgUqF6XABDERAyMAcMgjNJ5mPDUCXX6mmamXrORtlpQOBvLekzJQ1qZ4Bj4g1m1sQ5Dt&_nc_zt=14&_nc_ht=scontent.fblr20-2.fna&_nc_gid=TakEFMEaHPoe0Su3RWXryg&_nc_ss=7f289&oh=00_Af8M45pJp6fzKAMRKRMYovKqVVEb27EvtefE6EJXp8zscg&oe=6A43A443,2026-06-30T11:10:59.000Z,2026-06-26
30,29,Duolingo,141935472517297,Duolingo,,IN,1456372432368050,https://www.facebook.com/ads/library/?id=1456372432368050,2026-04-16,,false,false,1,0,,2026-04-16,,Stop scrolling. Start checkmating. Learn chess for free with Duolingo.,New on Duolingo: Chess,Install now,http://play.google.com/store/apps/details?id=com.duolingo,"Facebook,Instagram,Audience Network,Messenger,Threads",Stop scrolling. Start checkmating. Learn chess for free with Duolingo.,New on Duolingo: Chess,Install now,http://play.google.com/store/apps/details?id=com.duolingo,Image,"Facebook,Instagram,Audience Network,Messenger,Threads",1,0,1200x628,,https://scontent.fblr20-1.fna.fbcdn.net/v/t39.35426-6/672674053_937696262196629_5256807520834841391_n.jpg?_nc_cat=110&ccb=1-7&_nc_sid=c53f8f&_nc_ohc=kVGJoAghEYIQ7kNvwFv6f5y&_nc_oc=AdpMxlFH3eCSB-ngbAqcaXR179HHy0Ro7QXiUU3fea4kSZWkBNY9X8Vn2b8S69sGB0mjT737__-C_bO-4XEhzdvj&_nc_zt=14&_nc_ht=scontent.fblr20-1.fna&_nc_gid=TakEFMEaHPoe0Su3RWXryg&_nc_ss=7f289&oh=00_Af-0_E0zMzSz6TLfstq9X_6U6yP8G6jF_6edkNXI2mgXIA&oe=6A43B2D9,2026-06-30T12:13:13.000Z,2026-06-26
31,30,Duolingo,141935472517297,Duolingo,,IN,1244347244307717,https://www.facebook.com/ads/library/?id=1244347244307717,2026-02-26,,false,false,1,0,,2026-02-26,,Stop scrolling. Start checkmating. Learn chess for free with Duolingo.,New on Duolingo: Chess,Install now,http://play.google.com/store/apps/details?id=com.duolingo,"Facebook,Instagram,Audience Network,Messenger,Threads",Stop scrolling. Start checkmating. Learn chess for free with Duolingo.,New on Duolingo: Chess,Install now,http://play.google.com/store/apps/details?id=com.duolingo,Video,"Facebook,Instagram,Audience Network,Messenger,Threads",1,0,1:1,https://video.fblr20-3.fna.fbcdn.net/o1/v/t2/f2/m366/AQOLTMAOBDOYH9cM56oLmuIPoI4Y5bH8d8qaBtqHelRX9se6SYuwJPz0q9wcrWlLje0Hfc25cR_hBS9iJnTAISf5P_YEo-nDzobA7lcZqnJoCA.mp4?_nc_cat=105&_nc_oc=AdpZya16AnWhD061pSwfKI7nzrx3VViXxvUq_8kxfbVZqB8xBOce262IZsenpDHk37EWmnZTIOZ_0NKiBQvcMbXz&_nc_sid=b66105&_nc_ht=video.fblr20-3.fna.fbcdn.net&_nc_ohc=mb1sgwE1UxEQ7kNvwHFgpCv&efg=eyJ2ZW5jb2RlX3RhZyI6Inhwdl9wcm9ncmVzc2l2ZS5WSV9VU0VDQVNFX1BST0RVQ1RfVFlQRS4uQzMuNzIwLmRhc2hfaDI2NC1iYXNpYy1nZW4yXzcyMHAiLCJ4cHZfYXNzZXRfaWQiOjkwMTYyMjk1NjE2NjA4NCwiYXNzZXRfYWdlX2RheXMiOjExOSwidmlfdXNlY2FzZV9pZCI6MTA3OTksImR1cmF0aW9uX3MiOjE5LCJ1cmxnZW5fc291cmNlIjoid3d3In0%3D&ccb=17-1&vs=fc62b5d42800485&_nc_vs=HBksFQIYRWZiX2VwaGVtZXJhbC80ODRBMEFBMEJGQkI3RDJGQUVBRTUyMTk4Q0NGRDc5Ql9tdF8xX3ZpZGVvX2Rhc2hpbml0Lm1wNBUAAsgBEgAVAhhAZmJfcGVybWFuZW50LzBFNEIwOEIxQTZBRDFFNEVGMDQ4OEFCQjU0REFENDlEX2F1ZGlvX2Rhc2hpbml0Lm1wNBUCAsgBEgAoABgAGwKIB3VzZV9vaWwBMRJwcm9ncmVzc2l2ZV9yZWNpcGUBMRUAACaIr7DAroGaAxUCKAJDMywXQDO6XjU_fO4YGWRhc2hfaDI2NC1iYXNpYy1nZW4yXzcyMHARAHUAZd6oAQA&_nc_gid=wt_VHYzbhhxGS_CGJ7uV4g&_nc_ss=7f289&_nc_zt=28&oh=00_Af-HAWFqbS1eMfNiQ8-ldLqY8ui3NAh87eP-9wlbc0C8XA&oe=6A439807,https://scontent.fblr20-2.fna.fbcdn.net/v/t39.35426-6/641414585_1433324241855095_1072344591682007228_n.jpg?_nc_cat=104&ccb=1-7&_nc_sid=c53f8f&_nc_ohc=av3j_4__GmkQ7kNvwHqsa-k&_nc_oc=Adp5yFvUSyIC701aGkorvI7QeyZFtPiFbiFmfoAZ7VmWm3T64emldzVgp1fXeyJDkyclnF0eSlE8aU8Y2QNYBMGw&_nc_zt=14&_nc_ht=scontent.fblr20-2.fna&_nc_gid=wt_VHYzbhhxGS_CGJ7uV4g&_nc_ss=7f289&oh=00_Af83fy-86ET4pBhwPPz_DWKaxDVxIY7sESOd3X9Oh4tlkg&oe=6A439889,2026-06-30T10:18:47.000Z,2026-06-26
