row_rank,competitor_name,facebook_page_id,facebook_page_name,facebook_page_followers,target_country,ad_library_id,ad_library_url,ad_start_date,ad_end_date,has_low_impression_warning,ad_has_multiple_versions,ad_version_count,ad_primary_text,ad_description,ad_cta_label,ad_destination_url,ad_media_type,ad_distribution_platforms,creative_count_in_ad,creative_index_in_ad,creative_aspect_ratio,facebook_video_cdn_url_at_scrape,facebook_thumbnail_cdn_url_at_scrape,facebook_cdn_url_expiry_at_scrape,scrape_run_date,r2_public_url,first_scrape_run_date,latest_scrape_run_date,competitor_analysis_docx_r2_url,supernova_rewrite_docx_r2_url,orig_frame_urls,gen_panel_urls,char_sheet_urls,page_rank,version_index,version_id,version_start_date,version_end_date,version_primary_text,version_description,version_cta_label,version_destination_url,version_platforms_distribution
1,EnglishBhashi,117256651366792,Englishbhashi,,ALL,2009720539619107,https://www.facebook.com/ads/library/?id=2009720539619107,2026-05-27,,false,false,1,"Sirf videos dekh ke English nahi aati ❌
Practice ke bina confidence impossible hai.
2026 me bhi agar purane tareeke use kar rahe ho, toh growth slow hi rahegi.
EnglishBhashi me milta hai TIYA AI – aapki personal speaking coach 🤖
24/7 practice karo, bina hesitation, bina judgement.
10 lakh+ learners already bolna start kar chuke hain.
Ab aapki baari hai 🚀
0:00 / 1:06
PLAY.GOOGLE.COM
Video Chhodo, Bolna Shuru Karo ✅
Install now",,Install now,http://play.google.com/store/apps/details?id=english.speaking.course30,Video,,1,0,0.563,https://video.fblr22-1.fna.fbcdn.net/o1/v/t2/f2/m412/AQPY1s6Vh5tT2re57B-EHhOigwZ9XPWrNWb0dGi0RGveJkPQuS14CnH8S6S9kAh8xmRRj3I2NaN5_iiRf0Wul9ZgdQz8aOwaajGGNn2l1A.mp4?_nc_cat=101&_nc_oc=AdpaL7Kv2DG8z8h7u_zEBMwEnz5NPoZvH164VkKRv7wCrYxwDefW1CxIJ3SbF_FmmaM&_nc_sid=8bf8fe&_nc_ht=video.fblr22-1.fna.fbcdn.net&_nc_ohc=xc9EGKPV7DQQ7kNvwFCEXVA&efg=eyJ2ZW5jb2RlX3RhZyI6Inhwdl9wcm9ncmVzc2l2ZS5WSV9VU0VDQVNFX1BST0RVQ1RfVFlQRS4uQzMuMzYwLnN2ZV9zZCIsInhwdl9hc3NldF9pZCI6MTY5MDI5MjQ2MjE2Nzg4NiwiYXNzZXRfYWdlX2RheXMiOjUwLCJ2aV91c2VjYXNlX2lkIjoxMDc5OSwiZHVyYXRpb25fcyI6NjUsInVybGdlbl9zb3VyY2UiOiJ3d3cifQ%3D%3D&ccb=17-1&_nc_gid=qnLMmaJrMw7fy2oEMdfKGA&_nc_ss=7b289&_nc_zt=28&oh=00_Af4ax0C9hDz3psMHBT_x9rn1zKz4A5ZL7BJQxeQa8CVqZg&oe=6A1DD495,https://scontent.fblr22-1.fna.fbcdn.net/v/t39.35426-6/709006426_1721498769025815_454908423157926421_n.jpg?_nc_cat=101&ccb=1-7&_nc_sid=c53f8f&_nc_ohc=d4fVyECHlVoQ7kNvwGlp5Wk&_nc_oc=AdoDZW2B3ZJG8Gy3sfnoxqlKYhNb6r41njp3hURNNporr3FYBll4TkIWOqTQcdmGCvY&_nc_zt=14&_nc_ht=scontent.fblr22-1.fna&_nc_gid=qnLMmaJrMw7fy2oEMdfKGA&_nc_ss=7b289&oh=00_Af5ogR2MfWSlprnGaAxXF4_i_7Cr8ZF-ELKgzCy311veHg&oe=6A1DE1F7,2026-06-01T18:51:01.000Z,2026-05-28,https://pub-893b4a6a607b4221a894bf861da7914e.r2.dev/2009720539619107.mp4,2026-05-28,2026-05-28,https://pub-893b4a6a607b4221a894bf861da7914e.r2.dev/2009720539619107_competitor_analysis.docx,https://pub-893b4a6a607b4221a894bf861da7914e.r2.dev/2009720539619107_supernova_rewrite.docx,,,,,,,,,,,,,
1,EnglishBhashi,117256651366792,Englishbhashi,,IN,1010725401375687,https://www.facebook.com/ads/library/?id=1010725401375687,2026-06-04,,false,true,3,"Sirf videos dekh ke English nahi aati ❌
Practice ke bina confidence impossible hai.
2026 me bhi agar purane tareeke use kar rahe ho, toh growth slow hi rahegi.
EnglishBhashi me milta hai TIYA AI – aapki personal speaking coach 🤖
24/7 practice karo, bina hesitation, bina judgement.
10 lakh+ learners already bolna start kar chuke hain.
Ab aapki baari hai 🚀","Video Chhodo, Bolna Shuru Karo ✅",Install now,http://play.google.com/store/apps/details?id=english.speaking.course30,Video,"Facebook,Instagram,Audience Network,Messenger,Threads",1,0,9:16,https://video.fblr20-1.fna.fbcdn.net/o1/v/t2/f2/m366/AQMLn2nCPeGvaEOmgaSNoGQ91wnzk40nUSSOXRyYRcAuoU0J9TuGDoWcE00SCrB2-yx8pjEPzRpm78KlVJcPoX3QMvu_alqCFFgEgEe5MQ0kig.mp4?_nc_cat=108&_nc_oc=AdqET-LTTX0ffFqkHBgQTITF9YdxwdNyukjEi5pwDk10wrgwknnAsc1VGTEjyPCQu7vA6QzF8npgq7Z4J3fzifST&_nc_sid=b66105&_nc_ht=video.fblr20-1.fna.fbcdn.net&_nc_ohc=YT7aLMLatBYQ7kNvwGQBpfI&efg=eyJ2ZW5jb2RlX3RhZyI6Inhwdl9wcm9ncmVzc2l2ZS5WSV9VU0VDQVNFX1BST0RVQ1RfVFlQRS4uQzMuNzIwLmRhc2hfaDI2NC1iYXNpYy1nZW4yXzcyMHAiLCJ4cHZfYXNzZXRfaWQiOjE2OTAyOTI0NjIxNjc4ODYsImFzc2V0X2FnZV9kYXlzIjoxMDUsInZpX3VzZWNhc2VfaWQiOjEwNzk5LCJkdXJhdGlvbl9zIjo2NSwidXJsZ2VuX3NvdXJjZSI6Ind3dyJ9&ccb=17-1&vs=13f503829def85da&_nc_vs=HBksFQIYRWZiX2VwaGVtZXJhbC81NTQ0M0M0RTU2NDgzREU4RDA0NzYzQ0FCQjU5NkNCOV9tdF8xX3ZpZGVvX2Rhc2hpbml0Lm1wNBUAAsgBEgAVAhhAZmJfcGVybWFuZW50L0E5NDkxQ0E4NzdGRTZCRUZFRkFGODdBNzFENENCMkFGX2F1ZGlvX2Rhc2hpbml0Lm1wNBUCAsgBEgAoABgAGwKIB3VzZV9vaWwBMRJwcm9ncmVzc2l2ZV9yZWNpcGUBMRUAACacnbGc_NOABhUCKAJDMywXQFB90vGp--cYGWRhc2hfaDI2NC1iYXNpYy1nZW4yXzcyMHARAHUAZd6oAQA&_nc_gid=vSm5rfDXEtzMA7F1yLA2rg&_nc_ss=7f289&_nc_zt=28&oh=00_AQBN2imzFhtiXjkyONE5OvM5xKJkB_l0OJEnwB1g3u5kQw&oe=6A65D158,https://scontent.fblr20-4.fna.fbcdn.net/v/t39.35426-6/715338471_999482875815694_8350070295718112085_n.jpg?_nc_cat=106&ccb=1-7&_nc_sid=c53f8f&_nc_ohc=y3KIcewazx4Q7kNvwEJXlBY&_nc_oc=AdqF4FvVXYUrJnoyr95kPaoJ1YJgN0ZNzfQgg1JZ1-gV36klSYMJAI_nFdIlQYa_41_oOAiT8JGy1LqVI9FSYli9&_nc_zt=14&_nc_ht=scontent.fblr20-4.fna&_nc_gid=vSm5rfDXEtzMA7F1yLA2rg&_nc_ss=7f289&oh=00_AQD_xfOhRPkcWNsbhDB_OQzANp1PMFZHMswX2lMML-GrLQ&oe=6A65F6DF,2026-07-26T09:20:24.000Z,2026-07-22,https://pub-893b4a6a607b4221a894bf861da7914e.r2.dev/1010725401375687.mp4,2026-06-11,2026-07-22,,,,,,1,0,1010725401375687,2026-06-04,,"Sirf videos dekh ke English nahi aati ❌
Practice ke bina confidence impossible hai.
2026 me bhi agar purane tareeke use kar rahe ho, toh growth slow hi rahegi.
EnglishBhashi me milta hai TIYA AI – aapki personal speaking coach 🤖
24/7 practice karo, bina hesitation, bina judgement.
10 lakh+ learners already bolna start kar chuke hain.
Ab aapki baari hai 🚀","Video Chhodo, Bolna Shuru Karo ✅",Install now,http://play.google.com/store/apps/details?id=english.speaking.course30,"Facebook,Instagram,Audience Network,Messenger,Threads"
1,EnglishBhashi,117256651366792,Englishbhashi,,IN,2207030976530884,https://www.facebook.com/ads/library/?id=2207030976530884,2026-07-13,,false,false,1,"Sirf videos dekh ke English nahi aati ❌
Practice ke bina confidence impossible hai.
2026 me bhi agar purane tareeke use kar rahe ho, toh growth slow hi rahegi.
EnglishBhashi me milta hai TIYA AI – aapki personal speaking coach 🤖
24/7 practice karo, bina hesitation, bina judgement.
10 lakh+ learners already bolna start kar chuke hain.
Ab aapki baari hai 🚀","Video Chhodo, Bolna Shuru Karo ✅",Install now,http://play.google.com/store/apps/details?id=english.speaking.course30,Video,"Facebook,Instagram,Audience Network,Messenger,Threads",1,0,9:16,https://video.fblr20-1.fna.fbcdn.net/o1/v/t2/f2/m366/AQMLn2nCPeGvaEOmgaSNoGQ91wnzk40nUSSOXRyYRcAuoU0J9TuGDoWcE00SCrB2-yx8pjEPzRpm78KlVJcPoX3QMvu_alqCFFgEgEe5MQ0kig.mp4?_nc_cat=108&_nc_oc=Adq6CNQwfqfrf4KHu1cA08hJsZn-AE7Fi6WRNdPVZHM23zGUxCz87rnrX60lyWVzrnBjDxxGDyRrHY0yrm-PjYwQ&_nc_sid=b66105&_nc_ht=video.fblr20-1.fna.fbcdn.net&_nc_ohc=ksraEdWhvswQ7kNvwGAe9o_&efg=eyJ2ZW5jb2RlX3RhZyI6Inhwdl9wcm9ncmVzc2l2ZS5WSV9VU0VDQVNFX1BST0RVQ1RfVFlQRS4uQzMuNzIwLmRhc2hfaDI2NC1iYXNpYy1nZW4yXzcyMHAiLCJ4cHZfYXNzZXRfaWQiOjE2OTAyOTI0NjIxNjc4ODYsImFzc2V0X2FnZV9kYXlzIjoxMDEsInZpX3VzZWNhc2VfaWQiOjEwNzk5LCJkdXJhdGlvbl9zIjo2NSwidXJsZ2VuX3NvdXJjZSI6Ind3dyJ9&ccb=17-1&vs=13f503829def85da&_nc_vs=HBksFQIYRWZiX2VwaGVtZXJhbC81NTQ0M0M0RTU2NDgzREU4RDA0NzYzQ0FCQjU5NkNCOV9tdF8xX3ZpZGVvX2Rhc2hpbml0Lm1wNBUAAsgBEgAVAhhAZmJfcGVybWFuZW50L0E5NDkxQ0E4NzdGRTZCRUZFRkFGODdBNzFENENCMkFGX2F1ZGlvX2Rhc2hpbml0Lm1wNBUCAsgBEgAoABgAGwKIB3VzZV9vaWwBMRJwcm9ncmVzc2l2ZV9yZWNpcGUBMRUAACacnbGc_NOABhUCKAJDMywXQFB90vGp--cYGWRhc2hfaDI2NC1iYXNpYy1nZW4yXzcyMHARAHUAZd6oAQA&_nc_gid=hndn7xLrOBPwS4JRXBHhxg&_nc_ss=7f289&_nc_zt=28&oh=00_AQD1qdFQj9FHPmUPKjiWcvDMtLjdVfgP2CfROagb1OJbdw&oe=6A608B58,https://scontent.fblr20-2.fna.fbcdn.net/v/t39.35426-6/745545607_1018096741074374_3345775082475518480_n.jpg?_nc_cat=111&ccb=1-7&_nc_sid=c53f8f&_nc_ohc=gbAkoujTo-UQ7kNvwE2diF0&_nc_oc=AdrAQc0dHCS29pvow8oqXF7TCwynqnLdIj5V6n4UZYu710Qsu9Bcd9ReNVL6LMApErPa9cfRAL4_kIpa5LzdJd50&_nc_zt=14&_nc_ht=scontent.fblr20-2.fna&_nc_gid=hndn7xLrOBPwS4JRXBHhxg&_nc_ss=7f289&oh=00_AQDnGpIevcseBaDQmOMX5OI7YTHTyUoEO3BxxMd5E6b1rw&oe=6A60BC0B,2026-07-22T09:20:24.000Z,2026-07-18,https://pub-893b4a6a607b4221a894bf861da7914e.r2.dev/2207030976530884.mp4,2026-07-15,2026-07-18,,,,,,1,0,,2026-07-13,,"Sirf videos dekh ke English nahi aati ❌
Practice ke bina confidence impossible hai.
2026 me bhi agar purane tareeke use kar rahe ho, toh growth slow hi rahegi.
EnglishBhashi me milta hai TIYA AI – aapki personal speaking coach 🤖
24/7 practice karo, bina hesitation, bina judgement.
10 lakh+ learners already bolna start kar chuke hain.
Ab aapki baari hai 🚀","Video Chhodo, Bolna Shuru Karo ✅",Install now,http://play.google.com/store/apps/details?id=english.speaking.course30,"Facebook,Instagram,Audience Network,Messenger,Threads"
4,EnglishBhashi,117256651366792,Englishbhashi,,IN,1042510761484893,https://www.facebook.com/ads/library/?id=1042510761484893,2026-07-19,,false,false,1,"Sach batao…
Kitni baar English seekhna start kiya aur 5 din baad chhod diya?

Videos dekhe… courses liye… apps download kiye…
Par bolne ki practice kabhi hui hi nahi.

Isi liye English improve nahi hoti.

English Bhashi me aap daily sirf 10 minute AI Teacher Tiya se baat karke real English speaking practice kar sakte ho.

✅ AI conversation practice
✅ Real people calls
✅ Instant correction
✅ No judgement learning

🔥 1 Million+ learners already improving.

Ab next time English bolne ka chance aaye —
confidence ke saath bolo.

📲 Install English Bhashi Now.",Speak English in Just 10 Min Daily,Install now,http://play.google.com/store/apps/details?id=english.speaking.course30,Video,"Facebook,Instagram,Audience Network,Messenger,Threads",1,0,9:16,https://video.fblr20-3.fna.fbcdn.net/o1/v/t2/f2/m366/AQPQ6IHc6KKYAkUt-08DRo1H9FdCoQ0dFk5ZRNo-Pf75TYLSxahF8or4bkecmHSd3u6ecsLJCucx-c6FDay5DPT_1sbGMKYmx3kKVAu2G2LxQQ.mp4?_nc_cat=109&_nc_oc=AdojJcWZr7Cjw8CA1H7FBUMm22nsOgIDu_3VC_JmA3ErxHHtn1Kzz9nA1_7mmYsuJhWt1YIVStl1DqMO6W4PvLWg&_nc_sid=b66105&_nc_ht=video.fblr20-3.fna.fbcdn.net&_nc_ohc=e3K5UJpp2EYQ7kNvwFq0lNy&efg=eyJ2ZW5jb2RlX3RhZyI6Inhwdl9wcm9ncmVzc2l2ZS5WSV9VU0VDQVNFX1BST0RVQ1RfVFlQRS4uQzMuNzIwLmRhc2hfaDI2NC1iYXNpYy1nZW4yXzcyMHAiLCJ4cHZfYXNzZXRfaWQiOjI0MDMxNzI1MDY4Njg4NzAsImFzc2V0X2FnZV9kYXlzIjoxMzksInZpX3VzZWNhc2VfaWQiOjEwNzk5LCJkdXJhdGlvbl9zIjozNywidXJsZ2VuX3NvdXJjZSI6Ind3dyJ9&ccb=17-1&vs=ccf54171c4ef3053&_nc_vs=HBksFQIYRWZiX2VwaGVtZXJhbC80RDQ3MUU1OTlEQ0UxRkY4Q0UyN0ZFOEM5MTA3OENCNl9tdF8xX3ZpZGVvX2Rhc2hpbml0Lm1wNBUAAsgBEgAVAhhAZmJfcGVybWFuZW50L0MxNEUyMDg4RDI0QjkwNzU1OTY4OTgwREEyMDFEMUI2X2F1ZGlvX2Rhc2hpbml0Lm1wNBUCAsgBEgAoABgAGwKIB3VzZV9vaWwBMRJwcm9ncmVzc2l2ZV9yZWNpcGUBMRUAACaM8ti5huvECBUCKAJDMywXQEKEOVgQYk4YGWRhc2hfaDI2NC1iYXNpYy1nZW4yXzcyMHARAHUAZd6oAQA&_nc_gid=vSm5rfDXEtzMA7F1yLA2rg&_nc_ss=7f289&_nc_zt=28&oh=00_AQBaPHMsMe6zuckNO04Mb5_rnrlqYE3h6P4aKsbXStW7Dw&oe=6A65E0D3,https://scontent.fblr20-4.fna.fbcdn.net/v/t39.35426-6/750815022_1529607115307673_8129730909516442563_n.jpg?_nc_cat=101&ccb=1-7&_nc_sid=c53f8f&_nc_ohc=OtLMvnXInyMQ7kNvwGijPED&_nc_oc=AdpF42iyTELnb-wLdVXEDZ2gC0qAYYufCCEUqfeOF5XbH9zEShppNgW3bCwDK-SS94PKDT1Qe-t11buhXfX6E9hu&_nc_zt=14&_nc_ht=scontent.fblr20-4.fna&_nc_gid=vSm5rfDXEtzMA7F1yLA2rg&_nc_ss=7f289&oh=00_AQBuVWPz5HAGao68MUL3XVN94ncYorB3Req2y0zQfl9M1w&oe=6A65ED74,2026-07-26T10:26:27.000Z,2026-07-22,https://pub-893b4a6a607b4221a894bf861da7914e.r2.dev/1042510761484893.mp4,2026-07-22,2026-07-22,,,,,,2,0,,2026-07-19,,"Sach batao…
Kitni baar English seekhna start kiya aur 5 din baad chhod diya?

Videos dekhe… courses liye… apps download kiye…
Par bolne ki practice kabhi hui hi nahi.

Isi liye English improve nahi hoti.

English Bhashi me aap daily sirf 10 minute AI Teacher Tiya se baat karke real English speaking practice kar sakte ho.

✅ AI conversation practice
✅ Real people calls
✅ Instant correction
✅ No judgement learning

🔥 1 Million+ learners already improving.

Ab next time English bolne ka chance aaye —
confidence ke saath bolo.

📲 Install English Bhashi Now.",Speak English in Just 10 Min Daily,Install now,http://play.google.com/store/apps/details?id=english.speaking.course30,"Facebook,Instagram,Audience Network,Messenger,Threads"
