row_rank,competitor_name,advertiser_id,advertiser_name,advertiser_verified_location,target_country,creative_id,creative_url,creative_format,creative_last_shown_date,regions_shown,variant_index,variant_count,ad_headline,ad_description,ad_cta_text,ad_overlay_text,ad_destination_url,youtube_video_id,youtube_video_url,youtube_video_title,youtube_video_description,youtube_channel_name,youtube_video_duration_s,image_url_at_scrape,aspect_ratio,scrape_run_date,error_tag,r2_public_url,first_scrape_run_date,latest_scrape_run_date,competitor_analysis_docx_r2_url,supernova_rewrite_docx_r2_url,competitor_analysis_image_r2_urls,supernova_rewrite_image_r2_urls
1,Speak,AR00705977088842137601,"Speakeasy Labs, Inc",United States,IN,CR00460064819299483649,https://adstransparency.google.com/advertiser/AR00705977088842137601/creative/CR00460064819299483649?region=IN,Image,2025-10-20,"2392,2360,2586,2036,2578,2203,2040,2764,2208,2300,2410,2792,2704,2642,2246,2826,2344,2348,2276,2156,2608,2840,2056,2250,2124,2158,2616,2191,2528,2620,2380,2702,2050,2372,2752,2458,2470,2356,2100,2724",0,3,,,,,,,,,,,,https://tpc.googlesyndication.com/archive/sadbundle/$csp%3Darchive$/15136063618993043816/index.html,,2026-06-04,,https://pub-893b4a6a607b4221a894bf861da7914e.r2.dev/g_CR00460064819299483649.jpg,2026-06-03,2026-06-05,,,,
2,Speak,AR00705977088842137601,"Speakeasy Labs, Inc",United States,IN,CR00460064819299483649,https://adstransparency.google.com/advertiser/AR00705977088842137601/creative/CR00460064819299483649?region=IN,Image,2025-10-20,"2392,2360,2586,2036,2578,2203,2040,2764,2208,2300,2410,2792,2704,2642,2246,2826,2344,2348,2276,2156,2608,2840,2056,2250,2124,2158,2616,2191,2528,2620,2380,2702,2050,2372,2752,2458,2470,2356,2100,2724",1,3,,,,,,,,,,,,https://tpc.googlesyndication.com/archive/sadbundle/$csp%3Darchive$/446634437888131498/index.html,,2026-06-04,,https://pub-893b4a6a607b4221a894bf861da7914e.r2.dev/g_CR00460064819299483649.jpg,2026-06-03,2026-06-05,,,,
3,Speak,AR00705977088842137601,"Speakeasy Labs, Inc",United States,IN,CR00460064819299483649,https://adstransparency.google.com/advertiser/AR00705977088842137601/creative/CR00460064819299483649?region=IN,Image,2025-10-20,"2392,2360,2586,2036,2578,2203,2040,2764,2208,2300,2410,2792,2704,2642,2246,2826,2344,2348,2276,2156,2608,2840,2056,2250,2124,2158,2616,2191,2528,2620,2380,2702,2050,2372,2752,2458,2470,2356,2100,2724",2,3,,,,,,,,,,,,https://tpc.googlesyndication.com/archive/sadbundle/$csp%3Darchive$/10811125463154539907/index.html,,2026-06-04,,https://pub-893b4a6a607b4221a894bf861da7914e.r2.dev/g_CR00460064819299483649.jpg,2026-06-03,2026-06-05,,,,
4,Speak,AR00705977088842137601,"Speakeasy Labs, Inc",United States,IN,CR00719391405578911745,https://adstransparency.google.com/advertiser/AR00705977088842137601/creative/CR00719391405578911745?region=IN,Image,2026-06-04,"2203,2036,2826,2040,2410,2764,2392,2300,2208,2704,2344,2246,2276,2792,2158,2056,2348,2608,2528,2250,2620,2616,2124,2470,2840,2702,2372,2458,2752,2360,2380,2724,2356",0,3,,,,,,,,,,,,https://tpc.googlesyndication.com/archive/simgad/8529300359176064562,,2026-06-04,,https://pub-893b4a6a607b4221a894bf861da7914e.r2.dev/g_CR00719391405578911745.jpg,2026-06-03,2026-06-05,,,,
5,Speak,AR00705977088842137601,"Speakeasy Labs, Inc",United States,IN,CR00719391405578911745,https://adstransparency.google.com/advertiser/AR00705977088842137601/creative/CR00719391405578911745?region=IN,Image,2026-06-04,"2203,2036,2826,2040,2410,2764,2392,2300,2208,2704,2344,2246,2276,2792,2158,2056,2348,2608,2528,2250,2620,2616,2124,2470,2840,2702,2372,2458,2752,2360,2380,2724,2356",1,3,,,,,,,,,,,,https://tpc.googlesyndication.com/archive/simgad/8529300359176064562,,2026-06-04,,https://pub-893b4a6a607b4221a894bf861da7914e.r2.dev/g_CR00719391405578911745.jpg,2026-06-03,2026-06-05,,,,
6,Speak,AR00705977088842137601,"Speakeasy Labs, Inc",United States,IN,CR00719391405578911745,https://adstransparency.google.com/advertiser/AR00705977088842137601/creative/CR00719391405578911745?region=IN,Image,2026-06-04,"2203,2036,2826,2040,2410,2764,2392,2300,2208,2704,2344,2246,2276,2792,2158,2056,2348,2608,2528,2250,2620,2616,2124,2470,2840,2702,2372,2458,2752,2360,2380,2724,2356",2,3,,,,,,,,,,,,https://tpc.googlesyndication.com/archive/simgad/8529300359176064562,,2026-06-04,,https://pub-893b4a6a607b4221a894bf861da7914e.r2.dev/g_CR00719391405578911745.jpg,2026-06-03,2026-06-05,,,,
7,Speak,AR00705977088842137601,"Speakeasy Labs, Inc",United States,IN,CR01089078327580295169,https://adstransparency.google.com/advertiser/AR00705977088842137601/creative/CR01089078327580295169?region=IN,Image,2025-07-29,"2704,2616,2380,2360,2356,2528,2392,2056,2203,2764,2250,2840,2608,2276,2246,2348,2724",0,1,,,,,,,,,,,,https://tpc.googlesyndication.com/archive/sadbundle/$csp%3Darchive$/8979459366137136977/index.html,,2026-06-04,,https://pub-893b4a6a607b4221a894bf861da7914e.r2.dev/g_CR01089078327580295169.jpg,2026-06-03,2026-06-05,,,,
8,Speak,AR00705977088842137601,"Speakeasy Labs, Inc",United States,IN,CR01428209546567876609,https://adstransparency.google.com/advertiser/AR00705977088842137601/creative/CR01428209546567876609?region=IN,YouTubeVideo,2026-01-13,"2528,2250,2056,2608,2020,2710,2642,2638,2484,2170,2300,2788,2266,2208,2764,2036,2686,2178,2352,2392,2784,2834,2196,2203,2466,2356,2032,2372,2120,2233,2312,2191,2818,2450,2384,2258,2480,2254,2428,2705,2540,2768,2348,2124,2474,2492,2792,2246,2276,2504,2682,2440,2175,2704,2204,2132,2756,2040,2578,2826,2324,2214,2724,2360,2752,2620,2380,2703,2100,2442,2702,2008,2470,2012,2616,2116,2663,2376,2840,2076",0,5,,,,,,,,,,,,,,2026-06-03,html5-banner-no-mp4,,2026-06-03,2026-06-03,,,,
9,Speak,AR00705977088842137601,"Speakeasy Labs, Inc",United States,IN,CR01428209546567876609,https://adstransparency.google.com/advertiser/AR00705977088842137601/creative/CR01428209546567876609?region=IN,YouTubeVideo,2026-01-13,"2528,2250,2056,2608,2020,2710,2642,2638,2484,2170,2300,2788,2266,2208,2764,2036,2686,2178,2352,2392,2784,2834,2196,2203,2466,2356,2032,2372,2120,2233,2312,2191,2818,2450,2384,2258,2480,2254,2428,2705,2540,2768,2348,2124,2474,2492,2792,2246,2276,2504,2682,2440,2175,2704,2204,2132,2756,2040,2578,2826,2324,2214,2724,2360,2752,2620,2380,2703,2100,2442,2702,2008,2470,2012,2616,2116,2663,2376,2840,2076",1,5,,,,,,,,,,,,,,2026-06-03,html5-banner-no-mp4,,2026-06-03,2026-06-03,,,,
10,Speak,AR00705977088842137601,"Speakeasy Labs, Inc",United States,IN,CR01428209546567876609,https://adstransparency.google.com/advertiser/AR00705977088842137601/creative/CR01428209546567876609?region=IN,YouTubeVideo,2026-01-13,"2528,2250,2056,2608,2020,2710,2642,2638,2484,2170,2300,2788,2266,2208,2764,2036,2686,2178,2352,2392,2784,2834,2196,2203,2466,2356,2032,2372,2120,2233,2312,2191,2818,2450,2384,2258,2480,2254,2428,2705,2540,2768,2348,2124,2474,2492,2792,2246,2276,2504,2682,2440,2175,2704,2204,2132,2756,2040,2578,2826,2324,2214,2724,2360,2752,2620,2380,2703,2100,2442,2702,2008,2470,2012,2616,2116,2663,2376,2840,2076",2,5,,,,,,,,,,,,,00:00,2026-06-03,html5-banner-no-mp4,,2026-06-03,2026-06-03,,,,
11,Speak,AR00705977088842137601,"Speakeasy Labs, Inc",United States,IN,CR01428209546567876609,https://adstransparency.google.com/advertiser/AR00705977088842137601/creative/CR01428209546567876609?region=IN,YouTubeVideo,2026-01-13,"2528,2250,2056,2608,2020,2710,2642,2638,2484,2170,2300,2788,2266,2208,2764,2036,2686,2178,2352,2392,2784,2834,2196,2203,2466,2356,2032,2372,2120,2233,2312,2191,2818,2450,2384,2258,2480,2254,2428,2705,2540,2768,2348,2124,2474,2492,2792,2246,2276,2504,2682,2440,2175,2704,2204,2132,2756,2040,2578,2826,2324,2214,2724,2360,2752,2620,2380,2703,2100,2442,2702,2008,2470,2012,2616,2116,2663,2376,2840,2076",3,5,,,,,,,,,,,,,,2026-06-03,html5-banner-no-mp4,,2026-06-03,2026-06-03,,,,
12,Speak,AR00705977088842137601,"Speakeasy Labs, Inc",United States,IN,CR01428209546567876609,https://adstransparency.google.com/advertiser/AR00705977088842137601/creative/CR01428209546567876609?region=IN,YouTubeVideo,2026-01-13,"2528,2250,2056,2608,2020,2710,2642,2638,2484,2170,2300,2788,2266,2208,2764,2036,2686,2178,2352,2392,2784,2834,2196,2203,2466,2356,2032,2372,2120,2233,2312,2191,2818,2450,2384,2258,2480,2254,2428,2705,2540,2768,2348,2124,2474,2492,2792,2246,2276,2504,2682,2440,2175,2704,2204,2132,2756,2040,2578,2826,2324,2214,2724,2360,2752,2620,2380,2703,2100,2442,2702,2008,2470,2012,2616,2116,2663,2376,2840,2076",4,5,,,,,,,,,,,,,,2026-06-03,html5-banner-no-mp4,,2026-06-03,2026-06-03,,,,
13,Speak,AR00705977088842137601,"Speakeasy Labs, Inc",United States,IN,CR03013186756649418753,https://adstransparency.google.com/advertiser/AR00705977088842137601/creative/CR03013186756649418753?region=IN,YouTubeVideo,2026-03-12,"2663,2703,2840,2710,2020,2250,2638,2180,2642,2608,2170,2686,2484,2788,2208,2392,2352,2300,2764,2178,2036,2834,2266,2203,2312,2422,2196,2784,2120,2450,2032,2356,2152,2372,2540,2124,2566,2428,2384,2262,2466,2191,2233,2705,2818,2254,2258,2480,2474,2854,2768,2144,2348,2682,2276,2246,2492,2792,2440,2188,2324,2704,2175,2204,2504,2040,2132,2578,2604,2826,2756,2418,2724,2752,2458,2404,2360,2214,2380,2702,2442,2376,2012,2100,2620,2528,2116,2076,2470,2616,2008,2056",0,3,Installer,,,,,,,,,,,,00:00,2026-06-03,html5-banner-no-mp4,,2026-06-03,2026-06-03,,,,
14,Speak,AR00705977088842137601,"Speakeasy Labs, Inc",United States,IN,CR03013186756649418753,https://adstransparency.google.com/advertiser/AR00705977088842137601/creative/CR03013186756649418753?region=IN,YouTubeVideo,2026-03-12,"2663,2703,2840,2710,2020,2250,2638,2180,2642,2608,2170,2686,2484,2788,2208,2392,2352,2300,2764,2178,2036,2834,2266,2203,2312,2422,2196,2784,2120,2450,2032,2356,2152,2372,2540,2124,2566,2428,2384,2262,2466,2191,2233,2705,2818,2254,2258,2480,2474,2854,2768,2144,2348,2682,2276,2246,2492,2792,2440,2188,2324,2704,2175,2204,2504,2040,2132,2578,2604,2826,2756,2418,2724,2752,2458,2404,2360,2214,2380,2702,2442,2376,2012,2100,2620,2528,2116,2076,2470,2616,2008,2056",1,3,Méthode innovante et efficace,TÉLÉCHARGEMENTS,,,,,,,,,,,00:00,2026-06-03,html5-banner-no-mp4,,2026-06-03,2026-06-03,,,,
15,Speak,AR00705977088842137601,"Speakeasy Labs, Inc",United States,IN,CR03013186756649418753,https://adstransparency.google.com/advertiser/AR00705977088842137601/creative/CR03013186756649418753?region=IN,YouTubeVideo,2026-03-12,"2663,2703,2840,2710,2020,2250,2638,2180,2642,2608,2170,2686,2484,2788,2208,2392,2352,2300,2764,2178,2036,2834,2266,2203,2312,2422,2196,2784,2120,2450,2032,2356,2152,2372,2540,2124,2566,2428,2384,2262,2466,2191,2233,2705,2818,2254,2258,2480,2474,2854,2768,2144,2348,2682,2276,2246,2492,2792,2440,2188,2324,2704,2175,2204,2504,2040,2132,2578,2604,2826,2756,2418,2724,2752,2458,2404,2360,2214,2380,2702,2442,2376,2012,2100,2620,2528,2116,2076,2470,2616,2008,2056",2,3,Installer,,,,,,,,,,,,00:00,2026-06-03,html5-banner-no-mp4,,2026-06-03,2026-06-03,,,,
16,Speak,AR00705977088842137601,"Speakeasy Labs, Inc",United States,IN,CR03809934818196586497,https://adstransparency.google.com/advertiser/AR00705977088842137601/creative/CR03809934818196586497?region=IN,YouTubeVideo,2026-06-02,"2360,2372,2300,2208,2380,2458,2410,2392,2352,2764,2036,2040,2704,2826,2156,2578,2276,2348,2484,2608,2792,2682,2203,2246,2344,2642,2124,2702,2616,2703,2620,2528,2158,2250,2554,2705,2056,2191,2840,2784,2724,2752,2356",0,4,,,,,,,,,,,,,00:00,2026-06-03,html5-banner-no-mp4,,2026-06-03,2026-06-03,,,,
17,Speak,AR00705977088842137601,"Speakeasy Labs, Inc",United States,IN,CR03809934818196586497,https://adstransparency.google.com/advertiser/AR00705977088842137601/creative/CR03809934818196586497?region=IN,YouTubeVideo,2026-06-02,"2360,2372,2300,2208,2380,2458,2410,2392,2352,2764,2036,2040,2704,2826,2156,2578,2276,2348,2484,2608,2792,2682,2203,2246,2344,2642,2124,2702,2616,2703,2620,2528,2158,2250,2554,2705,2056,2191,2840,2784,2724,2752,2356",1,4,,,,,,,,,,,,,00:00,2026-06-03,html5-banner-no-mp4,,2026-06-03,2026-06-03,,,,
18,Speak,AR00705977088842137601,"Speakeasy Labs, Inc",United States,IN,CR03809934818196586497,https://adstransparency.google.com/advertiser/AR00705977088842137601/creative/CR03809934818196586497?region=IN,YouTubeVideo,2026-06-02,"2360,2372,2300,2208,2380,2458,2410,2392,2352,2764,2036,2040,2704,2826,2156,2578,2276,2348,2484,2608,2792,2682,2203,2246,2344,2642,2124,2702,2616,2703,2620,2528,2158,2250,2554,2705,2056,2191,2840,2784,2724,2752,2356",2,4,,,,,,,,,,,,,,2026-06-03,html5-banner-no-mp4,,2026-06-03,2026-06-03,,,,
19,Speak,AR00705977088842137601,"Speakeasy Labs, Inc",United States,IN,CR03809934818196586497,https://adstransparency.google.com/advertiser/AR00705977088842137601/creative/CR03809934818196586497?region=IN,YouTubeVideo,2026-06-02,"2360,2372,2300,2208,2380,2458,2410,2392,2352,2764,2036,2040,2704,2826,2156,2578,2276,2348,2484,2608,2792,2682,2203,2246,2344,2642,2124,2702,2616,2703,2620,2528,2158,2250,2554,2705,2056,2191,2840,2784,2724,2752,2356",3,4,,,,,,,,,,,,,,2026-06-03,html5-banner-no-mp4,,2026-06-03,2026-06-03,,,,
20,Speak,AR00705977088842137601,"Speakeasy Labs, Inc",United States,IN,CR05027409681262313473,https://adstransparency.google.com/advertiser/AR00705977088842137601/creative/CR05027409681262313473?region=IN,YouTubeVideo,2025-09-10,"2591,2818,2144,2348,2474,2246,2792,2504,2276,2340,2440,2704,2188,2292,2756,2578,2040,2682,2218,2826,2320,2558,2724,2604,2862,2214,2458,2360,2752,2620,2470,2008,2616,2380,2858,2012,2442,2528,2100,2250,2702,2840,2703,2056,2156,2020,2804,2076,2608,2642,2484,2068,2600,2208,2222,2226,2410,2638,2203,2834,2170,2764,2392,2300,2784,2196,2312,2352,2152,2356,2372,2032,2233,2732,2462,2191,2124,2254,2428,2705",0,4,,,,,,,,,,,,,,2026-06-03,html5-banner-no-mp4,,2026-06-03,2026-06-03,,,,
21,Speak,AR00705977088842137601,"Speakeasy Labs, Inc",United States,IN,CR05027409681262313473,https://adstransparency.google.com/advertiser/AR00705977088842137601/creative/CR05027409681262313473?region=IN,YouTubeVideo,2025-09-10,"2591,2818,2144,2348,2474,2246,2792,2504,2276,2340,2440,2704,2188,2292,2756,2578,2040,2682,2218,2826,2320,2558,2724,2604,2862,2214,2458,2360,2752,2620,2470,2008,2616,2380,2858,2012,2442,2528,2100,2250,2702,2840,2703,2056,2156,2020,2804,2076,2608,2642,2484,2068,2600,2208,2222,2226,2410,2638,2203,2834,2170,2764,2392,2300,2784,2196,2312,2352,2152,2356,2372,2032,2233,2732,2462,2191,2124,2254,2428,2705",1,4,Un mes de mejorar tu nivel de inglés por menos de lo que cuesta el menú del día.,Instalar,,,,,,,,,,,00:00,2026-06-03,html5-banner-no-mp4,,2026-06-03,2026-06-03,,,,
22,Speak,AR00705977088842137601,"Speakeasy Labs, Inc",United States,IN,CR05027409681262313473,https://adstransparency.google.com/advertiser/AR00705977088842137601/creative/CR05027409681262313473?region=IN,YouTubeVideo,2025-09-10,"2591,2818,2144,2348,2474,2246,2792,2504,2276,2340,2440,2704,2188,2292,2756,2578,2040,2682,2218,2826,2320,2558,2724,2604,2862,2214,2458,2360,2752,2620,2470,2008,2616,2380,2858,2012,2442,2528,2100,2250,2702,2840,2703,2056,2156,2020,2804,2076,2608,2642,2484,2068,2600,2208,2222,2226,2410,2638,2203,2834,2170,2764,2392,2300,2784,2196,2312,2352,2152,2356,2372,2032,2233,2732,2462,2191,2124,2254,2428,2705",2,4,Un mes de mejorar tu nivel de inglés por menos de lo que cuesta el menú del día.,Instalar,,,,,,,,,,,00:00,2026-06-03,html5-banner-no-mp4,,2026-06-03,2026-06-03,,,,
23,Speak,AR00705977088842137601,"Speakeasy Labs, Inc",United States,IN,CR05027409681262313473,https://adstransparency.google.com/advertiser/AR00705977088842137601/creative/CR05027409681262313473?region=IN,YouTubeVideo,2025-09-10,"2591,2818,2144,2348,2474,2246,2792,2504,2276,2340,2440,2704,2188,2292,2756,2578,2040,2682,2218,2826,2320,2558,2724,2604,2862,2214,2458,2360,2752,2620,2470,2008,2616,2380,2858,2012,2442,2528,2100,2250,2702,2840,2703,2056,2156,2020,2804,2076,2608,2642,2484,2068,2600,2208,2222,2226,2410,2638,2203,2834,2170,2764,2392,2300,2784,2196,2312,2352,2152,2356,2372,2032,2233,2732,2462,2191,2124,2254,2428,2705",3,4,,,,,,,,,,,,,,2026-06-03,html5-banner-no-mp4,,2026-06-03,2026-06-03,,,,
24,Speak,AR00705977088842137601,"Speakeasy Labs, Inc",United States,IN,CR06175808344788303873,https://adstransparency.google.com/advertiser/AR00705977088842137601/creative/CR06175808344788303873?region=IN,YouTubeVideo,2025-07-16,"2860,2352,2418,2724,2360,2404,2752,2458,2100,2616,2620,2442,2703,2116,2380,2528,2250,2470,2158,2076,2056,2702,2144,2840,2348,2792,2276,2440,2682,2246,2040,2756,2826,2784,2196,2704,2578,2356,2233,2032,2104,2372,2524,2124,2818,2428,2554,2191,2156,2705,2050,2316,2344,2608,2484,2300,2410,2208,2036,2764,2392,2642,2203",0,5,,,,,,,,,,,,,00:00,2026-06-03,html5-banner-no-mp4,,2026-06-03,2026-06-03,,,,
25,Speak,AR00705977088842137601,"Speakeasy Labs, Inc",United States,IN,CR06175808344788303873,https://adstransparency.google.com/advertiser/AR00705977088842137601/creative/CR06175808344788303873?region=IN,YouTubeVideo,2025-07-16,"2860,2352,2418,2724,2360,2404,2752,2458,2100,2616,2620,2442,2703,2116,2380,2528,2250,2470,2158,2076,2056,2702,2144,2840,2348,2792,2276,2440,2682,2246,2040,2756,2826,2784,2196,2704,2578,2356,2233,2032,2104,2372,2524,2124,2818,2428,2554,2191,2156,2705,2050,2316,2344,2608,2484,2300,2410,2208,2036,2764,2392,2642,2203",1,5,,,,,,,,,,,,,,2026-06-03,html5-banner-no-mp4,,2026-06-03,2026-06-03,,,,
26,Speak,AR00705977088842137601,"Speakeasy Labs, Inc",United States,IN,CR06175808344788303873,https://adstransparency.google.com/advertiser/AR00705977088842137601/creative/CR06175808344788303873?region=IN,YouTubeVideo,2025-07-16,"2860,2352,2418,2724,2360,2404,2752,2458,2100,2616,2620,2442,2703,2116,2380,2528,2250,2470,2158,2076,2056,2702,2144,2840,2348,2792,2276,2440,2682,2246,2040,2756,2826,2784,2196,2704,2578,2356,2233,2032,2104,2372,2524,2124,2818,2428,2554,2191,2156,2705,2050,2316,2344,2608,2484,2300,2410,2208,2036,2764,2392,2642,2203",2,5,スピークでスピーキング練習,累計ダウンロード数,,,,,,,,,,,00:00,2026-06-03,html5-banner-no-mp4,,2026-06-03,2026-06-03,,,,
27,Speak,AR00705977088842137601,"Speakeasy Labs, Inc",United States,IN,CR06175808344788303873,https://adstransparency.google.com/advertiser/AR00705977088842137601/creative/CR06175808344788303873?region=IN,YouTubeVideo,2025-07-16,"2860,2352,2418,2724,2360,2404,2752,2458,2100,2616,2620,2442,2703,2116,2380,2528,2250,2470,2158,2076,2056,2702,2144,2840,2348,2792,2276,2440,2682,2246,2040,2756,2826,2784,2196,2704,2578,2356,2233,2032,2104,2372,2524,2124,2818,2428,2554,2191,2156,2705,2050,2316,2344,2608,2484,2300,2410,2208,2036,2764,2392,2642,2203",3,5,,,,,,,,,,,,,,2026-06-03,html5-banner-no-mp4,,2026-06-03,2026-06-03,,,,
28,Speak,AR00705977088842137601,"Speakeasy Labs, Inc",United States,IN,CR06175808344788303873,https://adstransparency.google.com/advertiser/AR00705977088842137601/creative/CR06175808344788303873?region=IN,YouTubeVideo,2025-07-16,"2860,2352,2418,2724,2360,2404,2752,2458,2100,2616,2620,2442,2703,2116,2380,2528,2250,2470,2158,2076,2056,2702,2144,2840,2348,2792,2276,2440,2682,2246,2040,2756,2826,2784,2196,2704,2578,2356,2233,2032,2104,2372,2524,2124,2818,2428,2554,2191,2156,2705,2050,2316,2344,2608,2484,2300,2410,2208,2036,2764,2392,2642,2203",4,5,,,,,,,,,,,,,,2026-06-03,html5-banner-no-mp4,,2026-06-03,2026-06-03,,,,
29,Speak,AR00705977088842137601,"Speakeasy Labs, Inc",United States,IN,CR06947978593423065089,https://adstransparency.google.com/advertiser/AR00705977088842137601/creative/CR06947978593423065089?region=IN,YouTubeVideo,2026-04-27,"2554,2348,2470,2056,2100,2840,2156,2158,2642,2608,2440,2484,2344,2792,2246,2276,2818,2208,2704,2410,2300,2352,2756,2392,2040,2203,2578,2826,2764,2784,2724,2442,2036,2752,2446,2380,2356,2233,2116,2372,2428,2124,2702,2528,2458,2191,2703,2104,2360,2616,2620,2705,2250",0,4,,,,,,,,,,,,,,2026-06-03,html5-banner-no-mp4,,2026-06-03,2026-06-03,,,,
30,Speak,AR00705977088842137601,"Speakeasy Labs, Inc",United States,IN,CR06947978593423065089,https://adstransparency.google.com/advertiser/AR00705977088842137601/creative/CR06947978593423065089?region=IN,YouTubeVideo,2026-04-27,"2554,2348,2470,2056,2100,2840,2156,2158,2642,2608,2440,2484,2344,2792,2246,2276,2818,2208,2704,2410,2300,2352,2756,2392,2040,2203,2578,2826,2764,2784,2724,2442,2036,2752,2446,2380,2356,2233,2116,2372,2428,2124,2702,2528,2458,2191,2703,2104,2360,2616,2620,2705,2250",1,4,,,,,,,,,,,,,,2026-06-03,html5-banner-no-mp4,,2026-06-03,2026-06-03,,,,
31,Speak,AR00705977088842137601,"Speakeasy Labs, Inc",United States,IN,CR06947978593423065089,https://adstransparency.google.com/advertiser/AR00705977088842137601/creative/CR06947978593423065089?region=IN,YouTubeVideo,2026-04-27,"2554,2348,2470,2056,2100,2840,2156,2158,2642,2608,2440,2484,2344,2792,2246,2276,2818,2208,2704,2410,2300,2352,2756,2392,2040,2203,2578,2826,2764,2784,2724,2442,2036,2752,2446,2380,2356,2233,2116,2372,2428,2124,2702,2528,2458,2191,2703,2104,2360,2616,2620,2705,2250",2,4,,,,,,,,,,,,,,2026-06-03,html5-banner-no-mp4,,2026-06-03,2026-06-03,,,,
32,Speak,AR00705977088842137601,"Speakeasy Labs, Inc",United States,IN,CR06947978593423065089,https://adstransparency.google.com/advertiser/AR00705977088842137601/creative/CR06947978593423065089?region=IN,YouTubeVideo,2026-04-27,"2554,2348,2470,2056,2100,2840,2156,2158,2642,2608,2440,2484,2344,2792,2246,2276,2818,2208,2704,2410,2300,2352,2756,2392,2040,2203,2578,2826,2764,2784,2724,2442,2036,2752,2446,2380,2356,2233,2116,2372,2428,2124,2702,2528,2458,2191,2703,2104,2360,2616,2620,2705,2250",3,4,,,,,,,,,,,,,,2026-06-03,html5-banner-no-mp4,,2026-06-03,2026-06-03,,,,
33,Speak,AR00705977088842137601,"Speakeasy Labs, Inc",United States,IN,CR08154973753466421249,https://adstransparency.google.com/advertiser/AR00705977088842137601/creative/CR08154973753466421249?region=IN,YouTubeVideo,2026-04-23,"2100,2616,2484,2276,2203,2620,2214,2356,2208,2380,2348,2032,2642,2170,2372,2752,2352,2840,2076,2056,2724,2250,2578,2124,2040,2528,2300",0,5,,,,,,,,,,,,,00:00,2026-06-03,html5-banner-no-mp4,,2026-06-03,2026-06-03,,,,
34,Speak,AR00705977088842137601,"Speakeasy Labs, Inc",United States,IN,CR08154973753466421249,https://adstransparency.google.com/advertiser/AR00705977088842137601/creative/CR08154973753466421249?region=IN,YouTubeVideo,2026-04-23,"2100,2616,2484,2276,2203,2620,2214,2356,2208,2380,2348,2032,2642,2170,2372,2752,2352,2840,2076,2056,2724,2250,2578,2124,2040,2528,2300",1,5,,,,,,,,,,,,,,2026-06-03,html5-banner-no-mp4,,2026-06-03,2026-06-03,,,,
35,Speak,AR00705977088842137601,"Speakeasy Labs, Inc",United States,IN,CR08154973753466421249,https://adstransparency.google.com/advertiser/AR00705977088842137601/creative/CR08154973753466421249?region=IN,YouTubeVideo,2026-04-23,"2100,2616,2484,2276,2203,2620,2214,2356,2208,2380,2348,2032,2642,2170,2372,2752,2352,2840,2076,2056,2724,2250,2578,2124,2040,2528,2300",2,5,,,,,,,,,,,,,00:00,2026-06-03,html5-banner-no-mp4,,2026-06-03,2026-06-03,,,,
36,Speak,AR00705977088842137601,"Speakeasy Labs, Inc",United States,IN,CR08154973753466421249,https://adstransparency.google.com/advertiser/AR00705977088842137601/creative/CR08154973753466421249?region=IN,YouTubeVideo,2026-04-23,"2100,2616,2484,2276,2203,2620,2214,2356,2208,2380,2348,2032,2642,2170,2372,2752,2352,2840,2076,2056,2724,2250,2578,2124,2040,2528,2300",3,5,,,,,,,,,,,,,,2026-06-03,html5-banner-no-mp4,,2026-06-03,2026-06-03,,,,
37,Speak,AR00705977088842137601,"Speakeasy Labs, Inc",United States,IN,CR08154973753466421249,https://adstransparency.google.com/advertiser/AR00705977088842137601/creative/CR08154973753466421249?region=IN,YouTubeVideo,2026-04-23,"2100,2616,2484,2276,2203,2620,2214,2356,2208,2380,2348,2032,2642,2170,2372,2752,2352,2840,2076,2056,2724,2250,2578,2124,2040,2528,2300",4,5,,,,,,,,,,,,,,2026-06-03,html5-banner-no-mp4,,2026-06-03,2026-06-03,,,,
38,Speak,AR00705977088842137601,"Speakeasy Labs, Inc",United States,IN,CR09036662610132467713,https://adstransparency.google.com/advertiser/AR00705977088842137601/creative/CR09036662610132467713?region=IN,Image,2025-10-20,"2360,2203,2036,2040,2578,2764,2392,2586,2208,2826,2300,2410,2344,2704,2642,2276,2246,2792,2156,2158,2840,2056,2608,2348,2528,2470,2620,2191,2250,2616,2124,2458,2702,2356,2380,2752,2372,2050,2724",0,3,,,,,,,,,,,,https://tpc.googlesyndication.com/archive/simgad/5281835800898763071,,2026-06-04,,https://pub-893b4a6a607b4221a894bf861da7914e.r2.dev/g_CR09036662610132467713.jpg,2026-06-03,2026-06-05,,,,
39,Speak,AR00705977088842137601,"Speakeasy Labs, Inc",United States,IN,CR09036662610132467713,https://adstransparency.google.com/advertiser/AR00705977088842137601/creative/CR09036662610132467713?region=IN,Image,2025-10-20,"2360,2203,2036,2040,2578,2764,2392,2586,2208,2826,2300,2410,2344,2704,2642,2276,2246,2792,2156,2158,2840,2056,2608,2348,2528,2470,2620,2191,2250,2616,2124,2458,2702,2356,2380,2752,2372,2050,2724",1,3,,,,,,,,,,,,https://tpc.googlesyndication.com/archive/sadbundle/$csp%3Darchive$/18069136746526774902/index.html,,2026-06-04,,https://pub-893b4a6a607b4221a894bf861da7914e.r2.dev/g_CR09036662610132467713.jpg,2026-06-03,2026-06-05,,,,
40,Speak,AR00705977088842137601,"Speakeasy Labs, Inc",United States,IN,CR09036662610132467713,https://adstransparency.google.com/advertiser/AR00705977088842137601/creative/CR09036662610132467713?region=IN,Image,2025-10-20,"2360,2203,2036,2040,2578,2764,2392,2586,2208,2826,2300,2410,2344,2704,2642,2276,2246,2792,2156,2158,2840,2056,2608,2348,2528,2470,2620,2191,2250,2616,2124,2458,2702,2356,2380,2752,2372,2050,2724",2,3,,,,,,,,,,,,https://tpc.googlesyndication.com/archive/simgad/5281835800898763071,,2026-06-04,,https://pub-893b4a6a607b4221a894bf861da7914e.r2.dev/g_CR09036662610132467713.jpg,2026-06-03,2026-06-05,,,,
41,Speak,AR00705977088842137601,"Speakeasy Labs, Inc",United States,IN,CR09059097457702469633,https://adstransparency.google.com/advertiser/AR00705977088842137601/creative/CR09059097457702469633?region=IN,YouTubeVideo,2025-07-16,"2250,2392,2356,2360,2276",0,3,AIとなら、英語に自信がなくてもまわりを気にせずこっそり英会話できます,,,,,,,,,,,,00:00,2026-06-03,html5-banner-no-mp4,,2026-06-03,2026-06-03,,,,
42,Speak,AR00705977088842137601,"Speakeasy Labs, Inc",United States,IN,CR09059097457702469633,https://adstransparency.google.com/advertiser/AR00705977088842137601/creative/CR09059097457702469633?region=IN,YouTubeVideo,2025-07-16,"2250,2392,2356,2360,2276",1,3,,,,,,,,,,,,,00:00,2026-06-03,html5-banner-no-mp4,,2026-06-03,2026-06-03,,,,
43,Speak,AR00705977088842137601,"Speakeasy Labs, Inc",United States,IN,CR09059097457702469633,https://adstransparency.google.com/advertiser/AR00705977088842137601/creative/CR09059097457702469633?region=IN,YouTubeVideo,2025-07-16,"2250,2392,2356,2360,2276",2,3,気軽に間違えれるAI英会話,累計ダウンロード数,,,,,,,,,,,00:00,2026-06-03,html5-banner-no-mp4,,2026-06-03,2026-06-03,,,,
44,Speak,AR00705977088842137601,"Speakeasy Labs, Inc",United States,IN,CR11982852120391974913,https://adstransparency.google.com/advertiser/AR00705977088842137601/creative/CR11982852120391974913?region=IN,YouTubeVideo,2026-03-12,"2764,2392,2442,2724,2752,2036,2070,2380,2458,2404,2214,2360,2702,2620,2100,2008,2616,2470,2528,2703,2840,2076,2056,2250,2144,2474,2112,2499,2246,2276,2348,2792,2440,2704,2504,2756,2578,2040,2132,2784,2312,2826,2233,2372,2356,2196,2124,2818,2566,2191,2462,2428,2268,2480,2608,2705,2642,2638,2804,2484,2170,2788,2300,2512,2208,2352,2203,2834",0,4,,,,,,,,,,,,,,2026-06-03,html5-banner-no-mp4,,2026-06-03,2026-06-03,,,,
45,Speak,AR00705977088842137601,"Speakeasy Labs, Inc",United States,IN,CR11982852120391974913,https://adstransparency.google.com/advertiser/AR00705977088842137601/creative/CR11982852120391974913?region=IN,YouTubeVideo,2026-03-12,"2764,2392,2442,2724,2752,2036,2070,2380,2458,2404,2214,2360,2702,2620,2100,2008,2616,2470,2528,2703,2840,2076,2056,2250,2144,2474,2112,2499,2246,2276,2348,2792,2440,2704,2504,2756,2578,2040,2132,2784,2312,2826,2233,2372,2356,2196,2124,2818,2566,2191,2462,2428,2268,2480,2608,2705,2642,2638,2804,2484,2170,2788,2300,2512,2208,2352,2203,2834",1,4,,,,,,,,,,,,,,2026-06-03,html5-banner-no-mp4,,2026-06-03,2026-06-03,,,,
46,Speak,AR00705977088842137601,"Speakeasy Labs, Inc",United States,IN,CR11982852120391974913,https://adstransparency.google.com/advertiser/AR00705977088842137601/creative/CR11982852120391974913?region=IN,YouTubeVideo,2026-03-12,"2764,2392,2442,2724,2752,2036,2070,2380,2458,2404,2214,2360,2702,2620,2100,2008,2616,2470,2528,2703,2840,2076,2056,2250,2144,2474,2112,2499,2246,2276,2348,2792,2440,2704,2504,2756,2578,2040,2132,2784,2312,2826,2233,2372,2356,2196,2124,2818,2566,2191,2462,2428,2268,2480,2608,2705,2642,2638,2804,2484,2170,2788,2300,2512,2208,2352,2203,2834",2,4,Zainstaluj,,,,,,,,,,,,00:00,2026-06-03,html5-banner-no-mp4,,2026-06-03,2026-06-03,,,,
47,Speak,AR00705977088842137601,"Speakeasy Labs, Inc",United States,IN,CR11982852120391974913,https://adstransparency.google.com/advertiser/AR00705977088842137601/creative/CR11982852120391974913?region=IN,YouTubeVideo,2026-03-12,"2764,2392,2442,2724,2752,2036,2070,2380,2458,2404,2214,2360,2702,2620,2100,2008,2616,2470,2528,2703,2840,2076,2056,2250,2144,2474,2112,2499,2246,2276,2348,2792,2440,2704,2504,2756,2578,2040,2132,2784,2312,2826,2233,2372,2356,2196,2124,2818,2566,2191,2462,2428,2268,2480,2608,2705,2642,2638,2804,2484,2170,2788,2300,2512,2208,2352,2203,2834",3,4,,,,,,,,,,,,,,2026-06-03,html5-banner-no-mp4,,2026-06-03,2026-06-03,,,,
48,Speak,AR00705977088842137601,"Speakeasy Labs, Inc",United States,IN,CR12027842710271426561,https://adstransparency.google.com/advertiser/AR00705977088842137601/creative/CR12027842710271426561?region=IN,YouTubeVideo,2025-07-16,"2458,2360,2392,2380,2233,2752,2356,2724,2372,2056,2250,2703,2620,2158,2191,2470,2616,2528,2100,2840,2702,2246,2642,2792,2276,2344,2156,2144,2608,2203,2578,2764,2040,2348,2410,2300,2704,2208",0,4,,,,,,,,,,,,,,2026-06-03,html5-banner-no-mp4,,2026-06-03,2026-06-03,,,,
49,Speak,AR00705977088842137601,"Speakeasy Labs, Inc",United States,IN,CR12027842710271426561,https://adstransparency.google.com/advertiser/AR00705977088842137601/creative/CR12027842710271426561?region=IN,YouTubeVideo,2025-07-16,"2458,2360,2392,2380,2233,2752,2356,2724,2372,2056,2250,2703,2620,2158,2191,2470,2616,2528,2100,2840,2702,2246,2642,2792,2276,2344,2156,2144,2608,2203,2578,2764,2040,2348,2410,2300,2704,2208",1,4,,,,,,,,,,,,,,2026-06-03,html5-banner-no-mp4,,2026-06-03,2026-06-03,,,,
50,Speak,AR00705977088842137601,"Speakeasy Labs, Inc",United States,IN,CR12027842710271426561,https://adstransparency.google.com/advertiser/AR00705977088842137601/creative/CR12027842710271426561?region=IN,YouTubeVideo,2025-07-16,"2458,2360,2392,2380,2233,2752,2356,2724,2372,2056,2250,2703,2620,2158,2191,2470,2616,2528,2100,2840,2702,2246,2642,2792,2276,2344,2156,2144,2608,2203,2578,2764,2040,2348,2410,2300,2704,2208",2,4,,,,,,,,,,,,,00:00,2026-06-03,html5-banner-no-mp4,,2026-06-03,2026-06-03,,,,
51,Speak,AR00705977088842137601,"Speakeasy Labs, Inc",United States,IN,CR12027842710271426561,https://adstransparency.google.com/advertiser/AR00705977088842137601/creative/CR12027842710271426561?region=IN,YouTubeVideo,2025-07-16,"2458,2360,2392,2380,2233,2752,2356,2724,2372,2056,2250,2703,2620,2158,2191,2470,2616,2528,2100,2840,2702,2246,2642,2792,2276,2344,2156,2144,2608,2203,2578,2764,2040,2348,2410,2300,2704,2208",3,4,,,,,,,,,,,,,,2026-06-03,html5-banner-no-mp4,,2026-06-03,2026-06-03,,,,
52,Speak,AR00705977088842137601,"Speakeasy Labs, Inc",United States,IN,CR13050314015010455553,https://adstransparency.google.com/advertiser/AR00705977088842137601/creative/CR13050314015010455553?region=IN,Image,2025-10-20,"2360,2050,2528,2300,2616,2392,2724,2840,2586,2348,2608,2203,2250,2764,2380,2276,2792,2356",0,3,,,,,,,,,,,,https://tpc.googlesyndication.com/archive/sadbundle/$csp%3Darchive$/11742459547391216960/index.html,,2026-06-04,,https://pub-893b4a6a607b4221a894bf861da7914e.r2.dev/g_CR13050314015010455553.jpg,2026-06-03,2026-06-05,,,,
53,Speak,AR00705977088842137601,"Speakeasy Labs, Inc",United States,IN,CR13050314015010455553,https://adstransparency.google.com/advertiser/AR00705977088842137601/creative/CR13050314015010455553?region=IN,Image,2025-10-20,"2360,2050,2528,2300,2616,2392,2724,2840,2586,2348,2608,2203,2250,2764,2380,2276,2792,2356",1,3,,,,,,,,,,,,https://tpc.googlesyndication.com/archive/sadbundle/$csp%3Darchive$/1112915415258922623/index.html,,2026-06-04,,https://pub-893b4a6a607b4221a894bf861da7914e.r2.dev/g_CR13050314015010455553.jpg,2026-06-03,2026-06-05,,,,
54,Speak,AR00705977088842137601,"Speakeasy Labs, Inc",United States,IN,CR13050314015010455553,https://adstransparency.google.com/advertiser/AR00705977088842137601/creative/CR13050314015010455553?region=IN,Image,2025-10-20,"2360,2050,2528,2300,2616,2392,2724,2840,2586,2348,2608,2203,2250,2764,2380,2276,2792,2356",2,3,,,,,,,,,,,,https://tpc.googlesyndication.com/archive/sadbundle/$csp%3Darchive$/15353461368170150081/index.html,,2026-06-04,,https://pub-893b4a6a607b4221a894bf861da7914e.r2.dev/g_CR13050314015010455553.jpg,2026-06-03,2026-06-05,,,,
55,Speak,AR00705977088842137601,"Speakeasy Labs, Inc",United States,IN,CR14774311757321076737,https://adstransparency.google.com/advertiser/AR00705977088842137601/creative/CR14774311757321076737?region=IN,YouTubeVideo,2026-02-18,"2156,2356,2458,2250,2608,2764,2392,2203,2840,2616,2704,2642,2116,2246,2418,2276,2348",0,5,,,,,,,,,,,,,,2026-06-03,html5-banner-no-mp4,,2026-06-03,2026-06-03,,,,
56,Speak,AR00705977088842137601,"Speakeasy Labs, Inc",United States,IN,CR14774311757321076737,https://adstransparency.google.com/advertiser/AR00705977088842137601/creative/CR14774311757321076737?region=IN,YouTubeVideo,2026-02-18,"2156,2356,2458,2250,2608,2764,2392,2203,2840,2616,2704,2642,2116,2246,2418,2276,2348",1,5,Cài đặt,,,,,,,,,,,,00:00,2026-06-03,html5-banner-no-mp4,,2026-06-03,2026-06-03,,,,
57,Speak,AR00705977088842137601,"Speakeasy Labs, Inc",United States,IN,CR14774311757321076737,https://adstransparency.google.com/advertiser/AR00705977088842137601/creative/CR14774311757321076737?region=IN,YouTubeVideo,2026-02-18,"2156,2356,2458,2250,2608,2764,2392,2203,2840,2616,2704,2642,2116,2246,2418,2276,2348",2,5,Cài đặt,,,,,,,,,,,,00:00,2026-06-03,html5-banner-no-mp4,,2026-06-03,2026-06-03,,,,
58,Speak,AR00705977088842137601,"Speakeasy Labs, Inc",United States,IN,CR14774311757321076737,https://adstransparency.google.com/advertiser/AR00705977088842137601/creative/CR14774311757321076737?region=IN,YouTubeVideo,2026-02-18,"2156,2356,2458,2250,2608,2764,2392,2203,2840,2616,2704,2642,2116,2246,2418,2276,2348",3,5,,,,,,,,,,,,,,2026-06-03,html5-banner-no-mp4,,2026-06-03,2026-06-03,,,,
59,Speak,AR00705977088842137601,"Speakeasy Labs, Inc",United States,IN,CR14774311757321076737,https://adstransparency.google.com/advertiser/AR00705977088842137601/creative/CR14774311757321076737?region=IN,YouTubeVideo,2026-02-18,"2156,2356,2458,2250,2608,2764,2392,2203,2840,2616,2704,2642,2116,2246,2418,2276,2348",4,5,,,,,,,,,,,,,,2026-06-03,html5-banner-no-mp4,,2026-06-03,2026-06-03,,,,
60,Speak,AR00705977088842137601,"Speakeasy Labs, Inc",United States,IN,CR15187292739940122625,https://adstransparency.google.com/advertiser/AR00705977088842137601/creative/CR15187292739940122625?region=IN,YouTubeVideo,2026-06-03,"2203,2410,2398,2418,2724,2752,2442,2458,2360,2380,2116,2100,2620,2616,2076,2703,2470,2528,2250,2158,2056,2702,2840,2440,2682,2348,2246,2792,2634,2276,2704,2580,2040,2578,2756,2826,2784,2233,2372,2032,2356,2417,2428,2124,2818,2050,2446,2496,2705,2316,2554,2191,2104,2156,2608,2642,2484,2344,2208,2300,2392,2860,2036,2764,2352",0,4,,,,,,,,,,,,,,2026-06-03,html5-banner-no-mp4,,2026-06-03,2026-06-03,,,,
61,Speak,AR00705977088842137601,"Speakeasy Labs, Inc",United States,IN,CR15187292739940122625,https://adstransparency.google.com/advertiser/AR00705977088842137601/creative/CR15187292739940122625?region=IN,YouTubeVideo,2026-06-03,"2203,2410,2398,2418,2724,2752,2442,2458,2360,2380,2116,2100,2620,2616,2076,2703,2470,2528,2250,2158,2056,2702,2840,2440,2682,2348,2246,2792,2634,2276,2704,2580,2040,2578,2756,2826,2784,2233,2372,2032,2356,2417,2428,2124,2818,2050,2446,2496,2705,2316,2554,2191,2104,2156,2608,2642,2484,2344,2208,2300,2392,2860,2036,2764,2352",1,4,,,,,,,,,,,,,00:00,2026-06-03,html5-banner-no-mp4,,2026-06-03,2026-06-03,,,,
62,Speak,AR00705977088842137601,"Speakeasy Labs, Inc",United States,IN,CR15187292739940122625,https://adstransparency.google.com/advertiser/AR00705977088842137601/creative/CR15187292739940122625?region=IN,YouTubeVideo,2026-06-03,"2203,2410,2398,2418,2724,2752,2442,2458,2360,2380,2116,2100,2620,2616,2076,2703,2470,2528,2250,2158,2056,2702,2840,2440,2682,2348,2246,2792,2634,2276,2704,2580,2040,2578,2756,2826,2784,2233,2372,2032,2356,2417,2428,2124,2818,2050,2446,2496,2705,2316,2554,2191,2104,2156,2608,2642,2484,2344,2208,2300,2392,2860,2036,2764,2352",2,4,,,,,,,,,,,,,,2026-06-03,html5-banner-no-mp4,,2026-06-03,2026-06-03,,,,
63,Speak,AR00705977088842137601,"Speakeasy Labs, Inc",United States,IN,CR15187292739940122625,https://adstransparency.google.com/advertiser/AR00705977088842137601/creative/CR15187292739940122625?region=IN,YouTubeVideo,2026-06-03,"2203,2410,2398,2418,2724,2752,2442,2458,2360,2380,2116,2100,2620,2616,2076,2703,2470,2528,2250,2158,2056,2702,2840,2440,2682,2348,2246,2792,2634,2276,2704,2580,2040,2578,2756,2826,2784,2233,2372,2032,2356,2417,2428,2124,2818,2050,2446,2496,2705,2316,2554,2191,2104,2156,2608,2642,2484,2344,2208,2300,2392,2860,2036,2764,2352",3,4,,,,,,,,,,,,,,2026-06-03,html5-banner-no-mp4,,2026-06-03,2026-06-03,,,,
64,Speak,AR00705977088842137601,"Speakeasy Labs, Inc",United States,IN,CR15708446064501587969,https://adstransparency.google.com/advertiser/AR00705977088842137601/creative/CR15708446064501587969?region=IN,YouTubeVideo,2026-03-19,"2608,2840,2620,2250,2616,2528,2191,2158,2360,2458,2702,2356,2752,2724,2203,2380,2040,2764,2578,2392,2410,2300,2344,2704,2642,2276,2792,2156,2246,2348",0,4,每天和 Speak 練習英文口說，七天你就可以說出超過一千個句子,,,,,,,,,,,,00:00,2026-06-03,html5-banner-no-mp4,,2026-06-03,2026-06-03,,,,
65,Speak,AR00705977088842137601,"Speakeasy Labs, Inc",United States,IN,CR15708446064501587969,https://adstransparency.google.com/advertiser/AR00705977088842137601/creative/CR15708446064501587969?region=IN,YouTubeVideo,2026-03-19,"2608,2840,2620,2250,2616,2528,2191,2158,2360,2458,2702,2356,2752,2724,2203,2380,2040,2764,2578,2392,2410,2300,2344,2704,2642,2276,2792,2156,2246,2348",1,4,安裝應用程式 - Speak - 英文口說智慧學習,,,,,,,,,,,,00:00,2026-06-03,html5-banner-no-mp4,,2026-06-03,2026-06-03,,,,
66,Speak,AR00705977088842137601,"Speakeasy Labs, Inc",United States,IN,CR15708446064501587969,https://adstransparency.google.com/advertiser/AR00705977088842137601/creative/CR15708446064501587969?region=IN,YouTubeVideo,2026-03-19,"2608,2840,2620,2250,2616,2528,2191,2158,2360,2458,2702,2356,2752,2724,2203,2380,2040,2764,2578,2392,2410,2300,2344,2704,2642,2276,2792,2156,2246,2348",2,4,,,,,,,,,,,,,,2026-06-03,html5-banner-no-mp4,,2026-06-03,2026-06-03,,,,
67,Speak,AR00705977088842137601,"Speakeasy Labs, Inc",United States,IN,CR15708446064501587969,https://adstransparency.google.com/advertiser/AR00705977088842137601/creative/CR15708446064501587969?region=IN,YouTubeVideo,2026-03-19,"2608,2840,2620,2250,2616,2528,2191,2158,2360,2458,2702,2356,2752,2724,2203,2380,2040,2764,2578,2392,2410,2300,2344,2704,2642,2276,2792,2156,2246,2348",3,4,,,,,,,,,,,,,00:00,2026-06-03,html5-banner-no-mp4,,2026-06-03,2026-06-03,,,,
68,Speak,AR00705977088842137601,"Speakeasy Labs, Inc",United States,IN,CR16557653045580660737,https://adstransparency.google.com/advertiser/AR00705977088842137601/creative/CR16557653045580660737?region=IN,YouTubeVideo,2026-04-07,"2191,2440,2642,2246,2702,2276,2470,2344,2703,2348,2156,2528,2792,2608,2352,2036,2203,2826,2040,2764,2392,2410,2300,2208,2578,2704,2446,2372,2752,2458,2442,2356,2360,2724,2233,2380,2705,2554,2840,2158,2056,2250,2116,2124,2100,2616,2620",0,3,用 Speak 學英文,Category,,,,,,,,,,,00:00,2026-06-03,html5-banner-no-mp4,,2026-06-03,2026-06-03,,,,
69,Speak,AR00705977088842137601,"Speakeasy Labs, Inc",United States,IN,CR16557653045580660737,https://adstransparency.google.com/advertiser/AR00705977088842137601/creative/CR16557653045580660737?region=IN,YouTubeVideo,2026-04-07,"2191,2440,2642,2246,2702,2276,2470,2344,2703,2348,2156,2528,2792,2608,2352,2036,2203,2826,2040,2764,2392,2410,2300,2208,2578,2704,2446,2372,2752,2458,2442,2356,2360,2724,2233,2380,2705,2554,2840,2158,2056,2250,2116,2124,2100,2616,2620",1,3,用 Speak 學英文,Category,,,,,,,,,,,00:00,2026-06-03,html5-banner-no-mp4,,2026-06-03,2026-06-03,,,,
70,Speak,AR00705977088842137601,"Speakeasy Labs, Inc",United States,IN,CR16557653045580660737,https://adstransparency.google.com/advertiser/AR00705977088842137601/creative/CR16557653045580660737?region=IN,YouTubeVideo,2026-04-07,"2191,2440,2642,2246,2702,2276,2470,2344,2703,2348,2156,2528,2792,2608,2352,2036,2203,2826,2040,2764,2392,2410,2300,2208,2578,2704,2446,2372,2752,2458,2442,2356,2360,2724,2233,2380,2705,2554,2840,2158,2056,2250,2116,2124,2100,2616,2620",2,3,,,,,,,,,,,,,00:00,2026-06-03,html5-banner-no-mp4,,2026-06-03,2026-06-03,,,,
71,Speak,AR00705977088842137601,"Speakeasy Labs, Inc",United States,IN,CR17170834995170770945,https://adstransparency.google.com/advertiser/AR00705977088842137601/creative/CR17170834995170770945?region=IN,Image,2025-10-20,"2380,2392,2840,2056,2608,2276,2764,2356,2724,2616,2528,2246,2250,2040",0,3,,,,,,,,,,,,https://tpc.googlesyndication.com/archive/sadbundle/$csp%3Darchive$/1020103393850486603/index.html,,2026-06-04,,https://pub-893b4a6a607b4221a894bf861da7914e.r2.dev/g_CR17170834995170770945.jpg,2026-06-03,2026-06-05,,,,
72,Speak,AR00705977088842137601,"Speakeasy Labs, Inc",United States,IN,CR17170834995170770945,https://adstransparency.google.com/advertiser/AR00705977088842137601/creative/CR17170834995170770945?region=IN,Image,2025-10-20,"2380,2392,2840,2056,2608,2276,2764,2356,2724,2616,2528,2246,2250,2040",1,3,,,,,,,,,,,,https://tpc.googlesyndication.com/archive/sadbundle/$csp%3Darchive$/10566854676225311569/index.html,,2026-06-04,,https://pub-893b4a6a607b4221a894bf861da7914e.r2.dev/g_CR17170834995170770945.jpg,2026-06-03,2026-06-05,,,,
73,Speak,AR00705977088842137601,"Speakeasy Labs, Inc",United States,IN,CR17170834995170770945,https://adstransparency.google.com/advertiser/AR00705977088842137601/creative/CR17170834995170770945?region=IN,Image,2025-10-20,"2380,2392,2840,2056,2608,2276,2764,2356,2724,2616,2528,2246,2250,2040",2,3,,,,,,,,,,,,https://tpc.googlesyndication.com/archive/sadbundle/$csp%3Darchive$/5019657497837332174/index.html,,2026-06-04,,https://pub-893b4a6a607b4221a894bf861da7914e.r2.dev/g_CR17170834995170770945.jpg,2026-06-03,2026-06-05,,,,
74,Speak,AR00705977088842137601,"Speakeasy Labs, Inc",United States,IN,CR18123795758917353473,https://adstransparency.google.com/advertiser/AR00705977088842137601/creative/CR18123795758917353473?region=IN,YouTubeVideo,2026-06-02,"2578,2604,2040,2724,2196,2032,2764,2752,2380,2442,2372,2233,2360,2356,2470,2528,2214,2620,2124,2705,2616,2100,2191,2056,2663,2630,2348,2840,2250,2076,2591,2156,2484,2276,2642,2792,2608,2170,2440,2246,2188,2704,2300,2208,2352,2410,2392,2203,2826",0,4,,,,,,,,,,,,,00:00,2026-06-03,html5-banner-no-mp4,,2026-06-03,2026-06-03,,,,
75,Speak,AR00705977088842137601,"Speakeasy Labs, Inc",United States,IN,CR18123795758917353473,https://adstransparency.google.com/advertiser/AR00705977088842137601/creative/CR18123795758917353473?region=IN,YouTubeVideo,2026-06-02,"2578,2604,2040,2724,2196,2032,2764,2752,2380,2442,2372,2233,2360,2356,2470,2528,2214,2620,2124,2705,2616,2100,2191,2056,2663,2630,2348,2840,2250,2076,2591,2156,2484,2276,2642,2792,2608,2170,2440,2246,2188,2704,2300,2208,2352,2410,2392,2203,2826",1,4,,,,,,,,,,,,,00:00,2026-06-03,html5-banner-no-mp4,,2026-06-03,2026-06-03,,,,
76,Speak,AR00705977088842137601,"Speakeasy Labs, Inc",United States,IN,CR18123795758917353473,https://adstransparency.google.com/advertiser/AR00705977088842137601/creative/CR18123795758917353473?region=IN,YouTubeVideo,2026-06-02,"2578,2604,2040,2724,2196,2032,2764,2752,2380,2442,2372,2233,2360,2356,2470,2528,2214,2620,2124,2705,2616,2100,2191,2056,2663,2630,2348,2840,2250,2076,2591,2156,2484,2276,2642,2792,2608,2170,2440,2246,2188,2704,2300,2208,2352,2410,2392,2203,2826",2,4,Spanish for Beginners,CATEGORY,,,,,,,,,,,00:00,2026-06-03,html5-banner-no-mp4,,2026-06-03,2026-06-03,,,,
77,Speak,AR00705977088842137601,"Speakeasy Labs, Inc",United States,IN,CR18123795758917353473,https://adstransparency.google.com/advertiser/AR00705977088842137601/creative/CR18123795758917353473?region=IN,YouTubeVideo,2026-06-02,"2578,2604,2040,2724,2196,2032,2764,2752,2380,2442,2372,2233,2360,2356,2470,2528,2214,2620,2124,2705,2616,2100,2191,2056,2663,2630,2348,2840,2250,2076,2591,2156,2484,2276,2642,2792,2608,2170,2440,2246,2188,2704,2300,2208,2352,2410,2392,2203,2826",3,4,,,,,,,,,,,,,,2026-06-03,html5-banner-no-mp4,,2026-06-03,2026-06-03,,,,
