pipeline,competitor,page_id,ad_id,scrape_date,page_rank,row_rank,present,page_rank_delta,days_since_prev_obs
google,duolingo,AR01320432650854334465,CR00077483048265842689,2026-06-03,1,1,true,,
google,duolingo,AR01320432650854334465,CR00077483048265842689,2026-06-05,1,1,true,0,2
google,duolingo,AR01320432650854334465,CR00080577486303264769,2026-06-03,2,2,true,,
google,duolingo,AR01320432650854334465,CR00080577486303264769,2026-06-05,2,2,true,0,2
google,duolingo,AR01320432650854334465,CR00092628322722250753,2026-06-03,3,3,true,,
google,duolingo,AR01320432650854334465,CR00092628322722250753,2026-06-05,3,3,true,0,2
google,duolingo,AR01320432650854334465,CR00172539367540129793,2026-06-03,4,5,true,,
google,duolingo,AR01320432650854334465,CR00172539367540129793,2026-06-05,4,5,true,0,2
google,duolingo,AR01320432650854334465,CR00181197265694621697,2026-06-03,5,8,true,,
google,duolingo,AR01320432650854334465,CR00181197265694621697,2026-06-05,5,8,true,0,2
google,duolingo,AR01320432650854334465,CR00182742388769292289,2026-06-03,6,12,true,,
google,duolingo,AR01320432650854334465,CR00182742388769292289,2026-06-05,6,12,true,0,2
google,duolingo,AR01320432650854334465,CR00183418201873317889,2026-06-03,7,13,true,,
google,duolingo,AR01320432650854334465,CR00183418201873317889,2026-06-05,7,13,true,0,2
google,duolingo,AR01320432650854334465,CR00220408796688678913,2026-06-03,8,17,true,,
google,duolingo,AR01320432650854334465,CR00220408796688678913,2026-06-05,8,17,true,0,2
google,duolingo,AR01320432650854334465,CR00225154151435206657,2026-06-03,9,20,true,,
google,duolingo,AR01320432650854334465,CR00225154151435206657,2026-06-05,9,20,true,0,2
google,duolingo,AR01320432650854334465,CR00273460825434357761,2026-06-03,10,23,true,,
google,duolingo,AR01320432650854334465,CR00273460825434357761,2026-06-05,10,23,true,0,2
google,duolingo,AR01320432650854334465,CR00302240267413487617,2026-06-03,11,27,true,,
google,duolingo,AR01320432650854334465,CR00302240267413487617,2026-06-05,11,27,true,0,2
google,duolingo,AR01320432650854334465,CR00339160802722316289,2026-06-03,12,30,true,,
google,duolingo,AR01320432650854334465,CR00339160802722316289,2026-06-05,12,30,true,0,2
google,duolingo,AR01320432650854334465,CR00340579095412736001,2026-06-03,13,31,true,,
google,duolingo,AR01320432650854334465,CR00340579095412736001,2026-06-05,13,31,true,0,2
google,duolingo,AR01320432650854334465,CR00355032940264030209,2026-06-03,14,34,true,,
google,duolingo,AR01320432650854334465,CR00355032940264030209,2026-06-05,14,34,true,0,2
google,duolingo,AR01320432650854334465,CR00486904619688001537,2026-06-03,15,37,true,,
google,duolingo,AR01320432650854334465,CR00486904619688001537,2026-06-05,15,37,true,0,2
google,duolingo,AR01320432650854334465,CR00523603173907103745,2026-06-03,16,41,true,,
google,duolingo,AR01320432650854334465,CR00523603173907103745,2026-06-05,16,41,true,0,2
google,duolingo,AR01320432650854334465,CR00595989985778204673,2026-06-03,17,43,true,,
google,duolingo,AR01320432650854334465,CR00595989985778204673,2026-06-05,17,43,true,0,2
google,duolingo,AR01320432650854334465,CR00622910591681429505,2026-06-03,18,44,true,,
google,duolingo,AR01320432650854334465,CR00622910591681429505,2026-06-05,18,44,true,0,2
google,duolingo,AR01320432650854334465,CR00666386106077413377,2026-06-03,19,47,true,,
google,duolingo,AR01320432650854334465,CR00666386106077413377,2026-06-05,19,47,true,0,2
google,duolingo,AR01320432650854334465,CR00708930609002577921,2026-06-03,20,48,true,,
google,duolingo,AR01320432650854334465,CR00708930609002577921,2026-06-05,20,48,true,0,2
google,duolingo,AR01320432650854334465,CR00754063714486845441,2026-06-03,21,51,true,,
google,duolingo,AR01320432650854334465,CR00754063714486845441,2026-06-05,21,51,true,0,2
google,duolingo,AR01320432650854334465,CR00870484712919924737,2026-06-03,22,52,true,,
google,duolingo,AR01320432650854334465,CR00870484712919924737,2026-06-05,22,52,true,0,2
google,duolingo,AR01320432650854334465,CR00912206643708559361,2026-06-03,23,56,true,,
google,duolingo,AR01320432650854334465,CR00912206643708559361,2026-06-05,23,56,true,0,2
google,duolingo,AR01320432650854334465,CR00990928154384138241,2026-06-03,24,57,true,,
google,duolingo,AR01320432650854334465,CR00990928154384138241,2026-06-05,24,57,true,0,2
google,duolingo,AR01320432650854334465,CR01002423385243779073,2026-06-03,25,58,true,,
google,duolingo,AR01320432650854334465,CR01002423385243779073,2026-06-05,25,58,true,0,2
google,duolingo,AR01320432650854334465,CR01030743368801452033,2026-06-03,26,63,true,,
google,duolingo,AR01320432650854334465,CR01030743368801452033,2026-06-05,26,63,true,0,2
google,duolingo,AR01320432650854334465,CR01080890376157396993,2026-06-03,27,68,true,,
google,duolingo,AR01320432650854334465,CR01080890376157396993,2026-06-05,27,68,true,0,2
google,duolingo,AR01320432650854334465,CR01100173104279191553,2026-06-03,28,70,true,,
google,duolingo,AR01320432650854334465,CR01100173104279191553,2026-06-05,28,70,true,0,2
google,duolingo,AR01320432650854334465,CR01130741245518282753,2026-06-03,29,73,true,,
google,duolingo,AR01320432650854334465,CR01130741245518282753,2026-06-05,29,73,true,0,2
google,duolingo,AR01320432650854334465,CR01171838378824433665,2026-06-03,30,77,true,,
google,duolingo,AR01320432650854334465,CR01171838378824433665,2026-06-05,30,77,true,0,2
google,duolingo,AR01320432650854334465,CR01175648702010753025,2026-06-03,31,80,true,,
google,duolingo,AR01320432650854334465,CR01175648702010753025,2026-06-05,31,80,true,0,2
google,duolingo,AR01320432650854334465,CR01290797153173635073,2026-06-03,32,81,true,,
google,duolingo,AR01320432650854334465,CR01290797153173635073,2026-06-05,32,81,true,0,2
google,duolingo,AR01320432650854334465,CR01337385900383928321,2026-06-03,33,86,true,,
google,duolingo,AR01320432650854334465,CR01337385900383928321,2026-06-05,33,86,true,0,2
google,duolingo,AR01320432650854334465,CR01343770764406423553,2026-06-03,34,87,true,,
google,duolingo,AR01320432650854334465,CR01343770764406423553,2026-06-05,34,87,true,0,2
google,duolingo,AR01320432650854334465,CR01423026208236371969,2026-06-03,35,90,true,,
google,duolingo,AR01320432650854334465,CR01423026208236371969,2026-06-05,35,90,true,0,2
google,duolingo,AR01320432650854334465,CR01450103631985508353,2026-06-03,36,94,true,,
google,duolingo,AR01320432650854334465,CR01450103631985508353,2026-06-05,36,94,true,0,2
google,duolingo,AR01320432650854334465,CR01533471704569872385,2026-06-03,37,97,true,,
google,duolingo,AR01320432650854334465,CR01533471704569872385,2026-06-05,37,97,true,0,2
google,duolingo,AR01320432650854334465,CR01557529603101163521,2026-06-03,38,98,true,,
google,duolingo,AR01320432650854334465,CR01557529603101163521,2026-06-05,38,98,true,0,2
google,duolingo,AR01320432650854334465,CR01624949414143459329,2026-06-03,39,101,true,,
google,duolingo,AR01320432650854334465,CR01624949414143459329,2026-06-05,39,101,true,0,2
google,duolingo,AR01320432650854334465,CR01729249061384486913,2026-06-03,40,102,true,,
google,duolingo,AR01320432650854334465,CR01729249061384486913,2026-06-05,40,102,true,0,2
google,duolingo,AR01320432650854334465,CR01796609473029079041,2026-06-03,41,105,true,,
google,duolingo,AR01320432650854334465,CR01796609473029079041,2026-06-05,41,105,true,0,2
google,duolingo,AR01320432650854334465,CR02602988517701189633,2026-06-03,42,106,true,,
google,duolingo,AR01320432650854334465,CR01824752607013371905,2026-06-03,43,109,true,,
google,duolingo,AR01320432650854334465,CR01824752607013371905,2026-06-05,42,109,true,1,2
google,duolingo,AR01320432650854334465,CR01868085494135390209,2026-06-03,44,110,true,,
google,duolingo,AR01320432650854334465,CR01868085494135390209,2026-06-05,43,110,true,1,2
google,duolingo,AR01320432650854334465,CR01910258705727750145,2026-06-03,45,113,true,,
google,duolingo,AR01320432650854334465,CR01910258705727750145,2026-06-05,44,113,true,1,2
google,duolingo,AR01320432650854334465,CR01947827506220367873,2026-06-03,46,116,true,,
google,duolingo,AR01320432650854334465,CR01947827506220367873,2026-06-05,45,116,true,1,2
google,duolingo,AR01320432650854334465,CR02066686465529610241,2026-06-03,47,120,true,,
google,duolingo,AR01320432650854334465,CR02066686465529610241,2026-06-05,46,120,true,1,2
google,duolingo,AR01320432650854334465,CR02128424764983738369,2026-06-03,48,121,true,,
google,duolingo,AR01320432650854334465,CR02128424764983738369,2026-06-05,47,121,true,1,2
google,duolingo,AR01320432650854334465,CR02253422813106929665,2026-06-03,49,122,true,,
google,duolingo,AR01320432650854334465,CR02253422813106929665,2026-06-05,48,122,true,1,2
google,duolingo,AR01320432650854334465,CR02300258323368247297,2026-06-03,50,123,true,,
google,duolingo,AR01320432650854334465,CR02300258323368247297,2026-06-05,49,123,true,1,2
google,duolingo,AR01320432650854334465,CR02332026650268532737,2026-06-03,51,126,true,,
google,duolingo,AR01320432650854334465,CR02332026650268532737,2026-06-05,50,126,true,1,2
google,duolingo,AR01320432650854334465,CR02345735223804690433,2026-06-03,52,129,true,,
google,duolingo,AR01320432650854334465,CR02345735223804690433,2026-06-05,51,129,true,1,2
google,duolingo,AR01320432650854334465,CR02365103782552928257,2026-06-03,53,132,true,,
google,duolingo,AR01320432650854334465,CR02365103782552928257,2026-06-05,52,132,true,1,2
google,duolingo,AR01320432650854334465,CR02400119130498793473,2026-06-03,54,134,true,,
google,duolingo,AR01320432650854334465,CR02400119130498793473,2026-06-05,53,134,true,1,2
google,duolingo,AR01320432650854334465,CR02403692818166972417,2026-06-03,55,138,true,,
google,duolingo,AR01320432650854334465,CR02403692818166972417,2026-06-05,54,138,true,1,2
google,duolingo,AR01320432650854334465,CR02441408515131047937,2026-06-03,56,142,true,,
google,duolingo,AR01320432650854334465,CR02441408515131047937,2026-06-05,55,142,true,1,2
google,duolingo,AR01320432650854334465,CR02469643449746325505,2026-06-03,57,145,true,,
google,duolingo,AR01320432650854334465,CR02469643449746325505,2026-06-05,56,145,true,1,2
google,duolingo,AR01320432650854334465,CR02559491665907679233,2026-06-03,58,150,true,,
google,duolingo,AR01320432650854334465,CR02559491665907679233,2026-06-05,57,150,true,1,2
google,duolingo,AR01320432650854334465,CR02582431876509597697,2026-06-03,59,153,true,,
google,duolingo,AR01320432650854334465,CR02582431876509597697,2026-06-05,58,153,true,1,2
google,duolingo,AR01320432650854334465,CR02689703185852923905,2026-06-03,60,154,true,,
google,duolingo,AR01320432650854334465,CR02689703185852923905,2026-06-05,59,154,true,1,2
google,duolingo,AR01320432650854334465,CR02777872576607682561,2026-06-03,61,157,true,,
google,duolingo,AR01320432650854334465,CR02777872576607682561,2026-06-05,60,157,true,1,2
google,duolingo,AR01320432650854334465,CR02783458473633906689,2026-06-03,62,158,true,,
google,duolingo,AR01320432650854334465,CR02783458473633906689,2026-06-05,61,158,true,1,2
google,duolingo,AR01320432650854334465,CR02861963294619467777,2026-06-03,63,161,true,,
google,duolingo,AR01320432650854334465,CR02861963294619467777,2026-06-05,62,161,true,1,2
google,duolingo,AR01320432650854334465,CR02876105685622325249,2026-06-03,64,164,true,,
google,duolingo,AR01320432650854334465,CR02876105685622325249,2026-06-05,63,164,true,1,2
google,duolingo,AR01320432650854334465,CR02889213350284099585,2026-06-03,65,167,true,,
google,duolingo,AR01320432650854334465,CR02889213350284099585,2026-06-05,64,167,true,1,2
google,duolingo,AR01320432650854334465,CR02931127008412827649,2026-06-03,66,170,true,,
google,duolingo,AR01320432650854334465,CR02931127008412827649,2026-06-05,65,170,true,1,2
google,duolingo,AR01320432650854334465,CR02953461826194505729,2026-06-03,67,173,true,,
google,duolingo,AR01320432650854334465,CR02953461826194505729,2026-06-05,66,173,true,1,2
google,duolingo,AR01320432650854334465,CR02959457325661814785,2026-06-03,68,175,true,,
google,duolingo,AR01320432650854334465,CR02959457325661814785,2026-06-05,67,175,true,1,2
google,duolingo,AR01320432650854334465,CR02969335793392287745,2026-06-03,69,179,true,,
google,duolingo,AR01320432650854334465,CR02969335793392287745,2026-06-05,68,179,true,1,2
google,duolingo,AR01320432650854334465,CR02996805261756203009,2026-06-03,70,183,true,,
google,duolingo,AR01320432650854334465,CR02996805261756203009,2026-06-05,69,183,true,1,2
google,duolingo,AR01320432650854334465,CR03125866348941410305,2026-06-03,71,185,true,,
google,duolingo,AR01320432650854334465,CR03125866348941410305,2026-06-05,70,185,true,1,2
google,duolingo,AR01320432650854334465,CR03202938102549053441,2026-06-03,72,188,true,,
google,duolingo,AR01320432650854334465,CR03202938102549053441,2026-06-05,71,188,true,1,2
google,duolingo,AR01320432650854334465,CR03218206986164240385,2026-06-03,73,191,true,,
google,duolingo,AR01320432650854334465,CR03218206986164240385,2026-06-05,72,191,true,1,2
google,duolingo,AR01320432650854334465,CR03247348476706553857,2026-06-03,74,192,true,,
google,duolingo,AR01320432650854334465,CR03247348476706553857,2026-06-05,73,192,true,1,2
google,duolingo,AR01320432650854334465,CR03274989511834075137,2026-06-03,75,195,true,,
google,duolingo,AR01320432650854334465,CR03274989511834075137,2026-06-05,74,195,true,1,2
google,duolingo,AR01320432650854334465,CR03289419536796745729,2026-06-03,76,198,true,,
google,duolingo,AR01320432650854334465,CR03289419536796745729,2026-06-05,75,198,true,1,2
google,duolingo,AR01320432650854334465,CR03320610242135326721,2026-06-03,77,199,true,,
google,duolingo,AR01320432650854334465,CR03320610242135326721,2026-06-05,76,199,true,1,2
google,duolingo,AR01320432650854334465,CR03342477054510628865,2026-06-03,78,202,true,,
google,duolingo,AR01320432650854334465,CR03342477054510628865,2026-06-05,77,202,true,1,2
google,duolingo,AR01320432650854334465,CR03356091276205228033,2026-06-03,79,205,true,,
google,duolingo,AR01320432650854334465,CR03356091276205228033,2026-06-05,78,205,true,1,2
google,duolingo,AR01320432650854334465,CR03419157983274205185,2026-06-03,80,206,true,,
google,duolingo,AR01320432650854334465,CR03419157983274205185,2026-06-05,79,206,true,1,2
google,duolingo,AR01320432650854334465,CR03444500283185430529,2026-06-03,81,209,true,,
google,duolingo,AR01320432650854334465,CR03444500283185430529,2026-06-05,80,209,true,1,2
google,duolingo,AR01320432650854334465,CR03449188738205220865,2026-06-03,82,214,true,,
google,duolingo,AR01320432650854334465,CR03449188738205220865,2026-06-05,81,214,true,1,2
google,duolingo,AR01320432650854334465,CR03460262881881227265,2026-06-03,83,217,true,,
google,duolingo,AR01320432650854334465,CR03460262881881227265,2026-06-05,82,217,true,1,2
google,duolingo,AR01320432650854334465,CR03461645655192109057,2026-06-03,84,221,true,,
google,duolingo,AR01320432650854334465,CR03461645655192109057,2026-06-05,83,221,true,1,2
google,duolingo,AR01320432650854334465,CR03568382765093093377,2026-06-03,85,222,true,,
google,duolingo,AR01320432650854334465,CR03568382765093093377,2026-06-05,84,222,true,1,2
google,duolingo,AR01320432650854334465,CR03618019358535581697,2026-06-03,86,224,true,,
google,duolingo,AR01320432650854334465,CR03618019358535581697,2026-06-05,85,224,true,1,2
google,duolingo,AR01320432650854334465,CR03633588460364759041,2026-06-03,87,229,true,,
google,duolingo,AR01320432650854334465,CR03633588460364759041,2026-06-05,86,229,true,1,2
google,duolingo,AR01320432650854334465,CR03723665057117110273,2026-06-03,88,230,true,,
google,duolingo,AR01320432650854334465,CR03723665057117110273,2026-06-05,87,230,true,1,2
google,duolingo,AR01320432650854334465,CR03734752051335266305,2026-06-03,89,233,true,,
google,duolingo,AR01320432650854334465,CR03734752051335266305,2026-06-05,88,233,true,1,2
google,duolingo,AR01320432650854334465,CR03773528837149687809,2026-06-03,90,235,true,,
google,duolingo,AR01320432650854334465,CR03773528837149687809,2026-06-05,89,235,true,1,2
google,duolingo,AR01320432650854334465,CR03794565483886280705,2026-06-03,91,238,true,,
google,duolingo,AR01320432650854334465,CR03794565483886280705,2026-06-05,90,238,true,1,2
google,duolingo,AR01320432650854334465,CR03870369698155593729,2026-06-03,92,240,true,,
google,duolingo,AR01320432650854334465,CR03870369698155593729,2026-06-05,91,240,true,1,2
google,duolingo,AR01320432650854334465,CR03872881463749771265,2026-06-03,93,241,true,,
google,duolingo,AR01320432650854334465,CR03872881463749771265,2026-06-05,92,241,true,1,2
google,duolingo,AR01320432650854334465,CR03935553386014834689,2026-06-03,94,245,true,,
google,duolingo,AR01320432650854334465,CR03935553386014834689,2026-06-05,93,245,true,1,2
google,duolingo,AR01320432650854334465,CR03948338679021305857,2026-06-03,95,246,true,,
google,duolingo,AR01320432650854334465,CR03948338679021305857,2026-06-05,94,246,true,1,2
google,duolingo,AR01320432650854334465,CR03986498286625226753,2026-06-03,96,247,true,,
google,duolingo,AR01320432650854334465,CR03986498286625226753,2026-06-05,95,247,true,1,2
google,duolingo,AR01320432650854334465,CR04055412608847577089,2026-06-03,97,248,true,,
google,duolingo,AR01320432650854334465,CR04055412608847577089,2026-06-05,96,248,true,1,2
google,duolingo,AR01320432650854334465,CR04074443454317330433,2026-06-03,98,251,true,,
google,duolingo,AR01320432650854334465,CR04074443454317330433,2026-06-05,97,251,true,1,2
google,duolingo,AR01320432650854334465,CR04080075221594275841,2026-06-03,99,256,true,,
google,duolingo,AR01320432650854334465,CR04080075221594275841,2026-06-05,98,256,true,1,2
google,duolingo,AR01320432650854334465,CR04118908219940667393,2026-06-03,100,261,true,,
google,duolingo,AR01320432650854334465,CR04118908219940667393,2026-06-05,99,261,true,1,2
google,duolingo,AR01320432650854334465,CR04123240768200507393,2026-06-03,101,266,true,,
google,duolingo,AR01320432650854334465,CR04123240768200507393,2026-06-05,100,266,true,1,2
google,duolingo,AR01320432650854334465,CR04128968115679657985,2026-06-03,102,270,true,,
google,duolingo,AR01320432650854334465,CR04128968115679657985,2026-06-05,101,270,true,1,2
google,duolingo,AR01320432650854334465,CR04153116191344295937,2026-06-03,103,273,true,,
google,duolingo,AR01320432650854334465,CR04153116191344295937,2026-06-05,102,273,true,1,2
google,duolingo,AR01320432650854334465,CR04243151788338839553,2026-06-03,104,276,true,,
google,duolingo,AR01320432650854334465,CR04243151788338839553,2026-06-05,103,276,true,1,2
google,duolingo,AR01320432650854334465,CR04273584492079218689,2026-06-03,105,279,true,,
google,duolingo,AR01320432650854334465,CR04273584492079218689,2026-06-05,104,279,true,1,2
google,duolingo,AR01320432650854334465,CR04306221768172896257,2026-06-03,106,283,true,,
google,duolingo,AR01320432650854334465,CR04306221768172896257,2026-06-05,105,283,true,1,2
google,duolingo,AR01320432650854334465,CR04360477143675699201,2026-06-03,107,286,true,,
google,duolingo,AR01320432650854334465,CR04360477143675699201,2026-06-05,106,286,true,1,2
google,duolingo,AR01320432650854334465,CR04442749836390825985,2026-06-03,108,289,true,,
google,duolingo,AR01320432650854334465,CR04442749836390825985,2026-06-05,107,289,true,1,2
google,duolingo,AR01320432650854334465,CR04461114927569960961,2026-06-03,109,293,true,,
google,duolingo,AR01320432650854334465,CR04461114927569960961,2026-06-05,108,293,true,1,2
google,duolingo,AR01320432650854334465,CR04561899290108100609,2026-06-03,110,294,true,,
google,duolingo,AR01320432650854334465,CR04561899290108100609,2026-06-05,109,294,true,1,2
google,duolingo,AR01320432650854334465,CR04593892192258359297,2026-06-03,111,297,true,,
google,duolingo,AR01320432650854334465,CR04593892192258359297,2026-06-05,110,297,true,1,2
google,duolingo,AR01320432650854334465,CR04597731824301506561,2026-06-03,112,300,true,,
google,duolingo,AR01320432650854334465,CR04597731824301506561,2026-06-05,111,300,true,1,2
google,duolingo,AR01320432650854334465,CR04668698788704026625,2026-06-03,113,303,true,,
google,duolingo,AR01320432650854334465,CR04668698788704026625,2026-06-05,112,303,true,1,2
google,duolingo,AR01320432650854334465,CR04691106638109605889,2026-06-03,114,307,true,,
google,duolingo,AR01320432650854334465,CR04691106638109605889,2026-06-05,113,307,true,1,2
google,duolingo,AR01320432650854334465,CR04735206924218269697,2026-06-03,115,310,true,,
google,duolingo,AR01320432650854334465,CR04735206924218269697,2026-06-05,114,310,true,1,2
google,duolingo,AR01320432650854334465,CR04763770243443064833,2026-06-03,116,313,true,,
google,duolingo,AR01320432650854334465,CR04763770243443064833,2026-06-05,115,313,true,1,2
google,duolingo,AR01320432650854334465,CR04808461817699368961,2026-06-03,117,317,true,,
google,duolingo,AR01320432650854334465,CR04808461817699368961,2026-06-05,116,317,true,1,2
google,duolingo,AR01320432650854334465,CR04844956498410864641,2026-06-03,118,318,true,,
google,duolingo,AR01320432650854334465,CR04844956498410864641,2026-06-05,117,318,true,1,2
google,duolingo,AR01320432650854334465,CR04916521202001903617,2026-06-03,119,319,true,,
google,duolingo,AR01320432650854334465,CR04916521202001903617,2026-06-05,118,319,true,1,2
google,duolingo,AR01320432650854334465,CR04921081589686861825,2026-06-03,120,323,true,,
google,duolingo,AR01320432650854334465,CR04921081589686861825,2026-06-05,119,323,true,1,2
google,duolingo,AR01320432650854334465,CR04944055996818391041,2026-06-03,121,326,true,,
google,duolingo,AR01320432650854334465,CR04944055996818391041,2026-06-05,120,326,true,1,2
google,duolingo,AR01320432650854334465,CR05087881686918627329,2026-06-03,122,329,true,,
google,duolingo,AR01320432650854334465,CR05087881686918627329,2026-06-05,121,329,true,1,2
google,duolingo,AR01320432650854334465,CR05130416070900842497,2026-06-03,123,333,true,,
google,duolingo,AR01320432650854334465,CR05130416070900842497,2026-06-05,122,333,true,1,2
google,duolingo,AR01320432650854334465,CR05131027012818829313,2026-06-03,124,335,true,,
google,duolingo,AR01320432650854334465,CR05131027012818829313,2026-06-05,123,335,true,1,2
google,duolingo,AR01320432650854334465,CR05308910960352690177,2026-06-03,125,337,true,,
google,duolingo,AR01320432650854334465,CR05308910960352690177,2026-06-05,124,337,true,1,2
google,duolingo,AR01320432650854334465,CR05323514484814249985,2026-06-03,126,340,true,,
google,duolingo,AR01320432650854334465,CR05323514484814249985,2026-06-05,125,340,true,1,2
google,duolingo,AR01320432650854334465,CR05366775199305826305,2026-06-03,127,341,true,,
google,duolingo,AR01320432650854334465,CR05366775199305826305,2026-06-05,126,341,true,1,2
google,duolingo,AR01320432650854334465,CR05386581002904666113,2026-06-03,128,342,true,,
google,duolingo,AR01320432650854334465,CR05386581002904666113,2026-06-05,127,342,true,1,2
google,duolingo,AR01320432650854334465,CR05386588398838349825,2026-06-03,129,343,true,,
google,duolingo,AR01320432650854334465,CR05386588398838349825,2026-06-05,128,343,true,1,2
google,duolingo,AR01320432650854334465,CR05404970240389939201,2026-06-03,130,344,true,,
google,duolingo,AR01320432650854334465,CR05404970240389939201,2026-06-05,129,344,true,1,2
google,duolingo,AR01320432650854334465,CR05406473573432819713,2026-06-03,131,348,true,,
google,duolingo,AR01320432650854334465,CR05406473573432819713,2026-06-05,130,348,true,1,2
google,duolingo,AR01320432650854334465,CR05467319868309110785,2026-06-03,132,350,true,,
google,duolingo,AR01320432650854334465,CR05467319868309110785,2026-06-05,131,350,true,1,2
google,duolingo,AR01320432650854334465,CR05543142980434526209,2026-06-03,133,354,true,,
google,duolingo,AR01320432650854334465,CR05543142980434526209,2026-06-05,132,354,true,1,2
google,duolingo,AR01320432650854334465,CR05583083874184855553,2026-06-03,134,358,true,,
google,duolingo,AR01320432650854334465,CR05583083874184855553,2026-06-05,133,358,true,1,2
google,duolingo,AR01320432650854334465,CR05657396214384033793,2026-06-03,135,360,true,,
google,duolingo,AR01320432650854334465,CR05657396214384033793,2026-06-05,134,360,true,1,2
google,duolingo,AR01320432650854334465,CR05666550748196896769,2026-06-03,136,362,true,,
google,duolingo,AR01320432650854334465,CR05666550748196896769,2026-06-05,135,362,true,1,2
google,duolingo,AR01320432650854334465,CR05686368302826258433,2026-06-03,137,367,true,,
google,duolingo,AR01320432650854334465,CR05686368302826258433,2026-06-05,136,367,true,1,2
google,duolingo,AR01320432650854334465,CR05689357643013947393,2026-06-03,138,369,true,,
google,duolingo,AR01320432650854334465,CR05689357643013947393,2026-06-05,137,369,true,1,2
google,duolingo,AR01320432650854334465,CR05765768727572250625,2026-06-03,139,370,true,,
google,duolingo,AR01320432650854334465,CR05765768727572250625,2026-06-05,138,370,true,1,2
google,duolingo,AR01320432650854334465,CR05803985243492843521,2026-06-03,140,373,true,,
google,duolingo,AR01320432650854334465,CR05803985243492843521,2026-06-05,139,373,true,1,2
google,duolingo,AR01320432650854334465,CR05863167865607159809,2026-06-03,141,374,true,,
google,duolingo,AR01320432650854334465,CR05863167865607159809,2026-06-05,140,374,true,1,2
google,duolingo,AR01320432650854334465,CR05896184894119215105,2026-06-03,142,377,true,,
google,duolingo,AR01320432650854334465,CR05896184894119215105,2026-06-05,141,377,true,1,2
google,duolingo,AR01320432650854334465,CR05921300900793548801,2026-06-03,143,381,true,,
google,duolingo,AR01320432650854334465,CR05921300900793548801,2026-06-05,142,381,true,1,2
google,duolingo,AR01320432650854334465,CR05930435944044822529,2026-06-03,144,386,true,,
google,duolingo,AR01320432650854334465,CR05930435944044822529,2026-06-05,143,386,true,1,2
google,duolingo,AR01320432650854334465,CR05974113296133914625,2026-06-03,145,388,true,,
google,duolingo,AR01320432650854334465,CR05974113296133914625,2026-06-05,144,388,true,1,2
google,duolingo,AR01320432650854334465,CR06045526018012217345,2026-06-03,146,389,true,,
google,duolingo,AR01320432650854334465,CR06045526018012217345,2026-06-05,145,389,true,1,2
google,duolingo,AR01320432650854334465,CR06108857887772114945,2026-06-03,147,392,true,,
google,duolingo,AR01320432650854334465,CR06108857887772114945,2026-06-05,146,392,true,1,2
google,duolingo,AR01320432650854334465,CR06118761094514212865,2026-06-03,148,395,true,,
google,duolingo,AR01320432650854334465,CR06118761094514212865,2026-06-05,147,395,true,1,2
google,duolingo,AR01320432650854334465,CR06204449428690960385,2026-06-03,149,398,true,,
google,duolingo,AR01320432650854334465,CR06204449428690960385,2026-06-05,148,398,true,1,2
google,duolingo,AR01320432650854334465,CR06272089056159465473,2026-06-03,150,402,true,,
google,duolingo,AR01320432650854334465,CR06272089056159465473,2026-06-05,149,402,true,1,2
google,duolingo,AR01320432650854334465,CR06295254838443769857,2026-06-03,151,404,true,,
google,duolingo,AR01320432650854334465,CR06295254838443769857,2026-06-05,150,404,true,1,2
google,duolingo,AR01320432650854334465,CR06322497395095502849,2026-06-03,152,407,true,,
google,duolingo,AR01320432650854334465,CR06322497395095502849,2026-06-05,151,407,true,1,2
google,duolingo,AR01320432650854334465,CR06323327603683885057,2026-06-03,153,410,true,,
google,duolingo,AR01320432650854334465,CR06323327603683885057,2026-06-05,152,410,true,1,2
google,duolingo,AR01320432650854334465,CR06346806712422367233,2026-06-03,154,413,true,,
google,duolingo,AR01320432650854334465,CR06346806712422367233,2026-06-05,153,413,true,1,2
google,duolingo,AR01320432650854334465,CR06417969407074500609,2026-06-03,155,416,true,,
google,duolingo,AR01320432650854334465,CR06417969407074500609,2026-06-05,154,416,true,1,2
google,duolingo,AR01320432650854334465,CR06417975042071592961,2026-06-03,156,419,true,,
google,duolingo,AR01320432650854334465,CR06417975042071592961,2026-06-05,155,419,true,1,2
google,duolingo,AR01320432650854334465,CR06426361661501734913,2026-06-03,157,422,true,,
google,duolingo,AR01320432650854334465,CR06426361661501734913,2026-06-05,156,422,true,1,2
google,duolingo,AR01320432650854334465,CR06447154603204018177,2026-06-03,158,425,true,,
google,duolingo,AR01320432650854334465,CR06447154603204018177,2026-06-05,157,425,true,1,2
google,duolingo,AR01320432650854334465,CR06516214000831692801,2026-06-03,159,426,true,,
google,duolingo,AR01320432650854334465,CR06516214000831692801,2026-06-05,158,426,true,1,2
google,duolingo,AR01320432650854334465,CR06623573614702624769,2026-06-03,160,429,true,,
google,duolingo,AR01320432650854334465,CR06623573614702624769,2026-06-05,159,429,true,1,2
google,duolingo,AR01320432650854334465,CR06643980163967090689,2026-06-03,161,431,true,,
google,duolingo,AR01320432650854334465,CR06643980163967090689,2026-06-05,160,431,true,1,2
google,duolingo,AR01320432650854334465,CR06702948965429542913,2026-06-03,162,434,true,,
google,duolingo,AR01320432650854334465,CR06702948965429542913,2026-06-05,161,434,true,1,2
google,duolingo,AR01320432650854334465,CR06772101898854989825,2026-06-03,163,437,true,,
google,duolingo,AR01320432650854334465,CR06772101898854989825,2026-06-05,162,437,true,1,2
google,duolingo,AR01320432650854334465,CR06879456324405428225,2026-06-03,164,442,true,,
google,duolingo,AR01320432650854334465,CR06879456324405428225,2026-06-05,163,442,true,1,2
google,duolingo,AR01320432650854334465,CR07024839386827063297,2026-06-03,165,443,true,,
google,duolingo,AR01320432650854334465,CR07024839386827063297,2026-06-05,164,443,true,1,2
google,duolingo,AR01320432650854334465,CR07026656243892617217,2026-06-03,166,444,true,,
google,duolingo,AR01320432650854334465,CR07026656243892617217,2026-06-05,165,444,true,1,2
google,duolingo,AR01320432650854334465,CR07157674058048339969,2026-06-03,167,448,true,,
google,duolingo,AR01320432650854334465,CR07157674058048339969,2026-06-05,166,448,true,1,2
google,duolingo,AR01320432650854334465,CR07158521712793878529,2026-06-03,168,451,true,,
google,duolingo,AR01320432650854334465,CR07158521712793878529,2026-06-05,167,451,true,1,2
google,duolingo,AR01320432650854334465,CR07175890947085959169,2026-06-03,169,454,true,,
google,duolingo,AR01320432650854334465,CR07175890947085959169,2026-06-05,168,454,true,1,2
google,duolingo,AR01320432650854334465,CR07269400459658395649,2026-06-03,170,458,true,,
google,duolingo,AR01320432650854334465,CR07269400459658395649,2026-06-05,169,458,true,1,2
google,duolingo,AR01320432650854334465,CR07325555164188770305,2026-06-03,171,459,true,,
google,duolingo,AR01320432650854334465,CR07325555164188770305,2026-06-05,170,459,true,1,2
google,duolingo,AR01320432650854334465,CR07395444761814892545,2026-06-03,172,462,true,,
google,duolingo,AR01320432650854334465,CR07395444761814892545,2026-06-05,171,462,true,1,2
google,duolingo,AR01320432650854334465,CR07397178691651895297,2026-06-03,173,463,true,,
google,duolingo,AR01320432650854334465,CR07397178691651895297,2026-06-05,172,463,true,1,2
google,duolingo,AR01320432650854334465,CR07409546101520334849,2026-06-03,174,464,true,,
google,duolingo,AR01320432650854334465,CR07409546101520334849,2026-06-05,173,464,true,1,2
google,duolingo,AR01320432650854334465,CR07416723713426456577,2026-06-03,175,467,true,,
google,duolingo,AR01320432650854334465,CR07416723713426456577,2026-06-05,174,467,true,1,2
google,duolingo,AR01320432650854334465,CR07420746826472488961,2026-06-03,176,470,true,,
google,duolingo,AR01320432650854334465,CR07420746826472488961,2026-06-05,175,470,true,1,2
google,duolingo,AR01320432650854334465,CR07543396523917180929,2026-06-03,177,473,true,,
google,duolingo,AR01320432650854334465,CR07543396523917180929,2026-06-05,176,473,true,1,2
google,duolingo,AR01320432650854334465,CR07563440577941864449,2026-06-03,178,476,true,,
google,duolingo,AR01320432650854334465,CR07563440577941864449,2026-06-05,177,476,true,1,2
google,duolingo,AR01320432650854334465,CR07596772822693707777,2026-06-03,179,480,true,,
google,duolingo,AR01320432650854334465,CR07596772822693707777,2026-06-05,178,480,true,1,2
google,duolingo,AR01320432650854334465,CR07655597528003379201,2026-06-03,180,481,true,,
google,duolingo,AR01320432650854334465,CR07655597528003379201,2026-06-05,179,481,true,1,2
google,duolingo,AR01320432650854334465,CR07691514965110292481,2026-06-03,181,482,true,,
google,duolingo,AR01320432650854334465,CR07691514965110292481,2026-06-05,180,482,true,1,2
google,duolingo,AR01320432650854334465,CR07710907360927023105,2026-06-03,182,485,true,,
google,duolingo,AR01320432650854334465,CR07710907360927023105,2026-06-05,181,485,true,1,2
google,duolingo,AR01320432650854334465,CR07791060006245236737,2026-06-03,183,486,true,,
google,duolingo,AR01320432650854334465,CR07791060006245236737,2026-06-05,182,486,true,1,2
google,duolingo,AR01320432650854334465,CR07848985989648220161,2026-06-03,184,490,true,,
google,duolingo,AR01320432650854334465,CR07848985989648220161,2026-06-05,183,490,true,1,2
google,duolingo,AR01320432650854334465,CR07943736713409462273,2026-06-03,185,493,true,,
google,duolingo,AR01320432650854334465,CR07943736713409462273,2026-06-05,184,493,true,1,2
google,duolingo,AR01320432650854334465,CR08005037063638351873,2026-06-03,186,497,true,,
google,duolingo,AR01320432650854334465,CR08005037063638351873,2026-06-05,185,497,true,1,2
google,duolingo,AR01320432650854334465,CR08032435845430509569,2026-06-03,187,502,true,,
google,duolingo,AR01320432650854334465,CR08032435845430509569,2026-06-05,186,502,true,1,2
google,duolingo,AR01320432650854334465,CR08042033241911197697,2026-06-03,188,505,true,,
google,duolingo,AR01320432650854334465,CR08042033241911197697,2026-06-05,187,505,true,1,2
google,duolingo,AR01320432650854334465,CR08046156221536796673,2026-06-03,189,509,true,,
google,duolingo,AR01320432650854334465,CR08046156221536796673,2026-06-05,188,509,true,1,2
google,duolingo,AR01320432650854334465,CR08074942964960329729,2026-06-03,190,510,true,,
google,duolingo,AR01320432650854334465,CR08074942964960329729,2026-06-05,189,510,true,1,2
google,duolingo,AR01320432650854334465,CR08084101089365852161,2026-06-03,191,513,true,,
google,duolingo,AR01320432650854334465,CR08084101089365852161,2026-06-05,190,513,true,1,2
google,duolingo,AR01320432650854334465,CR08116479232902692865,2026-06-03,192,516,true,,
google,duolingo,AR01320432650854334465,CR08116479232902692865,2026-06-05,191,516,true,1,2
google,duolingo,AR01320432650854334465,CR08137586832499015681,2026-06-03,193,519,true,,
google,duolingo,AR01320432650854334465,CR08137586832499015681,2026-06-05,192,519,true,1,2
google,duolingo,AR01320432650854334465,CR08336194881999339521,2026-06-03,194,522,true,,
google,duolingo,AR01320432650854334465,CR08336194881999339521,2026-06-05,193,522,true,1,2
google,duolingo,AR01320432650854334465,CR08392678426405765121,2026-06-03,195,523,true,,
google,duolingo,AR01320432650854334465,CR08392678426405765121,2026-06-05,194,523,true,1,2
google,duolingo,AR01320432650854334465,CR08397333973386133505,2026-06-03,196,524,true,,
google,duolingo,AR01320432650854334465,CR08397333973386133505,2026-06-05,195,524,true,1,2
google,duolingo,AR01320432650854334465,CR08608896597733933057,2026-06-03,197,528,true,,
google,duolingo,AR01320432650854334465,CR08608896597733933057,2026-06-05,196,528,true,1,2
google,duolingo,AR01320432650854334465,CR08828366720730136577,2026-06-03,198,531,true,,
google,duolingo,AR01320432650854334465,CR08828366720730136577,2026-06-05,197,531,true,1,2
google,duolingo,AR01320432650854334465,CR08840752513058603009,2026-06-03,199,534,true,,
google,duolingo,AR01320432650854334465,CR08840752513058603009,2026-06-05,198,534,true,1,2
google,duolingo,AR01320432650854334465,CR08869171658821206017,2026-06-03,200,538,true,,
google,duolingo,AR01320432650854334465,CR08869171658821206017,2026-06-05,199,538,true,1,2
google,duolingo,AR01320432650854334465,CR08949231129118900225,2026-06-03,201,541,true,,
google,duolingo,AR01320432650854334465,CR08949231129118900225,2026-06-05,200,541,true,1,2
google,duolingo,AR01320432650854334465,CR08983430983034339329,2026-06-03,202,545,true,,
google,duolingo,AR01320432650854334465,CR08983430983034339329,2026-06-05,201,545,true,1,2
google,duolingo,AR01320432650854334465,CR08997587753587703809,2026-06-03,203,546,true,,
google,duolingo,AR01320432650854334465,CR08997587753587703809,2026-06-05,202,546,true,1,2
google,duolingo,AR01320432650854334465,CR09038894120520646657,2026-06-03,204,548,true,,
google,duolingo,AR01320432650854334465,CR09038894120520646657,2026-06-05,203,548,true,1,2
google,duolingo,AR01320432650854334465,CR09046243823176384513,2026-06-03,205,553,true,,
google,duolingo,AR01320432650854334465,CR09046243823176384513,2026-06-05,204,553,true,1,2
google,duolingo,AR01320432650854334465,CR09105497088912785409,2026-06-03,206,554,true,,
google,duolingo,AR01320432650854334465,CR09105497088912785409,2026-06-05,205,554,true,1,2
google,duolingo,AR01320432650854334465,CR09110127630593556481,2026-06-03,207,556,true,,
google,duolingo,AR01320432650854334465,CR09110127630593556481,2026-06-05,206,556,true,1,2
google,duolingo,AR01320432650854334465,CR09139973409873068033,2026-06-03,208,560,true,,
google,duolingo,AR01320432650854334465,CR09139973409873068033,2026-06-05,207,560,true,1,2
google,duolingo,AR01320432650854334465,CR09173209498897088513,2026-06-03,209,561,true,,
google,duolingo,AR01320432650854334465,CR09173209498897088513,2026-06-05,208,561,true,1,2
google,duolingo,AR01320432650854334465,CR09207456520143372289,2026-06-03,210,565,true,,
google,duolingo,AR01320432650854334465,CR09207456520143372289,2026-06-05,209,565,true,1,2
google,duolingo,AR01320432650854334465,CR09313024514176581633,2026-06-03,211,568,true,,
google,duolingo,AR01320432650854334465,CR09313024514176581633,2026-06-05,210,568,true,1,2
google,duolingo,AR01320432650854334465,CR09322502983012843521,2026-06-03,212,571,true,,
google,duolingo,AR01320432650854334465,CR09322502983012843521,2026-06-05,211,571,true,1,2
google,duolingo,AR01320432650854334465,CR09323993714621677569,2026-06-03,213,574,true,,
google,duolingo,AR01320432650854334465,CR09323993714621677569,2026-06-05,212,574,true,1,2
google,duolingo,AR01320432650854334465,CR09373804932844486657,2026-06-03,214,576,true,,
google,duolingo,AR01320432650854334465,CR09373804932844486657,2026-06-05,213,576,true,1,2
google,duolingo,AR01320432650854334465,CR09402136117676867585,2026-06-03,215,581,true,,
google,duolingo,AR01320432650854334465,CR09402136117676867585,2026-06-05,214,581,true,1,2
google,duolingo,AR01320432650854334465,CR09524829142751641601,2026-06-03,216,585,true,,
google,duolingo,AR01320432650854334465,CR09524829142751641601,2026-06-05,215,585,true,1,2
google,duolingo,AR01320432650854334465,CR09613772203145297921,2026-06-03,217,586,true,,
google,duolingo,AR01320432650854334465,CR09613772203145297921,2026-06-05,216,586,true,1,2
google,duolingo,AR01320432650854334465,CR09669012053871820801,2026-06-03,218,589,true,,
google,duolingo,AR01320432650854334465,CR09669012053871820801,2026-06-05,217,589,true,1,2
google,duolingo,AR01320432650854334465,CR09697229533740007425,2026-06-03,219,590,true,,
google,duolingo,AR01320432650854334465,CR09697229533740007425,2026-06-05,218,590,true,1,2
google,duolingo,AR01320432650854334465,CR09846282628536205313,2026-06-03,220,593,true,,
google,duolingo,AR01320432650854334465,CR09846282628536205313,2026-06-05,219,593,true,1,2
google,duolingo,AR01320432650854334465,CR09879615947029872641,2026-06-03,221,596,true,,
google,duolingo,AR01320432650854334465,CR09879615947029872641,2026-06-05,220,596,true,1,2
google,duolingo,AR01320432650854334465,CR09890420641637597185,2026-06-03,222,598,true,,
google,duolingo,AR01320432650854334465,CR09890420641637597185,2026-06-05,221,598,true,1,2
google,duolingo,AR01320432650854334465,CR09904629870921515009,2026-06-03,223,602,true,,
google,duolingo,AR01320432650854334465,CR09904629870921515009,2026-06-05,222,602,true,1,2
google,duolingo,AR01320432650854334465,CR09919917480594112513,2026-06-03,224,604,true,,
google,duolingo,AR01320432650854334465,CR09919917480594112513,2026-06-05,223,604,true,1,2
google,duolingo,AR01320432650854334465,CR09930385982341775361,2026-06-03,225,607,true,,
google,duolingo,AR01320432650854334465,CR09930385982341775361,2026-06-05,224,607,true,1,2
google,duolingo,AR01320432650854334465,CR09952450483471777793,2026-06-03,226,612,true,,
google,duolingo,AR01320432650854334465,CR09952450483471777793,2026-06-05,225,612,true,1,2
google,duolingo,AR01320432650854334465,CR09976959662806794241,2026-06-03,227,615,true,,
google,duolingo,AR01320432650854334465,CR09976959662806794241,2026-06-05,226,615,true,1,2
google,duolingo,AR01320432650854334465,CR10049201622610870273,2026-06-03,228,616,true,,
google,duolingo,AR01320432650854334465,CR10049201622610870273,2026-06-05,227,616,true,1,2
google,duolingo,AR01320432650854334465,CR10127300560597024769,2026-06-03,229,620,true,,
google,duolingo,AR01320432650854334465,CR10127300560597024769,2026-06-05,228,620,true,1,2
google,duolingo,AR01320432650854334465,CR10134121578548428801,2026-06-03,230,622,true,,
google,duolingo,AR01320432650854334465,CR10134121578548428801,2026-06-05,229,622,true,1,2
google,duolingo,AR01320432650854334465,CR10213188705242316801,2026-06-03,231,626,true,,
google,duolingo,AR01320432650854334465,CR10213188705242316801,2026-06-05,230,626,true,1,2
google,duolingo,AR01320432650854334465,CR10293516336118104065,2026-06-03,232,630,true,,
google,duolingo,AR01320432650854334465,CR10293516336118104065,2026-06-05,231,630,true,1,2
google,duolingo,AR01320432650854334465,CR10331997937420206081,2026-06-03,233,633,true,,
google,duolingo,AR01320432650854334465,CR10331997937420206081,2026-06-05,232,633,true,1,2
google,duolingo,AR01320432650854334465,CR10337104593405607937,2026-06-03,234,637,true,,
google,duolingo,AR01320432650854334465,CR10337104593405607937,2026-06-05,233,637,true,1,2
google,duolingo,AR01320432650854334465,CR10370041099870797825,2026-06-03,235,641,true,,
google,duolingo,AR01320432650854334465,CR10370041099870797825,2026-06-05,234,641,true,1,2
google,duolingo,AR01320432650854334465,CR10464658688235798529,2026-06-03,236,645,true,,
google,duolingo,AR01320432650854334465,CR10464658688235798529,2026-06-05,235,645,true,1,2
google,duolingo,AR01320432650854334465,CR10509336174999371777,2026-06-03,237,648,true,,
google,duolingo,AR01320432650854334465,CR10509336174999371777,2026-06-05,236,648,true,1,2
google,duolingo,AR01320432650854334465,CR10607105650884345857,2026-06-03,238,652,true,,
google,duolingo,AR01320432650854334465,CR10607105650884345857,2026-06-05,237,652,true,1,2
google,duolingo,AR01320432650854334465,CR10767890362950221825,2026-06-03,239,653,true,,
google,duolingo,AR01320432650854334465,CR10767890362950221825,2026-06-05,238,653,true,1,2
google,duolingo,AR01320432650854334465,CR10801463641266716673,2026-06-03,240,654,true,,
google,duolingo,AR01320432650854334465,CR10801463641266716673,2026-06-05,239,654,true,1,2
google,duolingo,AR01320432650854334465,CR10807972672793739265,2026-06-03,241,658,true,,
google,duolingo,AR01320432650854334465,CR10807972672793739265,2026-06-05,240,658,true,1,2
google,duolingo,AR01320432650854334465,CR10851844329203302401,2026-06-03,242,662,true,,
google,duolingo,AR01320432650854334465,CR10851844329203302401,2026-06-05,241,662,true,1,2
google,duolingo,AR01320432650854334465,CR10900726726388613121,2026-06-03,243,665,true,,
google,duolingo,AR01320432650854334465,CR10900726726388613121,2026-06-05,242,665,true,1,2
google,duolingo,AR01320432650854334465,CR10906009665011712001,2026-06-03,244,666,true,,
google,duolingo,AR01320432650854334465,CR10906009665011712001,2026-06-05,243,666,true,1,2
google,duolingo,AR01320432650854334465,CR10946004099824353281,2026-06-03,245,670,true,,
google,duolingo,AR01320432650854334465,CR10946004099824353281,2026-06-05,244,670,true,1,2
google,duolingo,AR01320432650854334465,CR10948722848482459649,2026-06-03,246,674,true,,
google,duolingo,AR01320432650854334465,CR10948722848482459649,2026-06-05,245,674,true,1,2
google,duolingo,AR01320432650854334465,CR10970625824482394113,2026-06-03,247,677,true,,
google,duolingo,AR01320432650854334465,CR10970625824482394113,2026-06-05,246,677,true,1,2
google,duolingo,AR01320432650854334465,CR10989176320809762817,2026-06-03,248,682,true,,
google,duolingo,AR01320432650854334465,CR10989176320809762817,2026-06-05,247,682,true,1,2
google,duolingo,AR01320432650854334465,CR11014488306841812993,2026-06-03,249,685,true,,
google,duolingo,AR01320432650854334465,CR11014488306841812993,2026-06-05,248,685,true,1,2
google,duolingo,AR01320432650854334465,CR11030900854348578817,2026-06-03,250,689,true,,
google,duolingo,AR01320432650854334465,CR11030900854348578817,2026-06-05,249,689,true,1,2
google,duolingo,AR01320432650854334465,CR11071163947955519489,2026-06-03,251,693,true,,
google,duolingo,AR01320432650854334465,CR11071163947955519489,2026-06-05,250,693,true,1,2
google,duolingo,AR01320432650854334465,CR11212286402819522561,2026-06-03,252,694,true,,
google,duolingo,AR01320432650854334465,CR11212286402819522561,2026-06-05,251,694,true,1,2
google,duolingo,AR01320432650854334465,CR11231224038909018113,2026-06-03,253,697,true,,
google,duolingo,AR01320432650854334465,CR11231224038909018113,2026-06-05,252,697,true,1,2
google,duolingo,AR01320432650854334465,CR11259239019659132929,2026-06-03,254,701,true,,
google,duolingo,AR01320432650854334465,CR11259239019659132929,2026-06-05,253,701,true,1,2
google,duolingo,AR01320432650854334465,CR11265099055857926145,2026-06-03,255,702,true,,
google,duolingo,AR01320432650854334465,CR11265099055857926145,2026-06-05,254,702,true,1,2
google,duolingo,AR01320432650854334465,CR11338527431658045441,2026-06-03,256,703,true,,
google,duolingo,AR01320432650854334465,CR11338527431658045441,2026-06-05,255,703,true,1,2
google,duolingo,AR01320432650854334465,CR11432953335632625665,2026-06-03,257,708,true,,
google,duolingo,AR01320432650854334465,CR11432953335632625665,2026-06-05,256,708,true,1,2
google,duolingo,AR01320432650854334465,CR11439713158889996289,2026-06-03,258,711,true,,
google,duolingo,AR01320432650854334465,CR11439713158889996289,2026-06-05,257,711,true,1,2
google,duolingo,AR01320432650854334465,CR11527773569144586241,2026-06-03,259,713,true,,
google,duolingo,AR01320432650854334465,CR11527773569144586241,2026-06-05,258,713,true,1,2
google,duolingo,AR01320432650854334465,CR11536035127717003265,2026-06-03,260,714,true,,
google,duolingo,AR01320432650854334465,CR11536035127717003265,2026-06-05,259,714,true,1,2
google,duolingo,AR01320432650854334465,CR11568858504743616513,2026-06-03,261,715,true,,
google,duolingo,AR01320432650854334465,CR11568858504743616513,2026-06-05,260,715,true,1,2
google,duolingo,AR01320432650854334465,CR11570853560002281473,2026-06-03,262,716,true,,
google,duolingo,AR01320432650854334465,CR11570853560002281473,2026-06-05,261,716,true,1,2
google,duolingo,AR01320432650854334465,CR11635652289942781953,2026-06-03,263,721,true,,
google,duolingo,AR01320432650854334465,CR11635652289942781953,2026-06-05,262,721,true,1,2
google,duolingo,AR01320432650854334465,CR11780639184581033985,2026-06-03,264,724,true,,
google,duolingo,AR01320432650854334465,CR11780639184581033985,2026-06-05,263,724,true,1,2
google,duolingo,AR01320432650854334465,CR11804142516935065601,2026-06-03,265,727,true,,
google,duolingo,AR01320432650854334465,CR11804142516935065601,2026-06-05,264,727,true,1,2
google,duolingo,AR01320432650854334465,CR11946280611305488385,2026-06-03,266,729,true,,
google,duolingo,AR01320432650854334465,CR11946280611305488385,2026-06-05,265,729,true,1,2
google,duolingo,AR01320432650854334465,CR11947045081124438017,2026-06-03,267,732,true,,
google,duolingo,AR01320432650854334465,CR11947045081124438017,2026-06-05,266,732,true,1,2
google,duolingo,AR01320432650854334465,CR12064062315507482625,2026-06-03,268,733,true,,
google,duolingo,AR01320432650854334465,CR12064062315507482625,2026-06-05,267,733,true,1,2
google,duolingo,AR01320432650854334465,CR12068207534473740289,2026-06-03,269,736,true,,
google,duolingo,AR01320432650854334465,CR12068207534473740289,2026-06-05,268,736,true,1,2
google,duolingo,AR01320432650854334465,CR12073527658923687937,2026-06-03,270,741,true,,
google,duolingo,AR01320432650854334465,CR12073527658923687937,2026-06-05,269,741,true,1,2
google,duolingo,AR01320432650854334465,CR12082378504188985345,2026-06-03,271,745,true,,
google,duolingo,AR01320432650854334465,CR12082378504188985345,2026-06-05,270,745,true,1,2
google,duolingo,AR01320432650854334465,CR12085504759344136193,2026-06-03,272,748,true,,
google,duolingo,AR01320432650854334465,CR12085504759344136193,2026-06-05,271,748,true,1,2
google,duolingo,AR01320432650854334465,CR12093927018412900353,2026-06-03,273,751,true,,
google,duolingo,AR01320432650854334465,CR12093927018412900353,2026-06-05,272,751,true,1,2
google,duolingo,AR01320432650854334465,CR12122115155064520705,2026-06-03,274,753,true,,
google,duolingo,AR01320432650854334465,CR12122115155064520705,2026-06-05,273,753,true,1,2
google,duolingo,AR01320432650854334465,CR12153520918005547009,2026-06-03,275,754,true,,
google,duolingo,AR01320432650854334465,CR12153520918005547009,2026-06-05,274,754,true,1,2
google,duolingo,AR01320432650854334465,CR12236307623816724481,2026-06-03,276,757,true,,
google,duolingo,AR01320432650854334465,CR12236307623816724481,2026-06-05,275,757,true,1,2
google,duolingo,AR01320432650854334465,CR12251326437256069121,2026-06-03,277,758,true,,
google,duolingo,AR01320432650854334465,CR12251326437256069121,2026-06-05,276,758,true,1,2
google,duolingo,AR01320432650854334465,CR12262115145995517953,2026-06-03,278,761,true,,
google,duolingo,AR01320432650854334465,CR12262115145995517953,2026-06-05,277,761,true,1,2
google,duolingo,AR01320432650854334465,CR12267137577672245249,2026-06-03,279,764,true,,
google,duolingo,AR01320432650854334465,CR12267137577672245249,2026-06-05,278,764,true,1,2
google,duolingo,AR01320432650854334465,CR12291604107982012417,2026-06-03,280,767,true,,
google,duolingo,AR01320432650854334465,CR12291604107982012417,2026-06-05,279,767,true,1,2
google,duolingo,AR01320432650854334465,CR12300664204053970945,2026-06-03,281,770,true,,
google,duolingo,AR01320432650854334465,CR12300664204053970945,2026-06-05,280,770,true,1,2
google,duolingo,AR01320432650854334465,CR12304467620932878337,2026-06-03,282,773,true,,
google,duolingo,AR01320432650854334465,CR12304467620932878337,2026-06-05,281,773,true,1,2
google,duolingo,AR01320432650854334465,CR12349873362351161345,2026-06-03,283,776,true,,
google,duolingo,AR01320432650854334465,CR12349873362351161345,2026-06-05,282,776,true,1,2
google,duolingo,AR01320432650854334465,CR12400953958158303233,2026-06-03,284,778,true,,
google,duolingo,AR01320432650854334465,CR12400953958158303233,2026-06-05,283,778,true,1,2
google,duolingo,AR01320432650854334465,CR12443897171487490049,2026-06-03,285,782,true,,
google,duolingo,AR01320432650854334465,CR12443897171487490049,2026-06-05,284,782,true,1,2
google,duolingo,AR01320432650854334465,CR12455594901465202689,2026-06-03,286,785,true,,
google,duolingo,AR01320432650854334465,CR12455594901465202689,2026-06-05,285,785,true,1,2
google,duolingo,AR01320432650854334465,CR12480928817600266241,2026-06-03,287,786,true,,
google,duolingo,AR01320432650854334465,CR12480928817600266241,2026-06-05,286,786,true,1,2
google,duolingo,AR01320432650854334465,CR12482092727967678465,2026-06-03,288,790,true,,
google,duolingo,AR01320432650854334465,CR12482092727967678465,2026-06-05,287,790,true,1,2
google,duolingo,AR01320432650854334465,CR12542398114662711297,2026-06-03,289,794,true,,
google,duolingo,AR01320432650854334465,CR12542398114662711297,2026-06-05,288,794,true,1,2
google,duolingo,AR01320432650854334465,CR12659402996719812609,2026-06-03,290,796,true,,
google,duolingo,AR01320432650854334465,CR12659402996719812609,2026-06-05,289,796,true,1,2
google,duolingo,AR01320432650854334465,CR12697261329547788289,2026-06-03,291,797,true,,
google,duolingo,AR01320432650854334465,CR12697261329547788289,2026-06-05,290,797,true,1,2
google,duolingo,AR01320432650854334465,CR12743741792042614785,2026-06-03,292,800,true,,
google,duolingo,AR01320432650854334465,CR12743741792042614785,2026-06-05,291,800,true,1,2
google,duolingo,AR01320432650854334465,CR12753894673823563777,2026-06-03,293,801,true,,
google,duolingo,AR01320432650854334465,CR12753894673823563777,2026-06-05,292,801,true,1,2
google,duolingo,AR01320432650854334465,CR12769296933353160705,2026-06-03,294,805,true,,
google,duolingo,AR01320432650854334465,CR12769296933353160705,2026-06-05,293,805,true,1,2
google,duolingo,AR01320432650854334465,CR12809351368858927105,2026-06-03,295,806,true,,
google,duolingo,AR01320432650854334465,CR12809351368858927105,2026-06-05,294,806,true,1,2
google,duolingo,AR01320432650854334465,CR12812375197634002945,2026-06-03,296,807,true,,
google,duolingo,AR01320432650854334465,CR12812375197634002945,2026-06-05,295,807,true,1,2
google,duolingo,AR01320432650854334465,CR12844041441751597057,2026-06-03,297,811,true,,
google,duolingo,AR01320432650854334465,CR12844041441751597057,2026-06-05,296,811,true,1,2
google,duolingo,AR01320432650854334465,CR12863802955647680513,2026-06-03,298,812,true,,
google,duolingo,AR01320432650854334465,CR12863802955647680513,2026-06-05,297,812,true,1,2
google,duolingo,AR01320432650854334465,CR12912006576201531393,2026-06-03,299,816,true,,
google,duolingo,AR01320432650854334465,CR12912006576201531393,2026-06-05,298,816,true,1,2
google,duolingo,AR01320432650854334465,CR12936354161687003137,2026-06-03,300,820,true,,
google,duolingo,AR01320432650854334465,CR12936354161687003137,2026-06-05,299,820,true,1,2
google,duolingo,AR01320432650854334465,CR13148362689539473409,2026-06-03,301,821,true,,
google,duolingo,AR01320432650854334465,CR13148362689539473409,2026-06-05,300,821,true,1,2
google,duolingo,AR01320432650854334465,CR13257516216760664065,2026-06-03,302,823,true,,
google,duolingo,AR01320432650854334465,CR13257516216760664065,2026-06-05,301,823,true,1,2
google,duolingo,AR01320432650854334465,CR13314451892374339585,2026-06-03,303,826,true,,
google,duolingo,AR01320432650854334465,CR13314451892374339585,2026-06-05,302,826,true,1,2
google,duolingo,AR01320432650854334465,CR13357102360732631041,2026-06-03,304,828,true,,
google,duolingo,AR01320432650854334465,CR13357102360732631041,2026-06-05,303,828,true,1,2
google,duolingo,AR01320432650854334465,CR13388207338523983873,2026-06-03,305,829,true,,
google,duolingo,AR01320432650854334465,CR13388207338523983873,2026-06-05,304,829,true,1,2
google,duolingo,AR01320432650854334465,CR13461733673938190337,2026-06-03,306,830,true,,
google,duolingo,AR01320432650854334465,CR13461733673938190337,2026-06-05,305,830,true,1,2
google,duolingo,AR01320432650854334465,CR13516275463630094337,2026-06-03,307,831,true,,
google,duolingo,AR01320432650854334465,CR13516275463630094337,2026-06-05,306,831,true,1,2
google,duolingo,AR01320432650854334465,CR13524496125523918849,2026-06-03,308,832,true,,
google,duolingo,AR01320432650854334465,CR13524496125523918849,2026-06-05,307,832,true,1,2
google,duolingo,AR01320432650854334465,CR13542136251993292801,2026-06-03,309,836,true,,
google,duolingo,AR01320432650854334465,CR13542136251993292801,2026-06-05,308,836,true,1,2
google,duolingo,AR01320432650854334465,CR13560614326582116353,2026-06-03,310,840,true,,
google,duolingo,AR01320432650854334465,CR13560614326582116353,2026-06-05,309,840,true,1,2
google,duolingo,AR01320432650854334465,CR13593416306081660929,2026-06-03,311,843,true,,
google,duolingo,AR01320432650854334465,CR13593416306081660929,2026-06-05,310,843,true,1,2
google,duolingo,AR01320432650854334465,CR13615593412664229889,2026-06-03,312,846,true,,
google,duolingo,AR01320432650854334465,CR13615593412664229889,2026-06-05,311,846,true,1,2
google,duolingo,AR01320432650854334465,CR13662579023442608129,2026-06-03,313,849,true,,
google,duolingo,AR01320432650854334465,CR13662579023442608129,2026-06-05,312,849,true,1,2
google,duolingo,AR01320432650854334465,CR13712223992071323649,2026-06-03,314,850,true,,
google,duolingo,AR01320432650854334465,CR13712223992071323649,2026-06-05,313,850,true,1,2
google,duolingo,AR01320432650854334465,CR13723310548202815489,2026-06-03,315,853,true,,
google,duolingo,AR01320432650854334465,CR13723310548202815489,2026-06-05,314,853,true,1,2
google,duolingo,AR01320432650854334465,CR13815933476446142465,2026-06-03,316,854,true,,
google,duolingo,AR01320432650854334465,CR13815933476446142465,2026-06-05,315,854,true,1,2
google,duolingo,AR01320432650854334465,CR13972041338493861889,2026-06-03,317,859,true,,
google,duolingo,AR01320432650854334465,CR13972041338493861889,2026-06-05,316,859,true,1,2
google,duolingo,AR01320432650854334465,CR13978443863421878273,2026-06-03,318,863,true,,
google,duolingo,AR01320432650854334465,CR13978443863421878273,2026-06-05,317,863,true,1,2
google,duolingo,AR01320432650854334465,CR13983462524117319681,2026-06-03,319,866,true,,
google,duolingo,AR01320432650854334465,CR13983462524117319681,2026-06-05,318,866,true,1,2
google,duolingo,AR01320432650854334465,CR14027582781823909889,2026-06-03,320,867,true,,
google,duolingo,AR01320432650854334465,CR14027582781823909889,2026-06-05,319,867,true,1,2
google,duolingo,AR01320432650854334465,CR14039297614361395201,2026-06-03,321,868,true,,
google,duolingo,AR01320432650854334465,CR14039297614361395201,2026-06-05,320,868,true,1,2
google,duolingo,AR01320432650854334465,CR14063525172690812929,2026-06-03,322,873,true,,
google,duolingo,AR01320432650854334465,CR14063525172690812929,2026-06-05,321,873,true,1,2
google,duolingo,AR01320432650854334465,CR14093348600960516097,2026-06-03,323,874,true,,
google,duolingo,AR01320432650854334465,CR14093348600960516097,2026-06-05,322,874,true,1,2
google,duolingo,AR01320432650854334465,CR14098023449523912705,2026-06-03,324,878,true,,
google,duolingo,AR01320432650854334465,CR14098023449523912705,2026-06-05,323,878,true,1,2
google,duolingo,AR01320432650854334465,CR14121301622512418817,2026-06-03,325,881,true,,
google,duolingo,AR01320432650854334465,CR14121301622512418817,2026-06-05,324,881,true,1,2
google,duolingo,AR01320432650854334465,CR14173431435880300545,2026-06-03,326,882,true,,
google,duolingo,AR01320432650854334465,CR14173431435880300545,2026-06-05,325,882,true,1,2
google,duolingo,AR01320432650854334465,CR14175674164723056641,2026-06-03,327,883,true,,
google,duolingo,AR01320432650854334465,CR14175674164723056641,2026-06-05,326,883,true,1,2
google,duolingo,AR01320432650854334465,CR14263880732714729473,2026-06-03,328,884,true,,
google,duolingo,AR01320432650854334465,CR14263880732714729473,2026-06-05,327,884,true,1,2
google,duolingo,AR01320432650854334465,CR14333273969560387585,2026-06-03,329,885,true,,
google,duolingo,AR01320432650854334465,CR14333273969560387585,2026-06-05,328,885,true,1,2
google,duolingo,AR01320432650854334465,CR14353788107755618305,2026-06-03,330,889,true,,
google,duolingo,AR01320432650854334465,CR14353788107755618305,2026-06-05,329,889,true,1,2
google,duolingo,AR01320432650854334465,CR14433771874959753217,2026-06-03,331,890,true,,
google,duolingo,AR01320432650854334465,CR14433771874959753217,2026-06-05,330,890,true,1,2
google,duolingo,AR01320432650854334465,CR14457736933477974017,2026-06-03,332,891,true,,
google,duolingo,AR01320432650854334465,CR14457736933477974017,2026-06-05,331,891,true,1,2
google,duolingo,AR01320432650854334465,CR14458025778618564609,2026-06-03,333,894,true,,
google,duolingo,AR01320432650854334465,CR14458025778618564609,2026-06-05,332,894,true,1,2
google,duolingo,AR01320432650854334465,CR14512574792445460481,2026-06-03,334,898,true,,
google,duolingo,AR01320432650854334465,CR14512574792445460481,2026-06-05,333,898,true,1,2
google,duolingo,AR01320432650854334465,CR14698326243892264961,2026-06-03,335,901,true,,
google,duolingo,AR01320432650854334465,CR14698326243892264961,2026-06-05,334,901,true,1,2
google,duolingo,AR01320432650854334465,CR14708875937701691393,2026-06-03,336,904,true,,
google,duolingo,AR01320432650854334465,CR14708875937701691393,2026-06-05,335,904,true,1,2
google,duolingo,AR01320432650854334465,CR14747712157273554945,2026-06-03,337,907,true,,
google,duolingo,AR01320432650854334465,CR14747712157273554945,2026-06-05,336,907,true,1,2
google,duolingo,AR01320432650854334465,CR14764325777969250305,2026-06-03,338,909,true,,
google,duolingo,AR01320432650854334465,CR14764325777969250305,2026-06-05,337,909,true,1,2
google,duolingo,AR01320432650854334465,CR14787415977419079681,2026-06-03,339,911,true,,
google,duolingo,AR01320432650854334465,CR14787415977419079681,2026-06-05,338,911,true,1,2
google,duolingo,AR01320432650854334465,CR14861807662844084225,2026-06-03,340,914,true,,
google,duolingo,AR01320432650854334465,CR14861807662844084225,2026-06-05,339,914,true,1,2
google,duolingo,AR01320432650854334465,CR14862330171385446401,2026-06-03,341,916,true,,
google,duolingo,AR01320432650854334465,CR14862330171385446401,2026-06-05,340,916,true,1,2
google,duolingo,AR01320432650854334465,CR14889223220778500097,2026-06-03,342,919,true,,
google,duolingo,AR01320432650854334465,CR14889223220778500097,2026-06-05,341,919,true,1,2
google,duolingo,AR01320432650854334465,CR14911460577162297345,2026-06-03,343,920,true,,
google,duolingo,AR01320432650854334465,CR14911460577162297345,2026-06-05,342,920,true,1,2
google,duolingo,AR01320432650854334465,CR14950572808512471041,2026-06-03,344,921,true,,
google,duolingo,AR01320432650854334465,CR14950572808512471041,2026-06-05,343,921,true,1,2
google,duolingo,AR01320432650854334465,CR14964264038970687489,2026-06-03,345,925,true,,
google,duolingo,AR01320432650854334465,CR14964264038970687489,2026-06-05,344,925,true,1,2
google,duolingo,AR01320432650854334465,CR15062215913526788097,2026-06-03,346,927,true,,
google,duolingo,AR01320432650854334465,CR15062215913526788097,2026-06-05,345,927,true,1,2
google,duolingo,AR01320432650854334465,CR15087245196221480961,2026-06-03,347,929,true,,
google,duolingo,AR01320432650854334465,CR15087245196221480961,2026-06-05,346,929,true,1,2
google,duolingo,AR01320432650854334465,CR15124672915628359681,2026-06-03,348,933,true,,
google,duolingo,AR01320432650854334465,CR15124672915628359681,2026-06-05,347,933,true,1,2
google,duolingo,AR01320432650854334465,CR15129272378925776897,2026-06-03,349,937,true,,
google,duolingo,AR01320432650854334465,CR15129272378925776897,2026-06-05,348,937,true,1,2
google,duolingo,AR01320432650854334465,CR15197344586910400513,2026-06-03,350,941,true,,
google,duolingo,AR01320432650854334465,CR15197344586910400513,2026-06-05,349,941,true,1,2
google,duolingo,AR01320432650854334465,CR15252672089329500161,2026-06-03,351,944,true,,
google,duolingo,AR01320432650854334465,CR15252672089329500161,2026-06-05,350,944,true,1,2
google,duolingo,AR01320432650854334465,CR15273935123792265217,2026-06-03,352,945,true,,
google,duolingo,AR01320432650854334465,CR15273935123792265217,2026-06-05,351,945,true,1,2
google,duolingo,AR01320432650854334465,CR15318706137763676161,2026-06-03,353,947,true,,
google,duolingo,AR01320432650854334465,CR15318706137763676161,2026-06-05,352,947,true,1,2
google,duolingo,AR01320432650854334465,CR15402426870112714753,2026-06-03,354,950,true,,
google,duolingo,AR01320432650854334465,CR15402426870112714753,2026-06-05,353,950,true,1,2
google,duolingo,AR01320432650854334465,CR15560837916962848769,2026-06-03,355,951,true,,
google,duolingo,AR01320432650854334465,CR15560837916962848769,2026-06-05,354,951,true,1,2
google,duolingo,AR01320432650854334465,CR15612273062320275457,2026-06-03,356,952,true,,
google,duolingo,AR01320432650854334465,CR15612273062320275457,2026-06-05,355,952,true,1,2
google,duolingo,AR01320432650854334465,CR15636233628302704641,2026-06-03,357,956,true,,
google,duolingo,AR01320432650854334465,CR15636233628302704641,2026-06-05,356,956,true,1,2
google,duolingo,AR01320432650854334465,CR15685537172801191937,2026-06-03,358,960,true,,
google,duolingo,AR01320432650854334465,CR15685537172801191937,2026-06-05,357,960,true,1,2
google,duolingo,AR01320432650854334465,CR15754065884269772801,2026-06-03,359,961,true,,
google,duolingo,AR01320432650854334465,CR15754065884269772801,2026-06-05,358,961,true,1,2
google,duolingo,AR01320432650854334465,CR15769365588570275841,2026-06-03,360,962,true,,
google,duolingo,AR01320432650854334465,CR15769365588570275841,2026-06-05,359,962,true,1,2
google,duolingo,AR01320432650854334465,CR15799445649725849601,2026-06-03,361,963,true,,
google,duolingo,AR01320432650854334465,CR15799445649725849601,2026-06-05,360,963,true,1,2
google,duolingo,AR01320432650854334465,CR15807358937990168577,2026-06-03,362,964,true,,
google,duolingo,AR01320432650854334465,CR15807358937990168577,2026-06-05,361,964,true,1,2
google,duolingo,AR01320432650854334465,CR15930982252981256193,2026-06-03,363,965,true,,
google,duolingo,AR01320432650854334465,CR15930982252981256193,2026-06-05,362,965,true,1,2
google,duolingo,AR01320432650854334465,CR15932137702263095297,2026-06-03,364,968,true,,
google,duolingo,AR01320432650854334465,CR15932137702263095297,2026-06-05,363,968,true,1,2
google,duolingo,AR01320432650854334465,CR16014139614470078465,2026-06-03,365,969,true,,
google,duolingo,AR01320432650854334465,CR16014139614470078465,2026-06-05,364,969,true,1,2
google,duolingo,AR01320432650854334465,CR16058041739377639425,2026-06-03,366,972,true,,
google,duolingo,AR01320432650854334465,CR16058041739377639425,2026-06-05,365,972,true,1,2
google,duolingo,AR01320432650854334465,CR16079470319059861505,2026-06-03,367,974,true,,
google,duolingo,AR01320432650854334465,CR16079470319059861505,2026-06-05,366,974,true,1,2
google,duolingo,AR01320432650854334465,CR16090918073351012353,2026-06-03,368,978,true,,
google,duolingo,AR01320432650854334465,CR16090918073351012353,2026-06-05,367,978,true,1,2
google,duolingo,AR01320432650854334465,CR16107833475628793857,2026-06-03,369,981,true,,
google,duolingo,AR01320432650854334465,CR16107833475628793857,2026-06-05,368,981,true,1,2
google,duolingo,AR01320432650854334465,CR16167130962348474369,2026-06-03,370,982,true,,
google,duolingo,AR01320432650854334465,CR16167130962348474369,2026-06-05,369,982,true,1,2
google,duolingo,AR01320432650854334465,CR16197097911245340673,2026-06-03,371,985,true,,
google,duolingo,AR01320432650854334465,CR16197097911245340673,2026-06-05,370,985,true,1,2
google,duolingo,AR01320432650854334465,CR16328759918955855873,2026-06-03,372,988,true,,
google,duolingo,AR01320432650854334465,CR16328759918955855873,2026-06-05,371,988,true,1,2
google,duolingo,AR01320432650854334465,CR16585265785463635969,2026-06-03,373,991,true,,
google,duolingo,AR01320432650854334465,CR16585265785463635969,2026-06-05,372,991,true,1,2
google,duolingo,AR01320432650854334465,CR16651913258306895873,2026-06-03,374,994,true,,
google,duolingo,AR01320432650854334465,CR16651913258306895873,2026-06-05,373,994,true,1,2
google,duolingo,AR01320432650854334465,CR16652154781497819137,2026-06-03,375,996,true,,
google,duolingo,AR01320432650854334465,CR16652154781497819137,2026-06-05,374,996,true,1,2
google,duolingo,AR01320432650854334465,CR16673899548082438145,2026-06-03,376,999,true,,
google,duolingo,AR01320432650854334465,CR16673899548082438145,2026-06-05,375,999,true,1,2
google,duolingo,AR01320432650854334465,CR16716632436863139841,2026-06-03,377,1002,true,,
google,duolingo,AR01320432650854334465,CR16716632436863139841,2026-06-05,376,1002,true,1,2
google,duolingo,AR01320432650854334465,CR16736108060556132353,2026-06-03,378,1005,true,,
google,duolingo,AR01320432650854334465,CR16736108060556132353,2026-06-05,377,1005,true,1,2
google,duolingo,AR01320432650854334465,CR16815035403244404737,2026-06-03,379,1008,true,,
google,duolingo,AR01320432650854334465,CR16815035403244404737,2026-06-05,378,1008,true,1,2
google,duolingo,AR01320432650854334465,CR16860688844016582657,2026-06-03,380,1009,true,,
google,duolingo,AR01320432650854334465,CR16860688844016582657,2026-06-05,379,1009,true,1,2
google,duolingo,AR01320432650854334465,CR16979506013294034945,2026-06-03,381,1013,true,,
google,duolingo,AR01320432650854334465,CR16979506013294034945,2026-06-05,380,1013,true,1,2
google,duolingo,AR01320432650854334465,CR17029122789757419521,2026-06-03,382,1017,true,,
google,duolingo,AR01320432650854334465,CR17029122789757419521,2026-06-05,381,1017,true,1,2
google,duolingo,AR01320432650854334465,CR17141482123518017537,2026-06-03,383,1020,true,,
google,duolingo,AR01320432650854334465,CR17141482123518017537,2026-06-05,382,1020,true,1,2
google,duolingo,AR01320432650854334465,CR17153246485618360321,2026-06-03,384,1023,true,,
google,duolingo,AR01320432650854334465,CR17153246485618360321,2026-06-05,383,1023,true,1,2
google,duolingo,AR01320432650854334465,CR17180384184938528769,2026-06-03,385,1026,true,,
google,duolingo,AR01320432650854334465,CR17180384184938528769,2026-06-05,384,1026,true,1,2
google,duolingo,AR01320432650854334465,CR17195655018468868097,2026-06-03,386,1027,true,,
google,duolingo,AR01320432650854334465,CR17195655018468868097,2026-06-05,385,1027,true,1,2
google,duolingo,AR01320432650854334465,CR17264945408027656193,2026-06-03,387,1030,true,,
google,duolingo,AR01320432650854334465,CR17264945408027656193,2026-06-05,386,1030,true,1,2
google,duolingo,AR01320432650854334465,CR17276803005278060545,2026-06-03,388,1034,true,,
google,duolingo,AR01320432650854334465,CR17276803005278060545,2026-06-05,387,1034,true,1,2
google,duolingo,AR01320432650854334465,CR17439134721614282753,2026-06-03,389,1035,true,,
google,duolingo,AR01320432650854334465,CR17439134721614282753,2026-06-05,388,1035,true,1,2
google,duolingo,AR01320432650854334465,CR17480066541629210625,2026-06-03,390,1038,true,,
google,duolingo,AR01320432650854334465,CR17480066541629210625,2026-06-05,389,1038,true,1,2
google,duolingo,AR01320432650854334465,CR17540958921504587777,2026-06-03,391,1041,true,,
google,duolingo,AR01320432650854334465,CR17540958921504587777,2026-06-05,390,1041,true,1,2
google,duolingo,AR01320432650854334465,CR17660929306680885249,2026-06-03,392,1043,true,,
google,duolingo,AR01320432650854334465,CR17660929306680885249,2026-06-05,391,1043,true,1,2
google,duolingo,AR01320432650854334465,CR17717268342617669633,2026-06-03,393,1044,true,,
google,duolingo,AR01320432650854334465,CR17717268342617669633,2026-06-05,392,1044,true,1,2
google,duolingo,AR01320432650854334465,CR17807469098284613633,2026-06-03,394,1048,true,,
google,duolingo,AR01320432650854334465,CR17807469098284613633,2026-06-05,393,1048,true,1,2
google,duolingo,AR01320432650854334465,CR17810233090128216065,2026-06-03,395,1052,true,,
google,duolingo,AR01320432650854334465,CR17810233090128216065,2026-06-05,394,1052,true,1,2
google,duolingo,AR01320432650854334465,CR17821800957474766849,2026-06-03,396,1054,true,,
google,duolingo,AR01320432650854334465,CR17821800957474766849,2026-06-05,395,1054,true,1,2
google,duolingo,AR01320432650854334465,CR17825290051467083777,2026-06-03,397,1057,true,,
google,duolingo,AR01320432650854334465,CR17825290051467083777,2026-06-05,396,1057,true,1,2
google,duolingo,AR01320432650854334465,CR17842371995396734977,2026-06-03,398,1060,true,,
google,duolingo,AR01320432650854334465,CR17842371995396734977,2026-06-05,397,1060,true,1,2
google,duolingo,AR01320432650854334465,CR17915019846790152193,2026-06-03,399,1065,true,,
google,duolingo,AR01320432650854334465,CR17915019846790152193,2026-06-05,398,1065,true,1,2
google,duolingo,AR01320432650854334465,CR17939601808640966657,2026-06-03,400,1070,true,,
google,duolingo,AR01320432650854334465,CR17939601808640966657,2026-06-05,399,1070,true,1,2
google,duolingo,AR01320432650854334465,CR18023376717707476993,2026-06-03,401,1072,true,,
google,duolingo,AR01320432650854334465,CR18023376717707476993,2026-06-05,400,1072,true,1,2
google,duolingo,AR01320432650854334465,CR18027554312137211905,2026-06-03,402,1075,true,,
google,duolingo,AR01320432650854334465,CR18027554312137211905,2026-06-05,401,1075,true,1,2
google,duolingo,AR01320432650854334465,CR18037957332813479937,2026-06-03,403,1078,true,,
google,duolingo,AR01320432650854334465,CR18037957332813479937,2026-06-05,402,1078,true,1,2
google,duolingo,AR01320432650854334465,CR18040347791351349249,2026-06-03,404,1082,true,,
google,duolingo,AR01320432650854334465,CR18040347791351349249,2026-06-05,403,1082,true,1,2
google,duolingo,AR01320432650854334465,CR18064978930577702913,2026-06-03,405,1083,true,,
google,duolingo,AR01320432650854334465,CR18064978930577702913,2026-06-05,404,1083,true,1,2
google,duolingo,AR01320432650854334465,CR18136295780196024321,2026-06-03,406,1087,true,,
google,duolingo,AR01320432650854334465,CR18136295780196024321,2026-06-05,405,1087,true,1,2
google,duolingo,AR01320432650854334465,CR18204878951849918465,2026-06-03,407,1092,true,,
google,duolingo,AR01320432650854334465,CR18204878951849918465,2026-06-05,406,1092,true,1,2
google,duolingo,AR01320432650854334465,CR18217646274713223169,2026-06-03,408,1093,true,,
google,duolingo,AR01320432650854334465,CR18217646274713223169,2026-06-05,407,1093,true,1,2
google,duolingo,AR01320432650854334465,CR18229766569343320065,2026-06-03,409,1096,true,,
google,duolingo,AR01320432650854334465,CR18229766569343320065,2026-06-05,408,1096,true,1,2
google,duolingo,AR01320432650854334465,CR18247574835192397825,2026-06-03,410,1099,true,,
google,duolingo,AR01320432650854334465,CR18247574835192397825,2026-06-05,409,1099,true,1,2
google,duolingo,AR01320432650854334465,CR18253761168646602753,2026-06-03,411,1103,true,,
google,duolingo,AR01320432650854334465,CR18253761168646602753,2026-06-05,410,1103,true,1,2
google,duolingo,AR01320432650854334465,CR18337398930817417217,2026-06-03,412,1104,true,,
google,duolingo,AR01320432650854334465,CR18337398930817417217,2026-06-05,411,1104,true,1,2
google,duolingo,AR01320432650854334465,CR18342870616073306113,2026-06-03,413,1108,true,,
google,duolingo,AR01320432650854334465,CR18342870616073306113,2026-06-05,412,1108,true,1,2
google,duolingo,AR01320432650854334465,CR18360220282494386177,2026-06-03,414,1110,true,,
google,duolingo,AR01320432650854334465,CR18360220282494386177,2026-06-05,413,1110,true,1,2
google,duolingo,AR01320432650854334465,CR18381899705446563841,2026-06-03,415,1113,true,,
google,duolingo,AR01320432650854334465,CR18381899705446563841,2026-06-05,414,1113,true,1,2
google,duolingo,AR01320432650854334465,CR18439375644996403201,2026-06-03,416,1114,true,,
google,duolingo,AR01320432650854334465,CR18439375644996403201,2026-06-05,415,1114,true,1,2
google,duolingo,AR01320432650854334465,CR18442760972578848769,2026-06-03,417,1118,true,,
google,duolingo,AR01320432650854334465,CR18442760972578848769,2026-06-05,416,1118,true,1,2
