page_id,page_name,ad_id,media_type,verdict,first_seen,last_seen,present_now,best_page_rank,run_days,2026-06-03,2026-06-05,2026-06-15,2026-07-13,2026-07-20
AR01320432650854334465,Duolingo Inc,CR00077483048265842689,Image,strong_winner,2026-06-03,2026-07-20,True,1,47,1,1,1,1,1
AR01320432650854334465,Duolingo Inc,CR00080577486303264769,Image,loser,2026-06-03,2026-06-15,False,1,12,2,2,1,,
AR01320432650854334465,Duolingo Inc,CR01624949414143459329,Text,loser,2026-06-03,2026-06-05,False,1,2,46,1,,,
AR01320432650854334465,Duolingo Inc,CR02760380368811982849,Image,new,2026-07-13,2026-07-20,True,1,7,,,,1,30
AR01320432650854334465,Duolingo Inc,CR00172539367540129793,Image,strong_winner,2026-06-03,2026-07-20,True,2,47,3,4,4,2,2
AR01320432650854334465,Duolingo Inc,CR00092628322722250753,Image,loser,2026-06-03,2026-06-15,False,2,12,4,3,2,,
AR01320432650854334465,Duolingo Inc,CR04921081589686861825,YouTubeVideo,strong_winner,2026-06-03,2026-07-20,True,2,47,78,2,,55,54
AR01320432650854334465,Duolingo Inc,CR04916521202001903617,Unknown,winner,2026-06-03,2026-07-13,False,2,40,80,118,123,2,
AR01320432650854334465,Duolingo Inc,CR05689357643013947393,Text,loser,2026-06-03,2026-06-05,False,2,2,200,2,,,
AR01320432650854334465,Duolingo Inc,CR00183418201873317889,YouTubeVideo,strong_winner,2026-06-03,2026-07-20,True,3,47,5,7,7,3,3
AR01320432650854334465,Duolingo Inc,CR00181197265694621697,YouTubeVideo,loser,2026-06-03,2026-06-15,False,3,12,6,5,3,,
AR01320432650854334465,Duolingo Inc,CR06417975042071592961,Image,loser,2026-06-03,2026-06-05,False,3,2,222,3,,,
AR01320432650854334465,Duolingo Inc,CR06454979475271581697,YouTubeVideo,new,2026-07-13,2026-07-20,True,3,7,,,,3,74
AR01320432650854334465,Duolingo Inc,CR00220408796688678913,Image,strong_winner,2026-06-03,2026-07-20,True,4,47,7,8,8,4,4
AR01320432650854334465,Duolingo Inc,CR00182742388769292289,YouTubeVideo,loser,2026-06-03,2026-06-15,False,4,12,9,6,4,,
AR01320432650854334465,Duolingo Inc,CR07596772822693707777,Text,loser,2026-06-03,2026-06-05,False,4,2,254,4,,,
AR01320432650854334465,Duolingo Inc,CR12504227675151269889,YouTubeVideo,new,2026-07-13,2026-07-20,True,4,7,,,,4,135
AR01320432650854334465,Duolingo Inc,CR00273460825434357761,YouTubeVideo,strong_winner,2026-06-03,2026-07-20,True,5,47,8,10,10,5,5
AR01320432650854334465,Duolingo Inc,CR00225154151435206657,Image,loser,2026-06-03,2026-06-15,False,5,12,14,9,5,,
AR01320432650854334465,Duolingo Inc,CR08983430983034339329,Text,loser,2026-06-03,2026-06-05,False,5,2,288,5,,,
AR01320432650854334465,Duolingo Inc,CR12859093953504346113,Image,new,2026-07-13,2026-07-20,True,5,7,,,,5,141
AR01320432650854334465,Duolingo Inc,CR00340579095412736001,Image,strong_winner,2026-06-03,2026-07-20,True,6,47,10,13,13,6,6
AR01320432650854334465,Duolingo Inc,CR00302240267413487617,Image,loser,2026-06-03,2026-06-15,False,6,12,18,11,6,,
AR01320432650854334465,Duolingo Inc,CR12085504759344136193,Image,loser,2026-06-03,2026-06-05,False,6,2,337,6,,,
AR01320432650854334465,Duolingo Inc,CR14674366210485780481,YouTubeVideo,new,2026-07-13,2026-07-20,True,6,7,,,,6,166
AR01320432650854334465,Duolingo Inc,CR00486904619688001537,YouTubeVideo,strong_winner,2026-06-03,2026-07-20,True,7,47,11,15,15,7,7
AR01320432650854334465,Duolingo Inc,CR12443897171487490049,Image,loser,2026-06-03,2026-06-05,False,7,2,346,7,,,
AR01320432650854334465,Duolingo Inc,CR00957807101764173825,YouTubeVideo,winner,2026-06-15,2026-07-20,True,7,35,,,7,13,13
AR01320432650854334465,Duolingo Inc,CR14791427914960207873,Image,new,2026-07-13,2026-07-20,True,7,7,,,,7,170
AR01320432650854334465,Duolingo Inc,CR00523603173907103745,Image,strong_winner,2026-06-03,2026-07-20,True,8,47,12,16,16,8,8
AR01320432650854334465,Duolingo Inc,CR00339160802722316289,Image,loser,2026-06-03,2026-06-15,False,8,12,19,12,8,,
AR01320432650854334465,Duolingo Inc,CR12936354161687003137,Text,loser,2026-06-03,2026-06-05,False,8,2,355,8,,,
AR01320432650854334465,Duolingo Inc,CR15454342716799844353,Image,new,2026-07-13,2026-07-20,True,8,7,,,,8,184
AR01320432650854334465,Duolingo Inc,CR00622910591681429505,Image,strong_winner,2026-06-03,2026-07-20,True,9,47,13,18,18,9,9
AR01320432650854334465,Duolingo Inc,CR00355032940264030209,Image,loser,2026-06-03,2026-06-15,False,9,12,22,14,9,,
AR01320432650854334465,Duolingo Inc,CR14063525172690812929,Text,loser,2026-06-03,2026-06-05,False,9,2,365,9,,,
AR01320432650854334465,Duolingo Inc,CR00666386106077413377,Image,strong_winner,2026-06-03,2026-07-20,True,10,47,15,19,19,10,10
AR01320432650854334465,Duolingo Inc,CR00595989985778204673,Image,loser,2026-06-03,2026-06-15,False,10,12,24,17,10,,
AR01320432650854334465,Duolingo Inc,CR14862330171385446401,Image,loser,2026-06-03,2026-06-05,False,10,2,373,10,,,
AR01320432650854334465,Duolingo Inc,CR00708930609002577921,Image,strong_winner,2026-06-03,2026-07-20,True,11,47,16,20,20,11,11
AR01320432650854334465,Duolingo Inc,CR01127077561105383425,Image,winner,2026-06-15,2026-07-20,True,11,35,,,11,18,18
AR01320432650854334465,Duolingo Inc,CR00912206643708559361,Image,strong_winner,2026-06-03,2026-07-20,True,12,47,17,23,23,12,12
AR01320432650854334465,Duolingo Inc,CR00754063714486845441,Image,loser,2026-06-03,2026-06-15,False,12,12,28,21,12,,
AR01320432650854334465,Duolingo Inc,CR00870484712919924737,YouTubeVideo,loser,2026-06-03,2026-06-15,False,13,12,29,22,13,,
AR01320432650854334465,Duolingo Inc,CR00990928154384138241,Image,strong_winner,2026-06-03,2026-07-20,True,14,47,20,24,25,14,14
AR01320432650854334465,Duolingo Inc,CR01506785655420616705,YouTubeVideo,winner,2026-06-15,2026-07-20,True,14,35,,,14,21,21
AR01320432650854334465,Duolingo Inc,CR01002423385243779073,YouTubeVideo,strong_winner,2026-06-03,2026-07-20,True,15,47,21,25,26,15,15
AR01320432650854334465,Duolingo Inc,CR01968406266493534209,Image,winner,2026-06-15,2026-07-20,True,15,35,,,15,23,23
AR01320432650854334465,Duolingo Inc,CR01030743368801452033,YouTubeVideo,strong_winner,2026-06-03,2026-07-20,True,16,47,23,26,27,16,16
AR01320432650854334465,Duolingo Inc,CR01100173104279191553,Image,loser,2026-06-03,2026-06-15,False,16,12,35,28,16,,
AR01320432650854334465,Duolingo Inc,CR01080890376157396993,Image,strong_winner,2026-06-03,2026-07-20,True,17,47,25,27,28,17,17
AR01320432650854334465,Duolingo Inc,CR01171838378824433665,Image,loser,2026-06-03,2026-06-15,False,17,12,38,30,17,,
AR01320432650854334465,Duolingo Inc,CR01175648702010753025,Image,loser,2026-06-03,2026-06-15,False,18,12,40,31,18,,
AR01320432650854334465,Duolingo Inc,CR01130741245518282753,YouTubeVideo,strong_winner,2026-06-03,2026-07-20,True,19,47,26,29,31,19,19
AR01320432650854334465,Duolingo Inc,CR01290797153173635073,YouTubeVideo,loser,2026-06-03,2026-06-15,False,19,12,41,32,19,,
AR01320432650854334465,Duolingo Inc,CR01450103631985508353,YouTubeVideo,strong_winner,2026-06-03,2026-07-20,True,20,47,27,36,38,20,20
AR01320432650854334465,Duolingo Inc,CR02883287901733388289,Image,winner,2026-06-15,2026-07-20,True,20,35,,,20,32,32
AR01320432650854334465,Duolingo Inc,CR02885473937007837185,YouTubeVideo,winner,2026-06-15,2026-07-20,True,21,35,,,21,33,33
AR01320432650854334465,Duolingo Inc,CR01868085494135390209,YouTubeVideo,strong_winner,2026-06-03,2026-07-20,True,22,47,30,43,45,22,22
AR01320432650854334465,Duolingo Inc,CR01337385900383928321,Image,loser,2026-06-03,2026-06-15,False,22,12,42,33,22,,
AR01320432650854334465,Duolingo Inc,CR01343770764406423553,Image,loser,2026-06-03,2026-06-15,False,23,12,43,34,23,,
AR01320432650854334465,Duolingo Inc,CR02300258323368247297,Image,strong_winner,2026-06-03,2026-07-20,True,24,47,31,49,52,24,24
AR01320432650854334465,Duolingo Inc,CR01423026208236371969,YouTubeVideo,loser,2026-06-03,2026-06-15,False,24,12,45,35,24,,
AR01320432650854334465,Duolingo Inc,CR02332026650268532737,Image,strong_winner,2026-06-03,2026-07-20,True,25,47,32,50,53,25,25
AR01320432650854334465,Duolingo Inc,CR01533471704569872385,Image,loser,2026-06-03,2026-06-15,False,25,12,51,37,25,,
AR01320432650854334465,Duolingo Inc,CR02345735223804690433,Image,strong_winner,2026-06-03,2026-07-20,True,26,47,33,51,54,26,26
AR01320432650854334465,Duolingo Inc,CR01557529603101163521,Unknown,loser,2026-06-03,2026-06-15,False,26,12,53,38,26,,
AR01320432650854334465,Duolingo Inc,CR02400119130498793473,YouTubeVideo,strong_winner,2026-06-03,2026-07-20,True,27,47,34,53,56,27,27
AR01320432650854334465,Duolingo Inc,CR01729249061384486913,Image,loser,2026-06-03,2026-06-15,False,27,12,54,40,27,,
AR01320432650854334465,Duolingo Inc,CR02403692818166972417,YouTubeVideo,strong_winner,2026-06-03,2026-07-20,True,28,47,36,54,57,28,28
AR01320432650854334465,Duolingo Inc,CR01796609473029079041,YouTubeVideo,loser,2026-06-03,2026-06-15,False,28,12,56,41,28,,
AR01320432650854334465,Duolingo Inc,CR02469643449746325505,YouTubeVideo,strong_winner,2026-06-03,2026-07-20,True,29,47,37,56,59,29,29
AR01320432650854334465,Duolingo Inc,CR01824752607013371905,Image,loser,2026-06-03,2026-06-15,False,29,12,58,42,29,,
AR01320432650854334465,Duolingo Inc,CR01910258705727750145,Image,loser,2026-06-03,2026-06-15,False,30,12,60,44,30,,
AR01320432650854334465,Duolingo Inc,CR02876105685622325249,Image,strong_winner,2026-06-03,2026-07-20,True,31,47,39,63,66,31,31
AR01320432650854334465,Duolingo Inc,CR01947827506220367873,YouTubeVideo,loser,2026-06-03,2026-06-15,False,31,12,62,45,31,,
AR01320432650854334465,Duolingo Inc,CR02066686465529610241,Image,loser,2026-06-03,2026-06-15,False,32,12,66,46,32,,
AR01320432650854334465,Duolingo Inc,CR02128424764983738369,Image,loser,2026-06-03,2026-06-15,False,33,12,67,47,33,,
AR01320432650854334465,Duolingo Inc,CR02953461826194505729,Image,strong_winner,2026-06-03,2026-07-20,True,34,47,44,66,71,34,34
AR01320432650854334465,Duolingo Inc,CR02253422813106929665,Image,loser,2026-06-03,2026-06-15,False,34,12,69,48,34,,
AR01320432650854334465,Duolingo Inc,CR02959457325661814785,YouTubeVideo,strong_winner,2026-06-03,2026-07-20,True,35,47,47,67,72,35,35
AR01320432650854334465,Duolingo Inc,CR02365103782552928257,Image,loser,2026-06-03,2026-06-15,False,35,12,73,52,35,,
AR01320432650854334465,Duolingo Inc,CR03125866348941410305,YouTubeVideo,strong_winner,2026-06-03,2026-07-20,True,36,47,49,70,75,36,36
AR01320432650854334465,Duolingo Inc,CR02441408515131047937,YouTubeVideo,loser,2026-06-03,2026-06-15,False,36,12,79,55,36,,
AR01320432650854334465,Duolingo Inc,CR03289419536796745729,Image,strong_winner,2026-06-03,2026-07-20,True,37,47,50,75,80,37,37
AR01320432650854334465,Duolingo Inc,CR02559491665907679233,Image,loser,2026-06-03,2026-06-15,False,37,12,85,57,37,,
AR01320432650854334465,Duolingo Inc,CR03342477054510628865,YouTubeVideo,strong_winner,2026-06-03,2026-07-20,True,38,47,52,77,82,38,38
AR01320432650854334465,Duolingo Inc,CR02582431876509597697,Image,loser,2026-06-03,2026-06-15,False,38,12,88,58,38,,
AR01320432650854334465,Duolingo Inc,CR03419157983274205185,Image,strong_winner,2026-06-03,2026-07-20,True,39,47,55,79,84,39,39
AR01320432650854334465,Duolingo Inc,CR02689703185852923905,Image,loser,2026-06-03,2026-06-15,False,39,12,90,59,39,,
AR01320432650854334465,Duolingo Inc,CR03444500283185430529,YouTubeVideo,strong_winner,2026-06-03,2026-07-20,True,40,47,57,80,85,40,40
AR01320432650854334465,Duolingo Inc,CR02777872576607682561,Image,loser,2026-06-03,2026-06-15,False,40,12,92,60,40,,
AR01320432650854334465,Duolingo Inc,CR03449188738205220865,Image,strong_winner,2026-06-03,2026-07-20,True,41,47,59,81,86,41,41
AR01320432650854334465,Duolingo Inc,CR02783458473633906689,Image,loser,2026-06-03,2026-06-15,False,41,12,93,61,41,,
AR01320432650854334465,Duolingo Inc,CR03460262881881227265,YouTubeVideo,strong_winner,2026-06-03,2026-07-20,True,42,47,61,82,87,42,42
AR01320432650854334465,Duolingo Inc,CR02861963294619467777,Image,loser,2026-06-03,2026-06-15,False,42,12,95,62,42,,
AR01320432650854334465,Duolingo Inc,CR03461645655192109057,Image,strong_winner,2026-06-03,2026-07-20,True,43,47,63,83,88,43,43
AR01320432650854334465,Duolingo Inc,CR05983931101746298881,YouTubeVideo,winner,2026-06-15,2026-07-20,True,43,35,,,43,67,66
AR01320432650854334465,Duolingo Inc,CR03568382765093093377,Image,strong_winner,2026-06-03,2026-07-20,True,44,47,64,84,89,44,44
AR01320432650854334465,Duolingo Inc,CR02889213350284099585,Image,loser,2026-06-03,2026-06-15,False,44,12,100,64,44,,
AR01320432650854334465,Duolingo Inc,CR03872881463749771265,YouTubeVideo,strong_winner,2026-06-03,2026-07-20,True,45,47,65,92,97,45,45
AR01320432650854334465,Duolingo Inc,CR02931127008412827649,Image,loser,2026-06-03,2026-06-15,False,45,12,102,65,45,,
AR01320432650854334465,Duolingo Inc,CR03986498286625226753,Image,strong_winner,2026-06-03,2026-07-20,True,46,47,68,95,100,46,46
AR01320432650854334465,Duolingo Inc,CR02969335793392287745,YouTubeVideo,loser,2026-06-03,2026-06-15,False,46,12,106,68,46,,
AR01320432650854334465,Duolingo Inc,CR04074443454317330433,YouTubeVideo,strong_winner,2026-06-03,2026-07-20,True,47,47,70,97,102,47,47
AR01320432650854334465,Duolingo Inc,CR02996805261756203009,Image,loser,2026-06-03,2026-06-15,False,47,12,108,69,47,,
AR01320432650854334465,Duolingo Inc,CR02602988517701189633,Unknown,loser,2026-06-03,2026-06-03,False,48,0,48,,,,
AR01320432650854334465,Duolingo Inc,CR04123240768200507393,YouTubeVideo,strong_winner,2026-06-03,2026-07-20,True,48,47,71,100,105,48,48
AR01320432650854334465,Duolingo Inc,CR03202938102549053441,Image,loser,2026-06-03,2026-06-15,False,48,12,110,71,48,,
AR01320432650854334465,Duolingo Inc,CR04243151788338839553,Image,strong_winner,2026-06-03,2026-07-20,True,49,47,72,103,108,49,49
AR01320432650854334465,Duolingo Inc,CR03218206986164240385,Image,loser,2026-06-03,2026-06-15,False,49,12,112,72,49,,
AR01320432650854334465,Duolingo Inc,CR04306221768172896257,Image,strong_winner,2026-06-03,2026-07-20,True,50,47,74,105,110,50,50
AR01320432650854334465,Duolingo Inc,CR03247348476706553857,Image,loser,2026-06-03,2026-06-15,False,50,12,113,73,50,,
AR01320432650854334465,Duolingo Inc,CR04691106638109605889,YouTubeVideo,strong_winner,2026-06-03,2026-07-20,True,51,47,75,113,118,51,51
AR01320432650854334465,Duolingo Inc,CR03274989511834075137,Image,loser,2026-06-03,2026-06-15,False,51,12,115,74,51,,
AR01320432650854334465,Duolingo Inc,CR04808461817699368961,Image,strong_winner,2026-06-03,2026-07-20,True,52,47,76,116,121,52,52
AR01320432650854334465,Duolingo Inc,CR03320610242135326721,Image,loser,2026-06-03,2026-06-15,False,52,12,117,76,52,,
AR01320432650854334465,Duolingo Inc,CR04844956498410864641,Image,strong_winner,2026-06-03,2026-07-20,True,53,47,77,117,122,53,53
AR01320432650854334465,Duolingo Inc,CR03356091276205228033,YouTubeVideo,loser,2026-06-03,2026-06-15,False,53,12,122,78,53,,
AR01320432650854334465,Duolingo Inc,CR07950475405427736577,YouTubeVideo,winner,2026-06-15,2026-07-20,True,54,35,,,54,85,84
AR01320432650854334465,Duolingo Inc,CR05131027012818829313,Image,winner,2026-06-03,2026-07-20,True,55,47,81,123,127,56,55
AR01320432650854334465,Duolingo Inc,CR03618019358535581697,YouTubeVideo,loser,2026-06-03,2026-06-15,False,55,12,129,85,55,,
AR01320432650854334465,Duolingo Inc,CR05323514484814249985,Image,winner,2026-06-03,2026-07-20,True,56,47,82,125,129,57,56
AR01320432650854334465,Duolingo Inc,CR08664307285079621633,YouTubeVideo,winner,2026-06-15,2026-07-20,True,56,35,,,56,92,91
AR01320432650854334465,Duolingo Inc,CR05386581002904666113,Image,winner,2026-06-03,2026-07-20,True,57,47,83,127,131,58,57
AR01320432650854334465,Duolingo Inc,CR03633588460364759041,Image,loser,2026-06-03,2026-06-15,False,57,12,131,86,57,,
AR01320432650854334465,Duolingo Inc,CR05406473573432819713,Image,winner,2026-06-03,2026-07-20,True,58,47,84,130,134,59,58
AR01320432650854334465,Duolingo Inc,CR03723665057117110273,Image,loser,2026-06-03,2026-06-15,False,58,12,132,87,58,,
AR01320432650854334465,Duolingo Inc,CR05543142980434526209,Unknown,winner,2026-06-03,2026-07-20,True,59,47,86,132,136,60,59
AR01320432650854334465,Duolingo Inc,CR03734752051335266305,Image,loser,2026-06-03,2026-06-15,False,59,12,134,88,59,,
AR01320432650854334465,Duolingo Inc,CR05583083874184855553,Image,winner,2026-06-03,2026-07-20,True,60,47,87,133,137,61,60
AR01320432650854334465,Duolingo Inc,CR03773528837149687809,Image,loser,2026-06-03,2026-06-15,False,60,12,136,89,60,,
AR01320432650854334465,Duolingo Inc,CR05657396214384033793,Image,winner,2026-06-03,2026-07-20,True,61,47,89,134,138,62,61
AR01320432650854334465,Duolingo Inc,CR03794565483886280705,Image,loser,2026-06-03,2026-06-15,False,61,12,138,90,61,,
AR01320432650854334465,Duolingo Inc,CR05666550748196896769,YouTubeVideo,winner,2026-06-03,2026-07-20,True,62,47,91,135,139,63,62
AR01320432650854334465,Duolingo Inc,CR03870369698155593729,Image,loser,2026-06-03,2026-06-15,False,62,12,139,91,62,,
AR01320432650854334465,Duolingo Inc,CR05686368302826258433,YouTubeVideo,winner,2026-06-03,2026-07-20,True,63,47,94,136,140,64,63
AR01320432650854334465,Duolingo Inc,CR08903716596179009537,Image,winner,2026-06-15,2026-07-20,True,63,35,,,63,96,95
AR01320432650854334465,Duolingo Inc,CR05803985243492843521,Image,winner,2026-06-03,2026-07-20,True,64,47,96,139,142,65,64
AR01320432650854334465,Duolingo Inc,CR03935553386014834689,Image,loser,2026-06-03,2026-06-15,False,64,12,140,93,64,,
AR01320432650854334465,Duolingo Inc,CR05930435944044822529,Image,winner,2026-06-03,2026-07-20,True,65,47,97,143,146,66,65
AR01320432650854334465,Duolingo Inc,CR03948338679021305857,Image,loser,2026-06-03,2026-06-15,False,65,12,142,94,65,,
AR01320432650854334465,Duolingo Inc,CR04055412608847577089,YouTubeVideo,loser,2026-06-03,2026-06-15,False,66,12,144,96,66,,
AR01320432650854334465,Duolingo Inc,CR06045526018012217345,Image,winner,2026-06-03,2026-07-20,True,67,47,98,145,149,68,67
AR01320432650854334465,Duolingo Inc,CR09257889426292342785,YouTubeVideo,winner,2026-06-15,2026-07-20,True,67,35,,,67,100,99
AR01320432650854334465,Duolingo Inc,CR06108857887772114945,Image,winner,2026-06-03,2026-07-20,True,68,47,99,146,150,69,68
AR01320432650854334465,Duolingo Inc,CR04080075221594275841,YouTubeVideo,loser,2026-06-03,2026-06-15,False,68,12,147,98,68,,
AR01320432650854334465,Duolingo Inc,CR06204449428690960385,YouTubeVideo,winner,2026-06-03,2026-07-20,True,69,47,101,148,152,70,69
AR01320432650854334465,Duolingo Inc,CR04118908219940667393,YouTubeVideo,loser,2026-06-03,2026-06-15,False,69,12,150,99,69,,
AR01320432650854334465,Duolingo Inc,CR06272089056159465473,Image,winner,2026-06-03,2026-07-20,True,70,47,103,149,153,71,70
AR01320432650854334465,Duolingo Inc,CR04128968115679657985,YouTubeVideo,loser,2026-06-03,2026-06-15,False,70,12,154,101,70,,
AR01320432650854334465,Duolingo Inc,CR06322497395095502849,Image,winner,2026-06-03,2026-07-20,True,71,47,104,151,155,72,71
AR01320432650854334465,Duolingo Inc,CR04153116191344295937,YouTubeVideo,loser,2026-06-03,2026-06-15,False,71,12,156,102,71,,
AR01320432650854334465,Duolingo Inc,CR06417969407074500609,YouTubeVideo,winner,2026-06-03,2026-07-20,True,72,47,105,154,158,73,72
AR01320432650854334465,Duolingo Inc,CR04273584492079218689,YouTubeVideo,loser,2026-06-03,2026-06-15,False,72,12,160,104,72,,
AR01320432650854334465,Duolingo Inc,CR06426361661501734913,Image,winner,2026-06-03,2026-07-20,True,73,47,107,156,159,74,73
AR01320432650854334465,Duolingo Inc,CR04360477143675699201,Image,loser,2026-06-03,2026-06-15,False,73,12,162,106,73,,
AR01320432650854334465,Duolingo Inc,CR04442749836390825985,YouTubeVideo,loser,2026-06-03,2026-06-15,False,74,12,165,107,74,,
AR01320432650854334465,Duolingo Inc,CR06643980163967090689,Image,winner,2026-06-03,2026-07-20,True,75,47,109,160,163,76,75
AR01320432650854334465,Duolingo Inc,CR04461114927569960961,Image,loser,2026-06-03,2026-06-15,False,75,12,167,108,75,,
AR01320432650854334465,Duolingo Inc,CR06702948965429542913,Image,winner,2026-06-03,2026-07-20,True,76,47,111,161,164,77,76
AR01320432650854334465,Duolingo Inc,CR04561899290108100609,Unknown,loser,2026-06-03,2026-06-15,False,76,12,169,109,76,,
AR01320432650854334465,Duolingo Inc,CR07157674058048339969,YouTubeVideo,winner,2026-06-03,2026-07-20,True,77,47,114,166,169,78,77
AR01320432650854334465,Duolingo Inc,CR04593892192258359297,Image,loser,2026-06-03,2026-06-15,False,77,12,170,110,77,,
AR01320432650854334465,Duolingo Inc,CR07158521712793878529,YouTubeVideo,winner,2026-06-03,2026-07-20,True,78,47,116,167,170,79,78
AR01320432650854334465,Duolingo Inc,CR04597731824301506561,Image,loser,2026-06-03,2026-06-15,False,78,12,172,111,78,,
AR01320432650854334465,Duolingo Inc,CR07395444761814892545,Image,winner,2026-06-03,2026-07-20,True,79,47,118,171,174,80,79
AR01320432650854334465,Duolingo Inc,CR10768944889090539521,Image,winner,2026-06-15,2026-07-20,True,79,35,,,79,117,116
AR01320432650854334465,Duolingo Inc,CR07397178691651895297,Image,winner,2026-06-03,2026-07-20,True,80,47,119,172,175,81,80
AR01320432650854334465,Duolingo Inc,CR04668698788704026625,YouTubeVideo,loser,2026-06-03,2026-06-15,False,80,12,173,112,80,,
AR01320432650854334465,Duolingo Inc,CR07543396523917180929,YouTubeVideo,winner,2026-06-03,2026-07-20,True,81,47,120,176,179,82,81
AR01320432650854334465,Duolingo Inc,CR04735206924218269697,Image,loser,2026-06-03,2026-06-15,False,81,12,177,114,81,,
AR01320432650854334465,Duolingo Inc,CR07563440577941864449,YouTubeVideo,winner,2026-06-03,2026-07-20,True,82,47,121,177,180,83,82
AR01320432650854334465,Duolingo Inc,CR04763770243443064833,YouTubeVideo,loser,2026-06-03,2026-06-15,False,82,12,178,115,82,,
AR01320432650854334465,Duolingo Inc,CR07848985989648220161,Unknown,winner,2026-06-03,2026-07-20,True,83,47,123,183,185,84,83
AR01320432650854334465,Duolingo Inc,CR04944055996818391041,YouTubeVideo,loser,2026-06-03,2026-06-15,False,83,12,182,120,83,,
AR01320432650854334465,Duolingo Inc,CR05087881686918627329,YouTubeVideo,loser,2026-06-03,2026-06-15,False,84,12,184,121,84,,
AR01320432650854334465,Duolingo Inc,CR08032435845430509569,YouTubeVideo,winner,2026-06-03,2026-07-20,True,85,47,124,186,189,86,85
AR01320432650854334465,Duolingo Inc,CR05130416070900842497,Image,loser,2026-06-03,2026-06-15,False,85,12,186,122,85,,
AR01320432650854334465,Duolingo Inc,CR08046156221536796673,Image,winner,2026-06-03,2026-07-20,True,86,47,125,188,191,87,86
AR01320432650854334465,Duolingo Inc,CR05308910960352690177,Image,loser,2026-06-03,2026-06-15,False,86,12,189,124,86,,
AR01320432650854334465,Duolingo Inc,CR08074942964960329729,YouTubeVideo,winner,2026-06-03,2026-07-20,True,87,47,126,189,192,88,87
AR01320432650854334465,Duolingo Inc,CR05366775199305826305,Image,loser,2026-06-03,2026-06-15,False,87,12,192,126,87,,
AR01320432650854334465,Duolingo Inc,CR08392678426405765121,Image,winner,2026-06-03,2026-07-20,True,88,47,127,194,197,89,88
AR01320432650854334465,Duolingo Inc,CR05386588398838349825,Image,loser,2026-06-03,2026-06-15,False,88,12,194,128,88,,
AR01320432650854334465,Duolingo Inc,CR08397333973386133505,YouTubeVideo,winner,2026-06-03,2026-07-20,True,89,47,128,195,198,90,89
AR01320432650854334465,Duolingo Inc,CR05404970240389939201,YouTubeVideo,loser,2026-06-03,2026-06-15,False,89,12,195,129,89,,
AR01320432650854334465,Duolingo Inc,CR08608896597733933057,YouTubeVideo,winner,2026-06-03,2026-07-20,True,90,47,130,196,199,91,90
AR01320432650854334465,Duolingo Inc,CR05467319868309110785,YouTubeVideo,loser,2026-06-03,2026-06-15,False,90,12,197,131,90,,
AR01320432650854334465,Duolingo Inc,CR05765768727572250625,Image,loser,2026-06-03,2026-06-15,False,91,12,205,138,91,,
AR01320432650854334465,Duolingo Inc,CR08828366720730136577,Image,winner,2026-06-03,2026-07-20,True,92,47,133,197,201,93,92
AR01320432650854334465,Duolingo Inc,CR05863167865607159809,Image,loser,2026-06-03,2026-06-15,False,92,12,208,140,92,,
AR01320432650854334465,Duolingo Inc,CR08840752513058603009,YouTubeVideo,winner,2026-06-03,2026-07-20,True,93,47,135,198,202,94,93
AR01320432650854334465,Duolingo Inc,CR05896184894119215105,YouTubeVideo,loser,2026-06-03,2026-06-15,False,93,12,210,141,93,,
AR01320432650854334465,Duolingo Inc,CR08869171658821206017,Image,winner,2026-06-03,2026-07-20,True,94,47,137,199,203,95,94
AR01320432650854334465,Duolingo Inc,CR05921300900793548801,YouTubeVideo,loser,2026-06-03,2026-06-15,False,94,12,212,142,94,,
AR01320432650854334465,Duolingo Inc,CR13021082527723421697,YouTubeVideo,winner,2026-06-15,2026-07-20,True,95,35,,,95,145,144
AR01320432650854334465,Duolingo Inc,CR08997587753587703809,Image,winner,2026-06-03,2026-07-20,True,96,47,141,202,206,97,96
AR01320432650854334465,Duolingo Inc,CR05974113296133914625,Image,loser,2026-06-03,2026-06-15,False,96,12,214,144,96,,
AR01320432650854334465,Duolingo Inc,CR09105497088912785409,Image,winner,2026-06-03,2026-07-20,True,97,47,143,205,209,98,97
AR01320432650854334465,Duolingo Inc,CR13121889052292808705,Image,winner,2026-06-15,2026-07-20,True,97,35,,,97,146,145
AR01320432650854334465,Duolingo Inc,CR09139973409873068033,Image,winner,2026-06-03,2026-07-20,True,98,47,145,207,211,99,98
AR01320432650854334465,Duolingo Inc,CR06118761094514212865,Image,loser,2026-06-03,2026-06-15,False,98,12,220,147,98,,
AR01320432650854334465,Duolingo Inc,CR06295254838443769857,Image,loser,2026-06-03,2026-06-15,False,99,12,224,150,99,,
AR01320432650854334465,Duolingo Inc,CR09322502983012843521,Image,winner,2026-06-03,2026-07-20,True,100,47,146,211,216,101,100
AR01320432650854334465,Duolingo Inc,CR06323327603683885057,Image,loser,2026-06-03,2026-06-15,False,100,12,227,152,100,,
AR01320432650854334465,Duolingo Inc,CR09323993714621677569,Image,undecided,2026-06-03,2026-07-20,True,101,47,148,212,217,102,101
AR01320432650854334465,Duolingo Inc,CR06346806712422367233,Image,loser,2026-06-03,2026-06-15,False,101,12,229,153,101,,
AR01320432650854334465,Duolingo Inc,CR09402136117676867585,YouTubeVideo,undecided,2026-06-03,2026-07-20,True,102,47,149,214,219,103,102
AR01320432650854334465,Duolingo Inc,CR14214538078244044801,Image,undecided,2026-06-15,2026-07-20,True,102,35,,,102,160,159
AR01320432650854334465,Duolingo Inc,CR09524829142751641601,Image,undecided,2026-06-03,2026-07-20,True,103,47,151,215,220,104,103
AR01320432650854334465,Duolingo Inc,CR06447154603204018177,Image,loser,2026-06-03,2026-06-15,False,103,12,233,157,103,,
AR01320432650854334465,Duolingo Inc,CR09613772203145297921,Image,undecided,2026-06-03,2026-07-20,True,104,47,152,216,221,105,104
AR01320432650854334465,Duolingo Inc,CR06516214000831692801,Image,loser,2026-06-03,2026-06-15,False,104,12,234,158,104,,
AR01320432650854334465,Duolingo Inc,CR09697229533740007425,Image,undecided,2026-06-03,2026-07-20,True,105,47,153,218,223,106,105
AR01320432650854334465,Duolingo Inc,CR06623573614702624769,YouTubeVideo,loser,2026-06-03,2026-06-15,False,105,12,237,159,105,,
AR01320432650854334465,Duolingo Inc,CR09846282628536205313,Image,undecided,2026-06-03,2026-07-20,True,106,47,155,219,224,107,106
AR01320432650854334465,Duolingo Inc,CR14503331404349177857,Image,undecided,2026-06-15,2026-07-20,True,106,35,,,106,164,163
AR01320432650854334465,Duolingo Inc,CR09890420641637597185,YouTubeVideo,undecided,2026-06-03,2026-07-20,True,107,47,157,221,226,108,107
AR01320432650854334465,Duolingo Inc,CR06772101898854989825,YouTubeVideo,loser,2026-06-03,2026-06-15,False,107,12,239,162,107,,
AR01320432650854334465,Duolingo Inc,CR09976959662806794241,YouTubeVideo,undecided,2026-06-03,2026-07-20,True,108,47,158,226,231,109,108
AR01320432650854334465,Duolingo Inc,CR14524670726021054465,Image,undecided,2026-06-15,2026-07-20,True,108,35,,,108,166,165
AR01320432650854334465,Duolingo Inc,CR10049201622610870273,YouTubeVideo,undecided,2026-06-03,2026-07-20,True,109,47,159,227,232,110,109
AR01320432650854334465,Duolingo Inc,CR06879456324405428225,Image,loser,2026-06-03,2026-06-15,False,109,12,241,163,109,,
AR01320432650854334465,Duolingo Inc,CR10134121578548428801,YouTubeVideo,undecided,2026-06-03,2026-07-20,True,110,47,161,229,234,111,110
AR01320432650854334465,Duolingo Inc,CR07024839386827063297,Image,loser,2026-06-03,2026-06-15,False,110,12,242,164,110,,
AR01320432650854334465,Duolingo Inc,CR10293516336118104065,Image,undecided,2026-06-03,2026-07-20,True,111,47,163,231,236,112,111
AR01320432650854334465,Duolingo Inc,CR07026656243892617217,YouTubeVideo,loser,2026-06-03,2026-06-15,False,111,12,243,165,111,,
AR01320432650854334465,Duolingo Inc,CR10331997937420206081,YouTubeVideo,undecided,2026-06-03,2026-07-20,True,112,47,164,232,237,113,112
AR01320432650854334465,Duolingo Inc,CR07175890947085959169,YouTubeVideo,loser,2026-06-03,2026-06-15,False,112,12,247,168,112,,
AR01320432650854334465,Duolingo Inc,CR10337104593405607937,Unknown,undecided,2026-06-03,2026-07-20,True,113,47,166,233,238,114,113
AR01320432650854334465,Duolingo Inc,CR07269400459658395649,YouTubeVideo,loser,2026-06-03,2026-06-15,False,113,12,251,169,113,,
AR01320432650854334465,Duolingo Inc,CR10464658688235798529,YouTubeVideo,undecided,2026-06-03,2026-07-20,True,114,47,168,235,240,115,114
AR01320432650854334465,Duolingo Inc,CR07325555164188770305,Image,loser,2026-06-03,2026-06-15,False,114,12,252,170,114,,
AR01320432650854334465,Duolingo Inc,CR10509336174999371777,YouTubeVideo,undecided,2026-06-03,2026-07-20,True,115,47,171,236,241,116,115
AR01320432650854334465,Duolingo Inc,CR07409546101520334849,Image,loser,2026-06-03,2026-06-15,False,115,12,256,173,115,,
AR01320432650854334465,Duolingo Inc,CR07416723713426456577,Image,loser,2026-06-03,2026-06-15,False,116,12,258,174,116,,
AR01320432650854334465,Duolingo Inc,CR10807972672793739265,YouTubeVideo,undecided,2026-06-03,2026-07-20,True,117,47,174,240,246,118,117
AR01320432650854334465,Duolingo Inc,CR07420746826472488961,Image,loser,2026-06-03,2026-06-15,False,117,12,260,175,117,,
AR01320432650854334465,Duolingo Inc,CR10900726726388613121,Image,undecided,2026-06-03,2026-07-20,True,118,47,175,242,248,119,118
AR01320432650854334465,Duolingo Inc,CR07655597528003379201,Image,loser,2026-06-03,2026-06-15,False,118,12,264,179,118,,
AR01320432650854334465,Duolingo Inc,CR10906009665011712001,YouTubeVideo,undecided,2026-06-03,2026-07-20,True,119,47,176,243,249,120,119
AR01320432650854334465,Duolingo Inc,CR07691514965110292481,Image,loser,2026-06-03,2026-06-15,False,119,12,266,180,119,,
AR01320432650854334465,Duolingo Inc,CR10946004099824353281,YouTubeVideo,undecided,2026-06-03,2026-07-20,True,120,47,179,244,250,121,120
AR01320432650854334465,Duolingo Inc,CR15334138333215326209,YouTubeVideo,undecided,2026-06-15,2026-07-20,True,120,35,,,120,183,182
AR01320432650854334465,Duolingo Inc,CR11014488306841812993,YouTubeVideo,undecided,2026-06-03,2026-07-20,True,121,47,180,248,254,122,121
AR01320432650854334465,Duolingo Inc,CR07710907360927023105,Image,loser,2026-06-03,2026-06-15,False,121,12,267,181,121,,
AR01320432650854334465,Duolingo Inc,CR11030900854348578817,YouTubeVideo,undecided,2026-06-03,2026-07-20,True,122,47,181,249,255,123,122
AR01320432650854334465,Duolingo Inc,CR07791060006245236737,YouTubeVideo,loser,2026-06-03,2026-06-15,False,122,12,268,182,122,,
AR01320432650854334465,Duolingo Inc,CR11231224038909018113,YouTubeVideo,undecided,2026-06-03,2026-07-20,True,123,47,183,252,258,124,123
AR01320432650854334465,Duolingo Inc,CR07943736713409462273,YouTubeVideo,loser,2026-06-03,2026-06-15,False,123,12,270,184,123,,
AR01320432650854334465,Duolingo Inc,CR11265099055857926145,Image,undecided,2026-06-03,2026-07-20,True,124,47,185,254,260,125,124
AR01320432650854334465,Duolingo Inc,CR15689359753824174081,YouTubeVideo,undecided,2026-06-15,2026-07-20,True,124,35,,,124,187,186
AR01320432650854334465,Duolingo Inc,CR11527773569144586241,Image,undecided,2026-06-03,2026-07-20,True,125,47,187,258,264,126,125
AR01320432650854334465,Duolingo Inc,CR08005037063638351873,YouTubeVideo,loser,2026-06-03,2026-06-15,False,125,12,272,185,125,,
AR01320432650854334465,Duolingo Inc,CR11570853560002281473,YouTubeVideo,undecided,2026-06-03,2026-07-20,True,126,47,188,261,267,127,126
AR01320432650854334465,Duolingo Inc,CR08042033241911197697,YouTubeVideo,loser,2026-06-03,2026-06-15,False,126,12,275,187,126,,
AR01320432650854334465,Duolingo Inc,CR11947045081124438017,Image,undecided,2026-06-03,2026-07-20,True,127,47,190,266,272,128,127
AR01320432650854334465,Duolingo Inc,CR08084101089365852161,Image,loser,2026-06-03,2026-06-15,False,127,12,280,190,127,,
AR01320432650854334465,Duolingo Inc,CR12064062315507482625,Image,undecided,2026-06-03,2026-07-20,True,128,47,191,267,273,129,128
AR01320432650854334465,Duolingo Inc,CR08116479232902692865,Image,loser,2026-06-03,2026-06-15,False,128,12,282,191,128,,
AR01320432650854334465,Duolingo Inc,CR12068207534473740289,YouTubeVideo,undecided,2026-06-03,2026-07-20,True,129,47,193,268,274,130,129
AR01320432650854334465,Duolingo Inc,CR08137586832499015681,Image,loser,2026-06-03,2026-06-15,False,129,12,284,192,129,,
AR01320432650854334465,Duolingo Inc,CR12153520918005547009,Image,undecided,2026-06-03,2026-07-20,True,130,47,196,274,279,131,130
AR01320432650854334465,Duolingo Inc,CR08336194881999339521,Image,loser,2026-06-03,2026-06-15,False,130,12,286,193,130,,
AR01320432650854334465,Duolingo Inc,CR12262115145995517953,Image,undecided,2026-06-03,2026-07-20,True,131,47,198,277,282,132,131
AR01320432650854334465,Duolingo Inc,CR16979697122158837761,Image,undecided,2026-06-15,2026-07-20,True,131,35,,,131,198,197
AR01320432650854334465,Duolingo Inc,CR12267137577672245249,Image,undecided,2026-06-03,2026-07-20,True,132,47,199,278,283,133,132
AR01320432650854334465,Duolingo Inc,CR08949231129118900225,YouTubeVideo,loser,2026-06-03,2026-06-15,False,132,12,294,200,132,,
AR01320432650854334465,Duolingo Inc,CR12455594901465202689,YouTubeVideo,undecided,2026-06-03,2026-07-20,True,133,47,201,285,289,134,133
AR01320432650854334465,Duolingo Inc,CR17762195908147019777,Image,undecided,2026-06-15,2026-07-20,True,133,35,,,133,205,204
AR01320432650854334465,Duolingo Inc,CR12480928817600266241,YouTubeVideo,undecided,2026-06-03,2026-07-20,True,134,47,202,286,290,135,134
AR01320432650854334465,Duolingo Inc,CR09038894120520646657,YouTubeVideo,loser,2026-06-03,2026-06-15,False,134,12,296,203,134,,
AR01320432650854334465,Duolingo Inc,CR09046243823176384513,Image,loser,2026-06-03,2026-06-15,False,135,12,299,204,135,,
AR01320432650854334465,Duolingo Inc,CR12542398114662711297,Image,undecided,2026-06-03,2026-07-20,True,136,47,203,288,292,137,136
AR01320432650854334465,Duolingo Inc,CR09110127630593556481,YouTubeVideo,loser,2026-06-03,2026-06-15,False,136,12,301,206,136,,
AR01320432650854334465,Duolingo Inc,CR12659402996719812609,YouTubeVideo,undecided,2026-06-03,2026-07-20,True,137,47,204,289,293,138,137
AR01320432650854334465,Duolingo Inc,CR09173209498897088513,YouTubeVideo,loser,2026-06-03,2026-06-15,False,137,12,304,208,137,,
AR01320432650854334465,Duolingo Inc,CR12743741792042614785,Image,undecided,2026-06-03,2026-07-20,True,138,47,206,291,295,139,138
AR01320432650854334465,Duolingo Inc,CR18156208098983804929,Image,undecided,2026-06-15,2026-07-20,True,138,35,,,138,211,210
AR01320432650854334465,Duolingo Inc,CR12753894673823563777,YouTubeVideo,undecided,2026-06-03,2026-07-20,True,139,47,207,292,296,140,139
AR01320432650854334465,Duolingo Inc,CR09207456520143372289,Image,loser,2026-06-03,2026-06-15,False,139,12,305,209,139,,
AR01320432650854334465,Duolingo Inc,CR12769296933353160705,Image,undecided,2026-06-03,2026-07-20,True,140,47,209,293,297,141,140
AR01320432650854334465,Duolingo Inc,CR09313024514176581633,Image,loser,2026-06-03,2026-06-15,False,140,12,308,210,140,,
AR01320432650854334465,Duolingo Inc,CR09373804932844486657,YouTubeVideo,loser,2026-06-03,2026-06-15,False,141,12,313,213,141,,
AR01320432650854334465,Duolingo Inc,CR12863802955647680513,YouTubeVideo,undecided,2026-06-03,2026-07-20,True,142,47,211,297,301,143,142
AR01320432650854334465,Duolingo Inc,CR09669012053871820801,YouTubeVideo,loser,2026-06-03,2026-06-15,False,142,12,314,217,142,,
AR01320432650854334465,Duolingo Inc,CR12912006576201531393,YouTubeVideo,undecided,2026-06-03,2026-07-20,True,143,47,213,298,302,144,143
AR01320432650854334465,Duolingo Inc,CR09879615947029872641,Image,loser,2026-06-03,2026-06-15,False,143,12,315,220,143,,
AR01320432650854334465,Duolingo Inc,CR09904629870921515009,Image,loser,2026-06-03,2026-06-15,False,144,12,316,222,144,,
AR01320432650854334465,Duolingo Inc,CR09919917480594112513,Image,loser,2026-06-03,2026-06-15,False,145,12,317,223,145,,
AR01320432650854334465,Duolingo Inc,CR13257516216760664065,Image,undecided,2026-06-03,2026-07-20,True,146,47,215,301,306,147,146
AR01320432650854334465,Duolingo Inc,CR09930385982341775361,YouTubeVideo,loser,2026-06-03,2026-06-15,False,146,12,318,224,146,,
AR01320432650854334465,Duolingo Inc,CR13357102360732631041,Image,undecided,2026-06-03,2026-07-20,True,147,47,216,303,308,148,147
AR01320432650854334465,Duolingo Inc,CR09952450483471777793,Image,loser,2026-06-03,2026-06-15,False,147,12,319,225,147,,
AR01320432650854334465,Duolingo Inc,CR13388207338523983873,Image,undecided,2026-06-03,2026-07-20,True,148,47,217,304,309,149,148
AR01320432650854334465,Duolingo Inc,CR10127300560597024769,Image,loser,2026-06-03,2026-06-15,False,148,12,320,228,148,,
AR01320432650854334465,Duolingo Inc,CR13524496125523918849,YouTubeVideo,undecided,2026-06-03,2026-07-20,True,149,47,218,307,312,150,149
AR01320432650854334465,Duolingo Inc,CR10213188705242316801,YouTubeVideo,loser,2026-06-03,2026-06-15,False,149,12,321,230,149,,
AR01320432650854334465,Duolingo Inc,CR13542136251993292801,YouTubeVideo,undecided,2026-06-03,2026-07-20,True,150,47,219,308,313,151,150
AR01320432650854334465,Duolingo Inc,CR10370041099870797825,YouTubeVideo,loser,2026-06-03,2026-06-15,False,150,12,322,234,150,,
AR01320432650854334465,Duolingo Inc,CR13560614326582116353,Image,undecided,2026-06-03,2026-07-20,True,151,47,221,309,314,152,151
AR01320432650854334465,Duolingo Inc,CR10607105650884345857,Image,loser,2026-06-03,2026-06-15,False,151,12,323,237,151,,
AR01320432650854334465,Duolingo Inc,CR13615593412664229889,YouTubeVideo,undecided,2026-06-03,2026-07-20,True,152,47,223,311,316,153,152
AR01320432650854334465,Duolingo Inc,CR10767890362950221825,YouTubeVideo,loser,2026-06-03,2026-06-15,False,152,12,324,238,152,,
AR01320432650854334465,Duolingo Inc,CR13712223992071323649,Image,undecided,2026-06-03,2026-07-20,True,153,47,225,313,318,154,153
AR01320432650854334465,Duolingo Inc,CR10801463641266716673,YouTubeVideo,loser,2026-06-03,2026-06-15,False,153,12,325,239,153,,
AR01320432650854334465,Duolingo Inc,CR13972041338493861889,YouTubeVideo,undecided,2026-06-03,2026-07-20,True,154,47,226,316,321,155,154
AR01320432650854334465,Duolingo Inc,CR10851844329203302401,Image,loser,2026-06-03,2026-06-15,False,154,12,326,241,154,,
AR01320432650854334465,Duolingo Inc,CR13978443863421878273,Image,undecided,2026-06-03,2026-07-20,True,155,47,228,317,322,156,155
AR01320432650854334465,Duolingo Inc,CR10948722848482459649,Image,loser,2026-06-03,2026-06-15,False,155,12,327,245,155,,
AR01320432650854334465,Duolingo Inc,CR14093348600960516097,YouTubeVideo,undecided,2026-06-03,2026-07-20,True,156,47,230,322,326,157,156
AR01320432650854334465,Duolingo Inc,CR10970625824482394113,YouTubeVideo,loser,2026-06-03,2026-06-15,False,156,12,328,246,156,,
AR01320432650854334465,Duolingo Inc,CR14098023449523912705,Image,undecided,2026-06-03,2026-07-20,True,157,47,231,323,327,158,157
AR01320432650854334465,Duolingo Inc,CR10989176320809762817,Image,loser,2026-06-03,2026-06-15,False,157,12,329,247,157,,
AR01320432650854334465,Duolingo Inc,CR14121301622512418817,Image,undecided,2026-06-03,2026-07-20,True,158,47,232,324,328,159,158
AR01320432650854334465,Duolingo Inc,CR11071163947955519489,Image,loser,2026-06-03,2026-06-15,False,158,12,330,250,158,,
AR01320432650854334465,Duolingo Inc,CR11212286402819522561,Image,loser,2026-06-03,2026-06-15,False,159,12,331,251,159,,
AR01320432650854334465,Duolingo Inc,CR14263880732714729473,YouTubeVideo,undecided,2026-06-03,2026-07-20,True,160,47,235,327,332,161,160
AR01320432650854334465,Duolingo Inc,CR11259239019659132929,Image,loser,2026-06-03,2026-06-15,False,160,12,332,253,160,,
AR01320432650854334465,Duolingo Inc,CR14333273969560387585,YouTubeVideo,undecided,2026-06-03,2026-07-20,True,161,47,236,328,333,162,161
AR01320432650854334465,Duolingo Inc,CR11338527431658045441,YouTubeVideo,loser,2026-06-03,2026-06-15,False,161,12,333,255,161,,
AR01320432650854334465,Duolingo Inc,CR14457736933477974017,YouTubeVideo,undecided,2026-06-03,2026-07-20,True,162,47,238,331,336,163,162
AR01320432650854334465,Duolingo Inc,CR11432953335632625665,Image,loser,2026-06-03,2026-06-15,False,162,12,334,256,162,,
AR01320432650854334465,Duolingo Inc,CR11439713158889996289,Image,loser,2026-06-03,2026-06-15,False,163,12,335,257,163,,
AR01320432650854334465,Duolingo Inc,CR14512574792445460481,Image,undecided,2026-06-03,2026-07-20,True,164,47,240,333,339,165,164
AR01320432650854334465,Duolingo Inc,CR11536035127717003265,Image,loser,2026-06-03,2026-06-15,False,164,12,336,259,164,,
AR01320432650854334465,Duolingo Inc,CR11568858504743616513,Image,loser,2026-06-03,2026-06-15,False,165,12,338,260,165,,
AR01320432650854334465,Duolingo Inc,CR11635652289942781953,Image,loser,2026-06-03,2026-06-15,False,166,12,339,262,166,,
AR01320432650854334465,Duolingo Inc,CR14698326243892264961,YouTubeVideo,undecided,2026-06-03,2026-07-20,True,167,47,244,334,341,168,167
AR01320432650854334465,Duolingo Inc,CR11780639184581033985,Image,loser,2026-06-03,2026-06-15,False,167,12,340,263,167,,
AR01320432650854334465,Duolingo Inc,CR14747712157273554945,Image,undecided,2026-06-03,2026-07-20,True,168,47,245,336,343,169,168
AR01320432650854334465,Duolingo Inc,CR11804142516935065601,Image,loser,2026-06-03,2026-06-15,False,168,12,341,264,168,,
AR01320432650854334465,Duolingo Inc,CR14764325777969250305,Image,undecided,2026-06-03,2026-07-20,True,169,47,246,337,344,170,169
AR01320432650854334465,Duolingo Inc,CR11946280611305488385,Image,loser,2026-06-03,2026-06-15,False,169,12,342,265,169,,
AR01320432650854334465,Duolingo Inc,CR12073527658923687937,YouTubeVideo,loser,2026-06-03,2026-06-15,False,170,12,343,269,170,,
AR01320432650854334465,Duolingo Inc,CR14889223220778500097,Image,undecided,2026-06-03,2026-07-20,True,171,47,248,341,347,172,171
AR01320432650854334465,Duolingo Inc,CR12082378504188985345,YouTubeVideo,loser,2026-06-03,2026-06-15,False,171,12,344,270,171,,
AR01320432650854334465,Duolingo Inc,CR14911460577162297345,Image,undecided,2026-06-03,2026-07-20,True,172,47,249,342,348,173,172
AR01320432650854334465,Duolingo Inc,CR12093927018412900353,Image,loser,2026-06-03,2026-06-15,False,172,12,345,272,172,,
AR01320432650854334465,Duolingo Inc,CR14950572808512471041,YouTubeVideo,undecided,2026-06-03,2026-07-20,True,173,47,250,343,349,174,173
AR01320432650854334465,Duolingo Inc,CR12122115155064520705,Image,loser,2026-06-03,2026-06-15,False,173,12,347,273,173,,
AR01320432650854334465,Duolingo Inc,CR14964264038970687489,Image,undecided,2026-06-03,2026-07-20,True,174,47,253,344,350,175,174
AR01320432650854334465,Duolingo Inc,CR12236307623816724481,Image,loser,2026-06-03,2026-06-15,False,174,12,348,275,174,,
AR01320432650854334465,Duolingo Inc,CR15062215913526788097,Image,undecided,2026-06-03,2026-07-20,True,175,47,255,345,351,176,175
AR01320432650854334465,Duolingo Inc,CR12251326437256069121,Image,loser,2026-06-03,2026-06-15,False,175,12,349,276,175,,
AR01320432650854334465,Duolingo Inc,CR15087245196221480961,YouTubeVideo,undecided,2026-06-03,2026-07-20,True,176,47,257,346,352,177,176
AR01320432650854334465,Duolingo Inc,CR12291604107982012417,YouTubeVideo,loser,2026-06-03,2026-06-15,False,176,12,350,279,176,,
AR01320432650854334465,Duolingo Inc,CR15124672915628359681,YouTubeVideo,undecided,2026-06-03,2026-07-20,True,177,47,259,347,353,178,177
AR01320432650854334465,Duolingo Inc,CR12300664204053970945,Image,loser,2026-06-03,2026-06-15,False,177,12,351,280,177,,
AR01320432650854334465,Duolingo Inc,CR15129272378925776897,YouTubeVideo,undecided,2026-06-03,2026-07-20,True,178,47,261,348,354,179,178
AR01320432650854334465,Duolingo Inc,CR12304467620932878337,Image,loser,2026-06-03,2026-06-15,False,178,12,352,281,178,,
AR01320432650854334465,Duolingo Inc,CR15197344586910400513,YouTubeVideo,undecided,2026-06-03,2026-07-20,True,179,47,262,349,355,180,179
AR01320432650854334465,Duolingo Inc,CR12349873362351161345,Image,loser,2026-06-03,2026-06-15,False,179,12,353,282,179,,
AR01320432650854334465,Duolingo Inc,CR15273935123792265217,Image,undecided,2026-06-03,2026-07-20,True,180,47,263,351,357,181,180
AR01320432650854334465,Duolingo Inc,CR12400953958158303233,YouTubeVideo,loser,2026-06-03,2026-06-15,False,180,12,354,283,180,,
AR01320432650854334465,Duolingo Inc,CR15318706137763676161,YouTubeVideo,undecided,2026-06-03,2026-07-20,True,181,47,265,352,358,182,181
AR01320432650854334465,Duolingo Inc,CR12482092727967678465,YouTubeVideo,loser,2026-06-03,2026-06-15,False,181,12,356,287,181,,
AR01320432650854334465,Duolingo Inc,CR12697261329547788289,Image,loser,2026-06-03,2026-06-15,False,182,12,357,290,182,,
AR01320432650854334465,Duolingo Inc,CR15402426870112714753,YouTubeVideo,undecided,2026-06-03,2026-07-20,True,183,47,269,353,360,184,183
AR01320432650854334465,Duolingo Inc,CR12809351368858927105,Image,loser,2026-06-03,2026-06-15,False,183,12,358,294,183,,
AR01320432650854334465,Duolingo Inc,CR12812375197634002945,YouTubeVideo,loser,2026-06-03,2026-06-15,False,184,12,359,295,184,,
AR01320432650854334465,Duolingo Inc,CR15612273062320275457,YouTubeVideo,undecided,2026-06-03,2026-07-20,True,185,47,271,355,362,186,185
AR01320432650854334465,Duolingo Inc,CR12844041441751597057,Image,loser,2026-06-03,2026-06-15,False,185,12,360,296,185,,
AR01320432650854334465,Duolingo Inc,CR13148362689539473409,Image,loser,2026-06-03,2026-06-15,False,186,12,361,300,186,,
AR01320432650854334465,Duolingo Inc,CR15930982252981256193,YouTubeVideo,undecided,2026-06-03,2026-07-20,True,187,47,273,362,370,188,187
AR01320432650854334465,Duolingo Inc,CR13314451892374339585,Image,loser,2026-06-03,2026-06-15,False,187,12,362,302,187,,
AR01320432650854334465,Duolingo Inc,CR16014139614470078465,YouTubeVideo,undecided,2026-06-03,2026-07-20,True,188,47,274,364,372,189,188
AR01320432650854334465,Duolingo Inc,CR13461733673938190337,Image,loser,2026-06-03,2026-06-15,False,188,12,363,305,188,,
AR01320432650854334465,Duolingo Inc,CR16058041739377639425,Image,undecided,2026-06-03,2026-07-20,True,189,47,276,365,373,190,189
AR01320432650854334465,Duolingo Inc,CR13516275463630094337,Image,loser,2026-06-03,2026-06-15,False,189,12,364,306,189,,
AR01320432650854334465,Duolingo Inc,CR16167130962348474369,YouTubeVideo,undecided,2026-06-03,2026-07-20,True,190,47,277,369,377,191,190
AR01320432650854334465,Duolingo Inc,CR13593416306081660929,Image,loser,2026-06-03,2026-06-15,False,190,12,366,310,190,,
AR01320432650854334465,Duolingo Inc,CR16328759918955855873,Image,undecided,2026-06-03,2026-07-20,True,191,47,278,371,379,192,191
AR01320432650854334465,Duolingo Inc,CR13662579023442608129,YouTubeVideo,loser,2026-06-03,2026-06-15,False,191,12,367,312,191,,
AR01320432650854334465,Duolingo Inc,CR16651913258306895873,YouTubeVideo,undecided,2026-06-03,2026-07-20,True,192,47,279,373,381,193,192
AR01320432650854334465,Duolingo Inc,CR13723310548202815489,Image,loser,2026-06-03,2026-06-15,False,192,12,368,314,192,,
AR01320432650854334465,Duolingo Inc,CR16652154781497819137,YouTubeVideo,undecided,2026-06-03,2026-07-20,True,193,47,281,374,382,194,193
AR01320432650854334465,Duolingo Inc,CR13815933476446142465,YouTubeVideo,loser,2026-06-03,2026-06-15,False,193,12,369,315,193,,
AR01320432650854334465,Duolingo Inc,CR16716632436863139841,Image,undecided,2026-06-03,2026-07-20,True,194,47,283,376,384,195,194
AR01320432650854334465,Duolingo Inc,CR13983462524117319681,Image,loser,2026-06-03,2026-06-15,False,194,12,370,318,194,,
AR01320432650854334465,Duolingo Inc,CR16860688844016582657,YouTubeVideo,undecided,2026-06-03,2026-07-20,True,195,47,285,379,387,196,195
AR01320432650854334465,Duolingo Inc,CR14027582781823909889,Image,loser,2026-06-03,2026-06-15,False,195,12,371,319,195,,
AR01320432650854334465,Duolingo Inc,CR16979506013294034945,YouTubeVideo,undecided,2026-06-03,2026-07-20,True,196,47,287,380,388,197,196
AR01320432650854334465,Duolingo Inc,CR14039297614361395201,YouTubeVideo,loser,2026-06-03,2026-06-15,False,196,12,372,320,196,,
AR01320432650854334465,Duolingo Inc,CR14173431435880300545,Image,loser,2026-06-03,2026-06-15,False,197,12,374,325,197,,
AR01320432650854334465,Duolingo Inc,CR17029122789757419521,Image,undecided,2026-06-03,2026-07-20,True,198,47,289,381,390,199,198
AR01320432650854334465,Duolingo Inc,CR14175674164723056641,Image,loser,2026-06-03,2026-06-15,False,198,12,375,326,198,,
AR01320432650854334465,Duolingo Inc,CR17141482123518017537,YouTubeVideo,undecided,2026-06-03,2026-07-20,True,199,47,290,382,391,200,199
AR01320432650854334465,Duolingo Inc,CR14353788107755618305,Image,loser,2026-06-03,2026-06-15,False,199,12,376,329,199,,
AR01320432650854334465,Duolingo Inc,CR17195655018468868097,YouTubeVideo,undecided,2026-06-03,2026-07-20,True,200,47,291,385,394,201,200
AR01320432650854334465,Duolingo Inc,CR14433771874959753217,Image,loser,2026-06-03,2026-06-15,False,200,12,377,330,200,,
AR01320432650854334465,Duolingo Inc,CR17439134721614282753,Image,undecided,2026-06-03,2026-07-20,True,201,47,292,388,397,202,201
AR01320432650854334465,Duolingo Inc,CR14458025778618564609,YouTubeVideo,loser,2026-06-03,2026-06-15,False,201,12,378,332,201,,
AR01320432650854334465,Duolingo Inc,CR17660929306680885249,YouTubeVideo,undecided,2026-06-03,2026-07-20,True,202,47,293,391,400,203,202
AR01320432650854334465,Duolingo Inc,CR14708875937701691393,Image,loser,2026-06-03,2026-06-15,False,202,12,379,335,202,,
AR01320432650854334465,Duolingo Inc,CR17717268342617669633,YouTubeVideo,undecided,2026-06-03,2026-07-20,True,203,47,295,392,401,204,203
AR01320432650854334465,Duolingo Inc,CR14787415977419079681,Image,loser,2026-06-03,2026-06-15,False,203,12,380,338,203,,
AR01320432650854334465,Duolingo Inc,CR14861807662844084225,Image,loser,2026-06-03,2026-06-15,False,204,12,381,339,204,,
AR01320432650854334465,Duolingo Inc,CR17810233090128216065,Image,undecided,2026-06-03,2026-07-20,True,205,47,297,394,404,206,205
AR01320432650854334465,Duolingo Inc,CR15252672089329500161,Image,loser,2026-06-03,2026-06-15,False,205,12,382,350,205,,
AR01320432650854334465,Duolingo Inc,CR17821800957474766849,Image,undecided,2026-06-03,2026-07-20,True,206,47,298,395,405,207,206
AR01320432650854334465,Duolingo Inc,CR15560837916962848769,Image,loser,2026-06-03,2026-06-15,False,206,12,383,354,206,,
AR01320432650854334465,Duolingo Inc,CR17915019846790152193,YouTubeVideo,undecided,2026-06-03,2026-07-20,True,207,47,300,398,408,208,207
AR01320432650854334465,Duolingo Inc,CR15636233628302704641,YouTubeVideo,loser,2026-06-03,2026-06-15,False,207,12,384,356,207,,
AR01320432650854334465,Duolingo Inc,CR18023376717707476993,YouTubeVideo,undecided,2026-06-03,2026-07-20,True,208,47,302,400,410,209,208
AR01320432650854334465,Duolingo Inc,CR15685537172801191937,Image,loser,2026-06-03,2026-06-15,False,208,12,385,357,208,,
AR01320432650854334465,Duolingo Inc,CR18027554312137211905,YouTubeVideo,undecided,2026-06-03,2026-07-20,True,209,47,303,401,411,210,209
AR01320432650854334465,Duolingo Inc,CR15754065884269772801,Image,loser,2026-06-03,2026-06-15,False,209,12,386,358,209,,
AR01320432650854334465,Duolingo Inc,CR15769365588570275841,Image,loser,2026-06-03,2026-06-15,False,210,12,387,359,210,,
AR01320432650854334465,Duolingo Inc,CR18217646274713223169,Image,undecided,2026-06-03,2026-07-20,True,211,47,306,407,418,212,211
AR01320432650854334465,Duolingo Inc,CR15799445649725849601,Image,loser,2026-06-03,2026-06-15,False,211,12,388,360,211,,
AR01320432650854334465,Duolingo Inc,CR18247574835192397825,YouTubeVideo,undecided,2026-06-03,2026-07-20,True,212,47,307,409,420,213,212
AR01320432650854334465,Duolingo Inc,CR15807358937990168577,Image,loser,2026-06-03,2026-06-15,False,212,12,389,361,212,,
AR01320432650854334465,Duolingo Inc,CR18253761168646602753,Image,undecided,2026-06-03,2026-07-20,True,213,47,309,410,421,214,213
AR01320432650854334465,Duolingo Inc,CR15932137702263095297,Image,loser,2026-06-03,2026-06-15,False,213,12,390,363,213,,
AR01320432650854334465,Duolingo Inc,CR18337398930817417217,Unknown,undecided,2026-06-03,2026-07-20,True,214,47,310,411,422,215,214
AR01320432650854334465,Duolingo Inc,CR16079470319059861505,YouTubeVideo,loser,2026-06-03,2026-06-15,False,214,12,391,366,214,,
AR01320432650854334465,Duolingo Inc,CR18342870616073306113,Image,undecided,2026-06-03,2026-07-20,True,215,47,311,412,423,216,215
AR01320432650854334465,Duolingo Inc,CR16090918073351012353,Image,loser,2026-06-03,2026-06-15,False,215,12,392,367,215,,
AR01320432650854334465,Duolingo Inc,CR18360220282494386177,Image,undecided,2026-06-03,2026-07-20,True,216,47,312,413,424,217,216
AR01320432650854334465,Duolingo Inc,CR16107833475628793857,Image,loser,2026-06-03,2026-06-15,False,216,12,393,368,216,,
AR01320432650854334465,Duolingo Inc,CR16197097911245340673,Image,loser,2026-06-03,2026-06-15,False,217,12,394,370,217,,
AR01320432650854334465,Duolingo Inc,CR16585265785463635969,YouTubeVideo,loser,2026-06-03,2026-06-15,False,218,12,395,372,218,,
AR01320432650854334465,Duolingo Inc,CR16673899548082438145,Image,loser,2026-06-03,2026-06-15,False,219,12,396,375,219,,
AR01320432650854334465,Duolingo Inc,CR16736108060556132353,Image,loser,2026-06-03,2026-06-15,False,220,12,397,377,220,,
AR01320432650854334465,Duolingo Inc,CR16815035403244404737,Image,loser,2026-06-03,2026-06-15,False,221,12,398,378,221,,
AR01320432650854334465,Duolingo Inc,CR17153246485618360321,Image,loser,2026-06-03,2026-06-15,False,222,12,399,383,222,,
AR01320432650854334465,Duolingo Inc,CR17180384184938528769,Image,loser,2026-06-03,2026-06-15,False,223,12,400,384,223,,
AR01320432650854334465,Duolingo Inc,CR17264945408027656193,YouTubeVideo,loser,2026-06-03,2026-06-15,False,224,12,401,386,224,,
AR01320432650854334465,Duolingo Inc,CR17276803005278060545,Image,loser,2026-06-03,2026-06-15,False,225,12,402,387,225,,
AR01320432650854334465,Duolingo Inc,CR17480066541629210625,Image,loser,2026-06-03,2026-06-15,False,226,12,403,389,226,,
AR01320432650854334465,Duolingo Inc,CR17540958921504587777,Image,loser,2026-06-03,2026-06-15,False,227,12,404,390,227,,
AR01320432650854334465,Duolingo Inc,CR17807469098284613633,YouTubeVideo,loser,2026-06-03,2026-06-15,False,228,12,405,393,228,,
AR01320432650854334465,Duolingo Inc,CR17825290051467083777,Image,loser,2026-06-03,2026-06-15,False,229,12,406,396,229,,
AR01320432650854334465,Duolingo Inc,CR17842371995396734977,YouTubeVideo,loser,2026-06-03,2026-06-15,False,230,12,407,397,230,,
AR01320432650854334465,Duolingo Inc,CR17939601808640966657,Image,loser,2026-06-03,2026-06-15,False,231,12,408,399,231,,
AR01320432650854334465,Duolingo Inc,CR18037957332813479937,YouTubeVideo,loser,2026-06-03,2026-06-15,False,232,12,409,402,232,,
AR01320432650854334465,Duolingo Inc,CR18040347791351349249,Image,loser,2026-06-03,2026-06-15,False,233,12,410,403,233,,
AR01320432650854334465,Duolingo Inc,CR18064978930577702913,YouTubeVideo,loser,2026-06-03,2026-06-15,False,234,12,411,404,234,,
AR01320432650854334465,Duolingo Inc,CR18136295780196024321,YouTubeVideo,loser,2026-06-03,2026-06-15,False,235,12,412,405,235,,
AR01320432650854334465,Duolingo Inc,CR18204878951849918465,Image,loser,2026-06-03,2026-06-15,False,236,12,413,406,236,,
AR01320432650854334465,Duolingo Inc,CR18229766569343320065,YouTubeVideo,loser,2026-06-03,2026-06-15,False,237,12,414,408,237,,
AR01320432650854334465,Duolingo Inc,CR18381899705446563841,Image,loser,2026-06-03,2026-06-15,False,238,12,415,414,238,,
AR01320432650854334465,Duolingo Inc,CR18439375644996403201,YouTubeVideo,loser,2026-06-03,2026-06-15,False,239,12,416,415,239,,
AR01320432650854334465,Duolingo Inc,CR18442760972578848769,Image,loser,2026-06-03,2026-06-15,False,240,12,417,416,240,,
